scene,frame_index,n_models,signal_var,signal_std,signal_endpoint_var,loss_mean,loss_ensmean,fail_top05,fail_top10,fail_top15,fail_top20,within_scene_pct,fail_within_scene
scene-0077,0,13,4.035566534894534,2.0088719558235995,10.621160704309348,2.0603297017207036,2.049937713008355,0,0,0,0,1.0,1
scene-0077,1,13,3.330551760566415,1.8249799342914472,9.196221548097839,1.478604241678669,1.177229951516703,0,0,0,0,0.88,1
scene-0077,2,13,2.8470345514339233,1.6873157829623722,6.929003389476198,1.967347830405442,1.846878537626748,0,0,0,0,0.96,1
scene-0077,3,13,2.7849075215370296,1.6688042190553778,8.096742838370272,1.1814220197307614,0.40061602085423137,0,0,0,0,0.68,0
scene-0077,4,13,1.173154226792265,1.0831224431209359,3.6599892813124506,0.8743346280882487,0.2525894709995599,0,0,0,0,0.52,0
scene-0077,5,13,1.344458789465954,1.1595079945675038,3.42716633510931,1.0575214228279533,0.8268677965898932,0,0,0,0,0.56,0
scene-0077,6,13,1.5304839999276325,1.2371273175900823,3.93368032922551,1.349367197122858,1.3294419845330807,0,0,0,0,0.76,0
scene-0077,7,13,5.041001711095679,2.245217519773013,16.227611111038662,1.3984618904326271,0.5265650457786812,0,0,0,0,0.84,1
scene-0077,8,13,1.7276890231248185,1.3144158486281343,5.099114856845274,1.391201194836511,1.2167354710939242,0,0,0,0,0.8,1
scene-0077,9,13,0.9145928941215585,0.9563435021589045,2.1012512748418426,1.6753087547014087,1.6728704009082298,0,0,0,0,0.92,1
scene-0077,10,13,1.4945193054070172,1.2225053396231107,4.611691452494222,1.1780489190160373,0.7444972475650314,0,0,0,0,0.64,0
scene-0077,11,13,2.38849822838367,1.5454766993984963,6.762279448463763,1.106477310162814,0.42019126401192347,0,0,0,0,0.6,0
scene-0077,12,13,1.5497763147226236,1.244900122388388,4.1354571457317615,1.2131785816312406,0.8770080337531619,0,0,0,0,0.72,0
scene-0077,13,13,0.1781570315621452,0.4220865214172862,0.5329897662034127,0.41512130444287926,0.2831943380211999,0,0,0,0,0.28,0
scene-0077,14,13,0.4019763659991342,0.6340160613100698,1.2275429438288312,0.658262841900426,0.4671401840610017,0,0,0,0,0.44,0
scene-0077,15,13,0.28991245414911904,0.5384351902960273,0.827630663330247,0.504547996851848,0.29267786329613854,0,0,0,0,0.4,0
scene-0077,16,13,0.16564191159218497,0.40699129178913024,0.432083379061756,0.36095581524975684,0.17469305578722716,0,0,0,0,0.16,0
scene-0077,17,13,0.13327755669949054,0.36507198837967636,0.3549556415505901,0.3184288926752712,0.16143458586957424,0,0,0,0,0.12,0
scene-0077,18,13,0.18571621677908978,0.43094804417596533,0.6009266808654513,0.4337480904369046,0.3863478391038427,0,0,0,0,0.36,0
scene-0077,19,13,0.11957411130292055,0.34579489773986044,0.38237705752994455,0.4286235297994244,0.3436312143554748,0,0,0,0,0.32,0
scene-0077,20,13,0.0977350624156672,0.3126260744334471,0.29709965843772107,0.39927765868158266,0.3301055402969657,0,0,0,0,0.24,0
scene-0077,21,13,0.010575481513754861,0.10283716017935764,0.031852986690693245,0.3899843432455305,0.38489999609228454,0,0,0,0,0.2,0
scene-0077,22,13,0.1148057154770206,0.3388299211655025,0.273024480426498,0.28618308976614065,0.10186183189165914,0,0,0,0,0.08,0
scene-0077,23,13,0.06803619147443069,0.26083748096167214,0.16182983671163964,0.27227155791056246,0.20068338061155658,0,0,0,0,0.04,0
scene-0077,24,13,0.04128430360269608,0.2031853921981009,0.1151203283247207,0.2653524980942609,0.2401648056634552,0,0,0,0,0.0,0
scene-0077,25,13,6.346962523546254,2.5193178686990363,24.148348974332052,0.7897718954556366,0.6708338852794854,0,0,0,0,0.48,0
scene-0078,0,13,4.249829714856896,2.06151151218151,14.848315513404438,1.4527077011831744,0.33288207929412683,0,0,0,0,0.08333333333333333,0
scene-0078,1,13,12.592329263315088,3.5485672127374293,40.1487892303102,2.2589217604137777,1.0457700471688458,0,0,0,1,0.20833333333333334,0
scene-0078,2,13,14.578218232059953,3.818143296428246,46.93794580665507,2.7194258317789965,1.0334191784980156,0,1,1,1,0.75,0
scene-0078,3,13,13.216341248230554,3.6354286196032723,40.817011496581316,2.5523660251101385,0.5310081830052569,0,0,1,1,0.5,0
scene-0078,4,13,13.0518918197998,3.6127402092871,39.86941053735531,2.67985009311928,0.3573608689280498,0,1,1,1,0.7083333333333334,0
scene-0078,5,13,11.61739518766352,3.4084300180088074,36.75249715385541,2.554416505852195,0.26526815597865777,0,0,1,1,0.5416666666666666,0
scene-0078,6,13,11.89185947036715,3.4484575494512253,36.35261787415926,2.616944953536309,0.5781873403165073,0,1,1,1,0.5833333333333334,0
scene-0078,7,13,8.561952035657907,2.926081344675487,26.337876989403867,2.296153314540113,0.6979132782254621,0,0,0,1,0.2916666666666667,0
scene-0078,8,13,8.952913464861894,2.99214195265898,26.284046978936114,2.285569667093485,0.6578875035262944,0,0,0,1,0.25,0
scene-0078,9,13,9.722170374688085,3.118039508198715,27.48393628470898,2.3002798799697413,0.7811351249485664,0,0,1,1,0.3333333333333333,0
scene-0078,10,13,8.137700806913914,2.8526655617008303,20.97488378002344,2.66551638939436,2.2473486737252064,0,1,1,1,0.6666666666666666,0
scene-0078,11,13,9.325948062282121,3.0538415254040476,25.051348529130927,2.373043785432875,2.089020788828511,0,0,1,1,0.4166666666666667,0
scene-0078,12,13,5.972192752247822,2.443807020255041,13.908942636266163,3.3968837640082157,3.3961627281628872,1,1,1,1,1.0,1
scene-0078,13,13,7.146809150638254,2.6733516698403625,16.779970937935296,3.33013559153513,3.3293625279999293,1,1,1,1,0.9583333333333334,1
scene-0078,14,13,6.7006572431985445,2.588562775595474,16.36118020238442,3.2125165084636653,3.212165165407427,1,1,1,1,0.9166666666666666,1
scene-0078,15,13,8.061568288192909,2.8392901028589717,19.84279995247343,3.0782770800654857,3.077684497508528,1,1,1,1,0.875,1
scene-0078,16,13,4.7399218171795265,2.1771361503542965,8.603007130253339,2.8056926820663253,2.8000693804957435,0,1,1,1,0.7916666666666666,0
scene-0078,17,13,6.49742560936165,2.549004827253501,14.153066402246187,2.6394661559032144,2.5185762611173104,0,1,1,1,0.625,0
scene-0078,18,13,2.4976343272383525,1.580390561613917,4.918502625798395,1.5855485717484281,1.2175318895815963,0,0,0,0,0.16666666666666666,0
scene-0078,19,13,2.6542163580606677,1.629176588973911,6.5562747485404405,1.2892873524365558,0.48607831127888623,0,0,0,0,0.041666666666666664,0
scene-0078,20,13,1.688491149610721,1.2994195433387636,4.268454660415494,1.0816606802423776,0.5073149272352212,0,0,0,0,0.0,0
scene-0078,21,13,1.4347659265607724,1.1978171507207485,4.388040582219376,1.5516286064337081,1.5181104658393159,0,0,0,0,0.125,0
scene-0078,22,13,3.6487960276984244,1.910182197513741,11.408713591514328,2.369610384062825,2.099620211645624,0,0,1,1,0.375,0
scene-0078,23,13,5.694028734174027,2.3862164055621666,17.09939333662571,2.4910231650748735,2.1568711924767343,0,0,1,1,0.4583333333333333,0
scene-0078,24,13,5.776749268522747,2.403486897930327,15.895475441597416,2.8194990951013845,2.692372205223547,0,1,1,1,0.8333333333333334,1
scene-0079,0,13,0.17164456652348678,0.41430009235273746,0.5067622623633506,0.9941271835653231,0.9809477510244604,0,0,0,0,0.28,0
scene-0079,1,13,0.24209352270827003,0.49203000183756074,0.7664568076963221,0.6294262305274152,0.5758670417224145,0,0,0,0,0.16,0
scene-0079,2,13,0.18738876468691815,0.4328842393607304,0.539288831519744,0.56326542897164,0.5221189328447458,0,0,0,0,0.12,0
scene-0079,3,13,0.21021787277152373,0.45849522655260405,0.5382956096729274,0.3873071610416426,0.18530973502161338,0,0,0,0,0.0,0
scene-0079,4,13,1.118285476244068,1.0574901778475618,3.4855577618900733,0.8975860674246667,0.5267574836391783,0,0,0,0,0.24,0
scene-0079,5,13,0.35438102988287357,0.5952991095935501,1.0675688333930788,0.5401104947084773,0.33762484925548925,0,0,0,0,0.08,0
scene-0079,6,13,0.17321126748860427,0.41618657773720225,0.5199775171496896,0.47754759782653405,0.3689397868783055,0,0,0,0,0.04,0
scene-0079,7,13,0.04280538705733088,0.206894627908341,0.14543755424375332,0.8570906992771904,0.8473958010085995,0,0,0,0,0.2,0
scene-0079,8,13,0.13957030715075303,0.3735910961877344,0.39295378882704873,1.0059177562773747,0.9847833423690348,0,0,0,0,0.32,0
scene-0079,9,13,0.08886905816348667,0.2981091380073524,0.28802749667070515,1.497128667998454,1.4927043116807803,0,0,0,0,0.72,0
scene-0079,10,13,0.6378160572251597,0.7986338693200782,2.5837435245227804,1.3844032736812104,1.2626919997800365,0,0,0,0,0.56,0
scene-0079,11,13,0.572574621905078,0.7566866074571943,1.87318399312712,1.5438878800603935,1.4389349756053065,0,0,0,0,0.76,0
scene-0079,12,13,0.03892140670874302,0.19728508993013896,0.1283559058143016,1.3005063720614003,1.296753385903442,0,0,0,0,0.52,0
scene-0079,13,13,1.1415329953603832,1.0684254748743045,3.964811881392241,1.2654697078664108,1.1335212833771842,0,0,0,0,0.48,0
scene-0079,14,13,0.4821678293488312,0.6943830566400877,1.4766145104343198,1.2070263551249172,1.1275357967553712,0,0,0,0,0.44,0
scene-0079,15,13,0.5043377582127482,0.7101674156230685,1.6417125124896175,1.1486655163672528,1.053997851244741,0,0,0,0,0.36,0
scene-0079,16,13,4.2241531168349296,2.055274462653329,13.14715250129701,1.4397206147470774,1.0935210882578315,0,0,0,0,0.64,0
scene-0079,17,13,6.043839506601938,2.4584221579301504,18.403751117372995,1.6055804449924642,1.3461035477529322,0,0,0,0,0.84,1
scene-0079,18,13,1.716963382153016,1.3103294937354557,4.902289730694759,1.1896841939608782,1.007997570358508,0,0,0,0,0.4,0
scene-0079,19,13,2.740088477979223,1.6553212612599473,8.94031966842286,1.5814251159972887,1.3661777615223907,0,0,0,0,0.8,1
scene-0079,20,13,0.27000845721678535,0.5196233801675838,0.8645742264134616,1.4205629721370674,1.3785770472008438,0,0,0,0,0.6,0
scene-0079,21,13,3.929235414901201,1.9822299096979648,12.93634223750203,1.711364520744598,1.4354798908327158,0,0,0,0,0.88,1
scene-0079,22,13,3.4386786461252274,1.8543674517541628,11.322370532174325,1.9494892608841532,1.7359743659224869,0,0,0,0,0.92,1
scene-0079,23,13,7.3309021565393495,2.7075638785704297,23.69634991626946,2.1935570057260323,1.7962546893875573,0,0,0,1,1.0,1
scene-0079,24,13,2.7111057371539524,1.6465435728075806,8.741340784054586,1.4523514635233636,1.1529620858132583,0,0,0,0,0.68,0
scene-0079,25,13,7.629133028953068,2.7620885266321693,25.36605071997943,2.1843843783373185,1.7041562686350835,0,0,0,1,0.96,1
scene-0080,0,13,6.131584325687498,2.4762036115165285,19.655527852165573,1.126247751473811,0.5496343592114957,0,0,0,0,0.6666666666666666,0
scene-0080,1,13,0.8376830810579969,0.9152502832875808,2.644144048074862,0.823244038266749,0.646563531702431,0,0,0,0,0.5833333333333334,0
scene-0080,2,13,0.10615936362287236,0.3258210607417396,0.3952867661077261,0.6070125691509232,0.5769063155655374,0,0,0,0,0.2916666666666667,0
scene-0080,3,13,0.2076254825762364,0.4556593931614231,0.6980137395799837,0.6998420957296929,0.6715301453370334,0,0,0,0,0.375,0
scene-0080,4,13,0.12574726440403014,0.35460860734622635,0.39785594440973604,0.6043828015968272,0.5617198148155647,0,0,0,0,0.25,0
scene-0080,5,13,0.40129019630066365,0.6334747006003189,1.0833049695827635,0.517697104751371,0.13900457513677503,0,0,0,0,0.16666666666666666,0
scene-0080,6,13,2.014388119576965,1.4192914146069386,6.2244651241213145,0.7845344687967266,0.4693367507566424,0,0,0,0,0.5416666666666666,0
scene-0080,7,13,1.4067298206227032,1.1860564154468805,4.472706406197411,0.506451515270567,0.352627758950437,0,0,0,0,0.125,0
scene-0080,8,13,0.2623857704361473,0.5122360495280933,0.8030077227411108,0.3771138883508246,0.3051439252790949,0,0,0,0,0.041666666666666664,0
scene-0080,9,13,0.21298418964286137,0.46150210145010323,0.6963487243285379,0.37535283617491894,0.36902147655705514,0,0,0,0,0.0,0
scene-0080,10,13,0.5665610256683618,0.7527024815080403,1.8502537578429712,0.5647579134337348,0.5445143742846543,0,0,0,0,0.20833333333333334,0
scene-0080,11,13,0.2628948373144438,0.5127327152761405,0.849953522637844,0.6910258127173668,0.6716137129205485,0,0,0,0,0.3333333333333333,0
scene-0080,12,13,0.5680919576340381,0.7537187523433645,1.8623512825601862,0.7707364025254116,0.7499468397920804,0,0,0,0,0.5,0
scene-0080,13,13,1.7678360250598757,1.3295999492553674,5.490199692139205,0.750891752144175,0.29465224383484795,0,0,0,0,0.4583333333333333,0
scene-0080,14,13,0.11944928180034127,0.3456143541584193,0.33676935203397534,0.4793094798104758,0.4052330149612569,0,0,0,0,0.08333333333333333,0
scene-0080,15,13,0.2574134603300976,0.507359301018615,0.7611295270646761,0.7073863520857512,0.6859011354797652,0,0,0,0,0.4166666666666667,0
scene-0080,16,13,0.024337758348971433,0.1560056356320868,0.07139063164409494,1.0772022751271055,1.0728643004429694,0,0,0,0,0.625,0
scene-0080,17,13,0.003416614529267014,0.058451813738044214,0.00962935104517665,1.5621278733917348,1.5618543423856837,0,0,0,0,0.75,0
scene-0080,18,13,0.44151567961237914,0.6644664623684021,1.3082781026569434,1.6713621017382652,1.6702379547787605,0,0,0,0,0.7916666666666666,0
scene-0080,19,13,4.813014031058517,2.193858252271217,14.791547998929433,1.8455246740492974,1.170318245578542,0,0,0,0,0.875,1
scene-0080,20,13,4.806062594223089,2.1922733849187446,13.923711742356762,2.1072754641817046,1.5570665891366895,0,0,0,1,1.0,1
scene-0080,21,13,2.0241499000584713,1.4227262210483334,5.329852268088605,1.785266370521941,1.7510873424006606,0,0,0,0,0.8333333333333334,1
scene-0080,22,13,3.580273145369271,1.892160972372401,10.127509864632376,2.020314935434548,1.7017752641716992,0,0,0,0,0.9166666666666666,1
scene-0080,23,13,2.1115211679831853,1.4531074179093524,5.51539550617702,1.3376691638353018,1.1475549653228212,0,0,0,0,0.7083333333333334,0
scene-0080,24,13,4.653633361655601,2.15722816634115,12.905158524378836,2.0228459073610945,1.604220836760833,0,0,0,0,0.9583333333333334,1
scene-0081,0,13,16.672090886202138,4.083147179101206,50.678254632880524,1.9317272448577765,1.7404807983534434,0,0,0,0,0.4,0
scene-0081,1,13,0.6183431952662722,0.7863480115484951,2.0636094674556213,0.43156261337069357,0.17568672240002056,0,0,0,0,0.0,0
scene-0081,2,13,14.45075197238659,3.801414469955439,43.082840236686394,1.9016711219323066,1.0247091394756411,0,0,0,0,0.36,0
scene-0081,3,13,5.941321499013807,2.4374826151203224,19.02015532544379,1.7112594130576062,0.23666542116454767,0,0,0,0,0.2,0
scene-0081,4,13,14.96856755424063,3.8689233068439894,50.29178994082841,2.504792294528122,0.15190202164968822,0,0,1,1,0.64,0
scene-0081,5,13,4.753479475345167,2.1802475720305634,16.234196307692304,1.7047858474989552,0.9811979971523274,0,0,0,0,0.16,0
scene-0081,6,13,7.554199640202192,2.7484904293452055,24.013564905360514,2.0455411787483246,0.8411915380849123,0,0,0,0,0.48,0
scene-0081,7,13,5.332311389551905,2.309179808839473,15.559807321353851,2.2243086788298254,1.8909646310375845,0,0,0,1,0.56,0
scene-0081,8,13,4.532006356366668,2.12885094742837,12.973495060887046,1.7713579420216712,1.4866978520433058,0,0,0,0,0.28,0
scene-0081,9,13,6.769643384433691,2.601853836101039,18.039259212496695,2.699015805242396,2.6789846540707125,0,1,1,1,0.88,1
scene-0081,10,13,7.02155693649205,2.6498220575148155,19.303998903541032,2.687169260884071,2.641334861093804,0,1,1,1,0.84,1
scene-0081,11,13,12.018373537033744,3.4667525924175413,36.22254940124442,2.843690517530931,1.9083562395920248,0,1,1,1,0.96,1
scene-0081,12,13,3.2588260854047313,1.8052218936753264,9.35171214064751,1.6382376603529176,1.3150175925698953,0,0,0,0,0.08,0
scene-0081,13,13,1.4198575280253636,1.191577747369161,4.088400904442747,1.7670826203850238,1.7576984614852107,0,0,0,0,0.24,0
scene-0081,14,13,2.3148639149045245,1.5214676844759223,6.686253483189993,1.778929066973326,1.6717719360974017,0,0,0,0,0.32,0
scene-0081,15,13,2.8690585269255497,1.693829544826028,8.617250947114055,2.036567254598156,1.9596846799543688,0,0,0,0,0.44,0
scene-0081,16,13,2.144763046535079,1.4645009547743828,6.575586328798004,1.2373036831544466,0.7591427764053879,0,0,0,0,0.04,0
scene-0081,17,13,1.0612243071946044,1.0301574186475602,2.864433018221086,1.6438245304942425,1.6416806058445677,0,0,0,0,0.12,0
scene-0081,18,13,3.080398773175542,1.7551064848537088,9.716145621301775,2.1505478403964164,2.050283849031613,0,0,0,1,0.52,0
scene-0081,19,13,4.9948586675721165,2.234918044934113,16.170459451400767,2.5448549774716485,2.5202702661450145,0,0,1,1,0.72,0
scene-0081,20,13,5.4013990097173945,2.324091007193435,17.177247979908056,3.095735214895367,3.0948303837846063,1,1,1,1,1.0,1
scene-0081,21,13,5.6682811852229555,2.380815235423143,18.871778896166788,2.8411426712888934,2.835029742569397,0,1,1,1,0.92,1
scene-0081,22,13,6.142697461188601,2.478446582274591,19.506031972873224,2.6719114978386926,2.4374090032091,0,1,1,1,0.8,1
scene-0081,23,13,10.093916275863286,3.177092424822307,30.860550460726543,2.5176728158397745,2.443451614306492,0,0,1,1,0.68,0
scene-0081,24,13,8.38837585352666,2.896269299206595,26.067899284479935,2.3938416811081384,2.095671827102066,0,0,1,1,0.6,0
scene-0081,25,13,9.568165784040248,3.0932451865379584,30.73764609812259,2.6442016645572597,2.605677413850684,0,1,1,1,0.76,0
scene-0082,0,13,0.3319767642490686,0.5761742481654908,1.141239168439341,0.7112072154487735,0.5333868659907723,0,0,0,0,0.6666666666666666,0
scene-0082,1,13,0.2817876394956058,0.5308367352544526,0.8198616669019453,1.692973517024784,1.6765021550027714,0,0,0,0,1.0,1
scene-0082,2,13,0.2781090793242336,0.5273604832789746,0.8326514548711719,0.6941077855058336,0.6506493009785153,0,0,0,0,0.625,0
scene-0082,3,13,0.34126314368455857,0.5841773221245058,0.9694512257769958,0.5492286644563603,0.449214594665509,0,0,0,0,0.3333333333333333,0
scene-0082,4,13,0.2776662295491827,0.5269404421271751,0.7814463153137244,0.4965029193149912,0.35611825242633577,0,0,0,0,0.16666666666666666,0
scene-0082,5,13,0.14652858323763152,0.38279052135290853,0.37571350111191215,0.6611334163134036,0.6370939058029312,0,0,0,0,0.5833333333333334,0
scene-0082,6,13,0.5200576764803101,0.7211502454276155,1.6819364877661445,0.5320750800209533,0.19669995600151088,0,0,0,0,0.20833333333333334,0
scene-0082,7,13,0.4195157258105846,0.6477003364292662,1.3464807160797376,0.3925802392141002,0.16779056662763014,0,0,0,0,0.041666666666666664,0
scene-0082,8,13,0.21855859412249914,0.4675025070761644,0.7102150177077474,0.34123782080661624,0.23911528794042566,0,0,0,0,0.0,0
scene-0082,9,13,0.31833379591965333,0.5642107726015636,1.0526805154520975,0.4414560659934658,0.2635613219729886,0,0,0,0,0.08333333333333333,0
scene-0082,10,13,0.16348113080985818,0.4043279990426809,0.5153106081180533,0.5417006917615617,0.4593582542485901,0,0,0,0,0.2916666666666667,0
scene-0082,11,13,0.6656946444076545,0.8159011241612886,2.1312391730982805,0.632888624144457,0.4037637154827016,0,0,0,0,0.5416666666666666,0
scene-0082,12,13,1.5908167266484199,1.2612758328963654,4.199372943699283,0.9919292001694034,0.5000027106685265,0,0,0,0,0.7916666666666666,0
scene-0082,13,13,0.1530285169991484,0.39118859518031507,0.49034746964981424,1.0229474662878775,0.9735070486727205,0,0,0,0,0.8333333333333334,1
scene-0082,14,13,1.1980641096928186,1.0945611493620713,3.8142370188747066,0.8166217872845224,0.692439999165117,0,0,0,0,0.75,0
scene-0082,15,13,0.7045427848332316,0.8393704693597647,2.183802185290109,0.5406574729746433,0.29542214889010077,0,0,0,0,0.25,0
scene-0082,16,13,0.28227314516834884,0.5312938407024392,0.885376255737888,0.4789974874057675,0.2933256005301552,0,0,0,0,0.125,0
scene-0082,17,13,0.9519214838136815,0.9756646369596889,3.1296940936009525,0.7481999176922339,0.3237512039810345,0,0,0,0,0.7083333333333334,0
scene-0082,18,13,2.3483470220524034,1.5324317348751308,7.661594685244113,1.024206404259366,0.43994435037010593,0,0,0,0,0.875,1
scene-0082,19,13,7.692111930515828,2.773465689442692,24.35608336945065,1.5499150039264598,0.4736477434349058,0,0,0,0,0.9583333333333334,1
scene-0082,20,13,0.8468560680425067,0.9202478296863876,2.6221965544784216,0.6163219736357597,0.2532945749331503,0,0,0,0,0.4583333333333333,0
scene-0082,21,13,0.8536222045584339,0.9239167736102825,2.6355086153151515,0.6201442167153925,0.3558169743382215,0,0,0,0,0.5,0
scene-0082,22,13,0.45284173067572037,0.6729351608258558,1.3518531642022573,0.5988200163595006,0.48040723930991075,0,0,0,0,0.375,0
scene-0082,23,13,0.693839679668072,0.8329703954331582,2.1802787804044605,0.6093626246900083,0.5694916706624878,0,0,0,0,0.4166666666666667,0
scene-0082,24,13,5.690432718367007,2.38546278913904,18.500474486571655,1.1824276721724263,1.166091584630973,0,0,0,0,0.9166666666666666,1
scene-0083,0,13,1.0389005700637584,1.019264720307614,2.9523363825915605,1.905604439288602,1.8733751406906578,0,0,0,0,0.64,0
scene-0083,1,13,1.9253093417472738,1.3875551671004918,6.112147967520522,2.1855691046749195,2.162990844690424,0,0,0,1,0.88,1
scene-0083,2,13,2.060987643247801,1.4356140300400386,5.344958793633553,3.0769897305162166,3.0687027099969377,1,1,1,1,1.0,1
scene-0083,3,13,4.710735560952006,2.1704228991033077,11.694188833735732,2.6979908285779333,2.683840782253315,0,1,1,1,0.96,1
scene-0083,4,13,7.0613694853108955,2.657323744919105,15.767746328418081,1.9683570445620262,1.5992818965144133,0,0,0,0,0.68,0
scene-0083,5,13,7.274571211332468,2.6971413035531655,15.094785316206442,1.8635886840603482,1.0093006486332547,0,0,0,0,0.6,0
scene-0083,6,13,6.206345875981847,2.4912538762602754,13.52006358639599,1.709917425610584,0.9061742197275998,0,0,0,0,0.52,0
scene-0083,7,13,8.17141993327896,2.8585695606857215,19.685534616897165,2.169351516561333,1.4788264320602902,0,0,0,1,0.84,1
scene-0083,8,13,4.42121280336445,2.102668020245814,10.701564600177882,1.318427122245592,0.6367287618257279,0,0,0,0,0.4,0
scene-0083,9,13,1.3780873736609764,1.1739196623538497,3.2964533486532184,0.9055684516634123,0.21485443474380037,0,0,0,0,0.24,0
scene-0083,10,13,1.0297729499594164,1.014777290817752,2.209443196808024,0.948313085058026,0.3878666475579117,0,0,0,0,0.28,0
scene-0083,11,13,0.674728340781221,0.8214184930845062,1.6538005524409678,0.8182512470214652,0.5338625116003551,0,0,0,0,0.16,0
scene-0083,12,13,0.562503999497653,0.750002666327029,1.3194834069238204,1.0099645623657278,0.894681038388509,0,0,0,0,0.32,0
scene-0083,13,13,0.332077192336852,0.5762613923705561,0.8630765077994627,1.731887267115554,1.6954681884440947,0,0,0,0,0.56,0
scene-0083,14,13,0.2649307101109947,0.5147142023599065,0.7209319240122419,2.0851021565423804,2.073732141378096,0,0,0,0,0.76,0
scene-0083,15,13,0.2556398105132416,0.5056083568467215,0.6930362820514089,2.336299205285992,2.336220951892184,0,0,1,1,0.92,1
scene-0083,16,13,0.5651926193059301,0.7517929364565287,1.6629908163555613,2.152428965959911,2.1523866135264917,0,0,0,1,0.8,1
scene-0083,17,13,1.0541892957981038,1.0267372087336193,2.788131527994539,2.047123830918837,2.0470865442503383,0,0,0,0,0.72,0
scene-0083,18,13,3.2556923510630136,1.8043537211597436,9.074085683188583,1.5374660020862612,1.0694596987057072,0,0,0,0,0.48,0
scene-0083,19,13,2.4016920704271834,1.5497393556424846,6.2870611569191,1.4286858885541491,1.1636935730481495,0,0,0,0,0.44,0
scene-0083,20,13,1.6358806831230808,1.2790155132456684,4.147530016779176,1.1372622966663353,0.707235084268445,0,0,0,0,0.36,0
scene-0083,21,13,1.2594226519553398,1.122240015306592,2.9646144429420858,0.8791303459821532,0.19858495371707308,0,0,0,0,0.2,0
scene-0083,22,13,0.9668109087881489,0.9832654315026786,3.122136498952968,0.5519286965699672,0.07268129039255296,0,0,0,0,0.08,0
scene-0083,23,13,0.9498901764548352,0.974623094562629,3.0174524736571167,0.6494208343067344,0.14740169710696613,0,0,0,0,0.12,0
scene-0083,24,13,0.713665426101039,0.8447872075860519,2.2678120157314354,0.5503825332865767,0.13776578086020883,0,0,0,0,0.04,0
scene-0083,25,13,0.14165529096107826,0.3763712143098596,0.4138042099925536,0.4665021756359664,0.42712087701665014,0,0,0,0,0.0,0
scene-0084,0,13,0.8413632283041134,0.9172585395100519,2.661749381626783,2.54799379245433,2.518228339414423,0,0,1,1,1.0,1
scene-0084,1,13,1.983399504328623,1.4083321711615562,5.566294759549739,2.3470524976405036,2.3038682180959333,0,0,1,1,0.9166666666666666,1
scene-0084,2,13,1.7622018066754304,1.3274794938813295,4.958159319896901,1.985228856932276,1.9118235036366524,0,0,0,0,0.8333333333333334,1
scene-0084,3,13,1.928143397760695,1.3885760324017893,4.905772091791883,2.189808519047049,2.052251848955854,0,0,0,1,0.875,1
scene-0084,4,13,5.8741049209485325,2.4236552809647938,18.515404920495968,2.4846922911312714,2.1090222977659527,0,0,1,1,0.9583333333333334,1
scene-0084,5,13,4.4728588612052755,2.1149134405940293,17.0095165962021,1.7294458176528593,0.9642899315207583,0,0,0,0,0.75,0
scene-0084,6,13,3.424363431812632,1.8505035616860164,13.215762103985034,1.8631758154562934,1.4235728004572878,0,0,0,0,0.7916666666666666,0
scene-0084,7,13,1.3997983546418604,1.1831307428352373,5.083340404809821,1.6537069366157182,1.4806390920079153,0,0,0,0,0.7083333333333334,0
scene-0084,8,13,2.082880076457765,1.4432186516456074,7.85278434948864,1.3155008609353105,0.8758470565273763,0,0,0,0,0.625,0
scene-0084,9,13,1.9561541397819873,1.3986258040598234,6.2959539090505245,0.9877007767129412,0.3192661761025854,0,0,0,0,0.5416666666666666,0
scene-0084,10,13,3.9613324142630493,1.990309627737114,13.52929510069515,1.2131671250103258,0.5079271559278652,0,0,0,0,0.5833333333333334,0
scene-0084,11,13,0.4623182220315787,0.6799398664820138,1.5966072416010786,0.7054852834435461,0.5838975584903436,0,0,0,0,0.3333333333333333,0
scene-0084,12,13,0.3120706886403675,0.5586328746505772,1.180437285429466,0.5212282239802275,0.3522256162486686,0,0,0,0,0.08333333333333333,0
scene-0084,13,13,6.200565956242888,2.4900935637527533,19.162394984860224,1.5236168971321797,1.166493153087907,0,0,0,0,0.6666666666666666,0
scene-0084,14,13,1.4008280485476918,1.183565819271447,5.1231658880086295,0.7984976480273082,0.6914845513598255,0,0,0,0,0.375,0
scene-0084,15,13,0.26220092213950297,0.5120555850095798,0.9244235183326245,0.6376963266204139,0.5828503234138592,0,0,0,0,0.20833333333333334,0
scene-0084,16,13,0.5029688935010118,0.7092029987958397,1.6186774950613778,0.5431896892465145,0.3896463444308395,0,0,0,0,0.16666666666666666,0
scene-0084,17,13,0.36721012216698695,0.6059786482764776,1.2379089293493393,0.46971491803337945,0.23659663806716244,0,0,0,0,0.0,0
scene-0084,18,13,0.605814562392096,0.7783409037125673,1.8897282040635284,0.6431514114698328,0.3684808797806151,0,0,0,0,0.25,0
scene-0084,19,13,0.16171363846317627,0.4021363431265275,0.5545359481769474,0.532369133684702,0.45540065135167507,0,0,0,0,0.125,0
scene-0084,20,13,0.631713964862397,0.7948043563433689,2.052665176481626,0.9677042991768894,0.7605815805018871,0,0,0,0,0.4583333333333333,0
scene-0084,21,13,1.1565389273238196,1.075424998465174,3.440497923088031,0.9765719961899397,0.5299257251866184,0,0,0,0,0.5,0
scene-0084,22,13,0.714637443881848,0.8453623151535962,2.1392728787217226,0.6564048155518883,0.18490741313104206,0,0,0,0,0.2916666666666667,0
scene-0084,23,13,0.37528329986834613,0.6126037053988053,1.0741188523417,0.48337102372456986,0.27718832071748917,0,0,0,0,0.041666666666666664,0
scene-0084,24,13,2.798996489556538,1.673020170098537,9.050318896898888,0.7991075779985477,0.22449011030868485,0,0,0,0,0.4166666666666667,0
scene-0085,0,13,0.7968984078828015,0.8926916645084133,2.401748367043541,2.924206628229164,2.9182856112480042,0,1,1,1,0.875,1
scene-0085,1,13,6.645420442857071,2.577871300677571,19.641611365994354,3.1301376073664917,2.785653782522387,1,1,1,1,0.9166666666666666,1
scene-0085,2,13,7.362329609971792,2.7133613120946114,20.571480578525975,2.7778136259486974,2.4769665923810686,0,1,1,1,0.8333333333333334,1
scene-0085,3,13,7.622797648562179,2.7609414424362897,20.7027844245309,3.4019630992286847,3.145869748876295,1,1,1,1,0.9583333333333334,1
scene-0085,4,13,10.84016482573908,3.2924405576622156,29.63112472613759,4.494242406190812,4.097882410999897,1,1,1,1,1.0,1
scene-0085,5,13,5.179423851290886,2.2758347592237196,14.002348866743567,2.310540216283241,2.173778335378739,0,0,1,1,0.5833333333333334,0
scene-0085,6,13,3.942986570659731,1.985695487898316,10.65992837702559,1.9584810237339385,1.7538639974082824,0,0,0,0,0.4166666666666667,0
scene-0085,7,13,1.7081223876626002,1.3069515628601545,5.439167749112973,1.7757553357332567,1.6377031681000105,0,0,0,0,0.375,0
scene-0085,8,13,2.063698466381738,1.4365578534753616,7.540110435551785,2.407897487943413,2.2880183008154478,0,0,1,1,0.75,0
scene-0085,9,13,2.6318686723180056,1.6223035080767119,9.082517737098625,2.7104037817509936,2.536473786732653,0,1,1,1,0.7916666666666666,0
scene-0085,10,13,4.592169217636104,2.1429347208060503,16.42773027233144,2.322309432835679,1.9844279083441838,0,0,1,1,0.625,0
scene-0085,11,13,4.4560946683373,2.110946391630375,15.018360280840481,2.2067932907634686,1.8740935509986993,0,0,0,1,0.4583333333333333,0
scene-0085,12,13,5.90754391340133,2.4305439542212213,18.042038243673026,2.341752753837379,1.8373461821497574,0,0,1,1,0.6666666666666666,0
scene-0085,13,13,6.945119938728752,2.635359546386176,19.97168198868839,2.2905678935261404,1.4656934208775236,0,0,0,1,0.5416666666666666,0
scene-0085,14,13,2.693899471519865,1.64131029105403,9.132324517328021,1.3396019733539324,0.7040871565624888,0,0,0,0,0.25,0
scene-0085,15,13,1.3079949998398412,1.143676090438128,4.03486733030978,0.959095767042544,0.5354823123071667,0,0,0,0,0.125,0
scene-0085,16,13,0.9009067961653727,0.9491611012706814,3.0051212857984813,0.6695463458915041,0.3659374458903151,0,0,0,0,0.041666666666666664,0
scene-0085,17,13,3.2441284620546056,1.801146429931394,10.252000944967474,1.244693085685672,0.9089793507063494,0,0,0,0,0.20833333333333334,0
scene-0085,18,13,0.10700064497041435,0.32710953054048175,0.3296513136094678,0.32104627817247244,0.2683938972142024,0,0,0,0,0.0,0
scene-0085,19,13,4.947601377526051,2.2243204304969306,16.09999497944872,0.9056388052317388,0.36905891182415257,0,0,0,0,0.08333333333333333,0
scene-0085,20,13,4.9444544025954835,2.2236129165381917,15.966980989580595,0.9748545255005407,0.7628108211766659,0,0,0,0,0.16666666666666666,0
scene-0085,21,13,8.14746420426586,2.85437632492036,26.758615024071812,1.4269732632020609,0.8142364638569203,0,0,0,0,0.2916666666666667,0
scene-0085,22,13,8.45924433232631,2.9084780095999196,27.22162425498539,1.5961867838277046,1.3694717802026004,0,0,0,0,0.3333333333333333,0
scene-0085,23,13,13.752346898666469,3.7084156857971666,44.85821159533464,2.4071256219491994,1.9335208449552284,0,0,1,1,0.7083333333333334,0
scene-0085,24,13,13.457674925403031,3.6684703795182854,42.52423788143135,2.2807392992140794,1.8137882800785758,0,0,0,1,0.5,0
scene-0086,0,13,0.9082591080805597,0.9530262892914128,2.4907291345963554,0.6925723000595276,0.1873374465148904,0,0,0,0,0.5833333333333334,0
scene-0086,1,13,0.7364963429685464,0.8581936512049867,2.2005895369312056,0.6447691798880671,0.2859952975490732,0,0,0,0,0.5,0
scene-0086,2,13,1.2056570543257819,1.0980241592632567,2.9694528475490785,0.9583434011686016,0.47268304910716075,0,0,0,0,0.9583333333333334,1
scene-0086,3,13,0.5687523773189663,0.7541567325953978,1.4939083314520638,0.7482593288411021,0.6513145604497802,0,0,0,0,0.8333333333333334,1
scene-0086,4,13,0.11943703804076868,0.3455966406676556,0.3867484462567957,0.38627377805258195,0.28715694442714407,0,0,0,0,0.041666666666666664,0
scene-0086,5,13,0.04320372099067323,0.20785504802788224,0.12416512560916725,0.679628807164797,0.6740674022302002,0,0,0,0,0.5416666666666666,0
scene-0086,6,13,0.08130251853392002,0.2851359649955088,0.24481683165969542,0.7253357637857655,0.7227118540602125,0,0,0,0,0.625,0
scene-0086,7,13,0.31809982899315187,0.56400339448726,0.8647831768186673,0.5450740959095441,0.3953485532742242,0,0,0,0,0.25,0
scene-0086,8,13,0.08097314113768499,0.2845577992916114,0.2543858613216616,0.2868121085028149,0.16480646933587467,0,0,0,0,0.0,0
scene-0086,9,13,0.15074929859683475,0.3882644699130153,0.4252952650718083,0.388270548890192,0.27603217637710253,0,0,0,0,0.08333333333333333,0
scene-0086,10,13,0.16264318258423352,0.4032904444494483,0.45169272982439274,0.418427366712176,0.3099216882863993,0,0,0,0,0.125,0
scene-0086,11,13,0.2206693993332308,0.46975461608506924,0.6652271648288272,0.5597503130640066,0.4475613518792863,0,0,0,0,0.3333333333333333,0
scene-0086,12,13,0.10444069715283773,0.3231728595548174,0.32173867130901834,0.5095498417893806,0.4757312817620398,0,0,0,0,0.20833333333333334,0
scene-0086,13,13,0.07257006548306406,0.26938831727278756,0.21998575961892347,0.7389492942414797,0.7316753703760309,0,0,0,0,0.7083333333333334,0
scene-0086,14,13,0.6377737065196889,0.7986073544112205,2.0832685682393364,0.8852034562240043,0.8639311429490445,0,0,0,0,0.9166666666666666,1
scene-0086,15,13,0.017262173920415725,0.1313855925146122,0.05013817725632559,0.4254293937886352,0.41334429325509364,0,0,0,0,0.16666666666666666,0
scene-0086,16,13,0.01787891346715256,0.13371205430757752,0.054795430195830885,0.5771063506929139,0.5717123924745974,0,0,0,0,0.4166666666666667,0
scene-0086,17,13,0.3179950822123314,0.5639105267791438,1.0617720512372573,0.5730559147302577,0.4094927940178932,0,0,0,0,0.375,0
scene-0086,18,13,0.2504194130185901,0.5004192372587111,0.9013382047973533,0.6140721201860189,0.49795144629776145,0,0,0,0,0.4583333333333333,0
scene-0086,19,13,0.32223096972420234,0.5676539172103037,1.0401778109667519,0.5577106680796144,0.3630590168241756,0,0,0,0,0.2916666666666667,0
scene-0086,20,13,0.23547446030755712,0.4852571074261119,0.7769045790910358,0.7402165143072048,0.6379701032616556,0,0,0,0,0.75,0
scene-0086,21,13,1.0967229268685508,1.0472453995451834,3.425537573109138,0.759154739028837,0.33728341313100346,0,0,0,0,0.875,1
scene-0086,22,13,1.082294280564596,1.040333735185299,3.8922819806093965,0.7294222834004915,0.5053497479643724,0,0,0,0,0.6666666666666666,0
scene-0086,23,13,1.0818868008107743,1.040137875865875,3.4122381251730665,0.7409561799904983,0.6865526986905496,0,0,0,0,0.7916666666666666,0
scene-0086,24,13,11.43901985150265,3.3821620084648,36.75859034093208,1.9345063586457203,1.8996867700687485,0,0,0,0,1.0,1
scene-0087,0,13,0.23885924854642118,0.4887322871945552,0.7446072023730255,0.7514954571338117,0.6424638076020955,0,0,0,0,0.041666666666666664,0
scene-0087,1,13,0.39202056240509603,0.6261154545330246,1.1910379702347682,0.628535186575345,0.45610989506060745,0,0,0,0,0.0,0
scene-0087,2,13,1.6308492526143707,1.277047083162704,6.093192513463204,0.8832487013202043,0.266023328287547,0,0,0,0,0.08333333333333333,0
scene-0087,3,13,4.685347889627132,2.1645664438004975,14.577469628097136,1.278262743862732,0.4901167261966766,0,0,0,0,0.16666666666666666,0
scene-0087,4,13,12.03022154415472,3.468460976305589,37.17175046127351,1.899238536976113,0.6215713325226381,0,0,0,0,0.375,0
scene-0087,5,13,10.954964410326653,3.309828456329218,36.33749517205264,2.072798585000186,0.2575186500081244,0,0,0,0,0.5416666666666666,0
scene-0087,6,13,5.564242424272124,2.358864647297959,17.95020073043737,1.9123179499463556,1.0998116940940825,0,0,0,0,0.4166666666666667,0
scene-0087,7,13,10.89718247251875,3.3010880740323714,35.304465650969114,2.385457194018371,0.4031653754060012,0,0,1,1,0.7916666666666666,0
scene-0087,8,13,10.046270924483093,3.169585292192512,31.669451104451475,2.4595261847110783,0.9698460908674648,0,0,1,1,0.875,1
scene-0087,9,13,8.21688274561622,2.8665105521550447,26.295159857921092,2.3865948403000785,1.2546377218562006,0,0,1,1,0.8333333333333334,1
scene-0087,10,13,8.833858459093404,2.9721807581460125,27.17563465902288,2.1830562347699503,0.7435172078597624,0,0,0,1,0.5833333333333334,0
scene-0087,11,13,11.744301806206286,3.426996032417646,33.59265660880825,2.553980952854334,0.38097881413759155,0,0,1,1,0.9166666666666666,1
scene-0087,12,13,10.311472627497174,3.211148179000336,28.619298514560906,2.3336179450175294,0.5082585179989275,0,0,1,1,0.6666666666666666,0
scene-0087,13,13,9.924017101647575,3.150240800581374,26.740302780361837,2.3356386752083087,0.5741873086141783,0,0,1,1,0.7083333333333334,0
scene-0087,14,13,10.680820400848795,3.2681524445546897,29.783116243979155,2.215009954274427,0.6685088057450096,0,0,0,1,0.625,0
scene-0087,15,13,6.421557883653854,2.5340792970335113,20.46621104861343,2.0716391560557734,1.5064899946528054,0,0,0,0,0.5,0
scene-0087,16,13,7.780724635359564,2.789395030353278,22.84585869924733,2.047915752379142,1.7245852463873963,0,0,0,0,0.4583333333333333,0
scene-0087,17,13,5.937448673518236,2.4366880542076443,15.143161570317062,2.351310499108856,2.198591796507531,0,0,1,1,0.75,0
scene-0087,18,13,7.126403345327179,2.669532420729739,17.588740643906938,2.605129299010467,2.475800273324335,0,1,1,1,0.9583333333333334,1
scene-0087,19,13,9.197942032683661,3.0328109127810228,20.52800932193711,2.8414128638501603,2.7819969312668995,0,1,1,1,1.0,1
scene-0087,20,13,6.440541469540238,2.5378221902923457,15.841866070748496,1.845521675041348,1.8060488784526323,0,0,0,0,0.3333333333333333,0
scene-0087,21,13,3.6501006521259036,1.9105236591379609,6.578813861156389,1.7495255215862646,1.719832891040926,0,0,0,0,0.25,0
scene-0087,22,13,3.655317629023353,1.911888498062414,7.1507839359836805,1.7570613880717376,1.756440250951285,0,0,0,0,0.2916666666666667,0
scene-0087,23,13,2.4646893007933244,1.5699328969078024,4.8748217185593115,1.364130598600236,1.3636059016654407,0,0,0,0,0.20833333333333334,0
scene-0087,24,13,2.308725149276594,1.5194489623796497,4.853703066226756,1.1124828796629838,1.1100273840582462,0,0,0,0,0.125,0
scene-0088,0,13,5.571123416776586,2.360322735724203,15.56064007592633,3.512569796393093,3.2927542292155305,1,1,1,1,1.0,1
scene-0088,1,13,4.463642596184638,2.112733441820013,12.790094419641873,3.4690622436180174,3.3210305404501583,1,1,1,1,0.9230769230769231,1
scene-0088,2,13,4.225579338754905,2.055621399663592,13.011513348512791,3.0798199091200678,2.9852425540342757,1,1,1,1,0.8846153846153846,1
scene-0088,3,13,4.3570263193178045,2.0873491129463235,12.846601715856163,3.490905542275371,3.424091240249785,1,1,1,1,0.9615384615384616,1
scene-0088,4,13,3.6621744735836863,1.913680870360491,11.663296501010992,2.389850837870851,2.1728757176208533,0,0,1,1,0.8461538461538461,1
scene-0088,5,13,5.900277312167049,2.4290486434336898,18.920883728367826,1.8246021696026966,0.934853042966249,0,0,0,0,0.4230769230769231,0
scene-0088,6,13,7.211229554444991,2.6853732616612147,18.212084602376006,1.9484641216612246,0.8635038228815466,0,0,0,0,0.6538461538461539,0
scene-0088,7,13,4.673267879920075,2.1617742435138956,15.377465709801154,1.8655767143177167,0.9103461910575907,0,0,0,0,0.5769230769230769,0
scene-0088,8,13,3.3838620767619236,1.8395276776286689,11.01563254594505,1.5452948485903286,0.9153600060215165,0,0,0,0,0.11538461538461539,0
scene-0088,9,13,2.8995337865198447,1.7028017460995994,9.14443075081449,1.3491044458600905,0.7703497445531243,0,0,0,0,0.038461538461538464,0
scene-0088,10,13,5.2383254997971695,2.2887388448220056,15.25530988301043,1.827324670855939,0.9485821539492413,0,0,0,0,0.46153846153846156,0
scene-0088,11,13,5.0539510501170914,2.2480994306562803,14.299346602093241,1.7844080285624533,0.7223006086316128,0,0,0,0,0.3076923076923077,0
scene-0088,12,13,4.960368879512604,2.2271885594876344,14.06676373001319,1.7699905047207456,0.46530881307739663,0,0,0,0,0.2692307692307692,0
scene-0088,13,13,0.9095960460791339,0.9537274485297851,2.649768420391246,2.0268387752918104,2.018810889676292,0,0,0,0,0.6923076923076923,0
scene-0088,14,13,1.466418289125124,1.2109575917946607,4.386586791976358,2.1612672177277186,2.0885612247310426,0,0,0,1,0.7307692307692307,0
scene-0088,15,13,0.759537651474607,0.871514573300187,2.173942968078492,2.3141607940471802,2.3128481865441377,0,0,1,1,0.8076923076923077,1
scene-0088,16,13,1.7139252289475213,1.30916967156573,4.724312501754087,1.8020804406191737,1.7030318166860645,0,0,0,0,0.38461538461538464,0
scene-0088,17,13,2.738936653823295,1.6549733090969458,7.429468169910321,1.5791756129843386,1.0739469842254117,0,0,0,0,0.15384615384615385,0
scene-0088,18,13,4.654730928552201,2.157482544205677,12.29093130307726,1.8317547773813165,0.7089175769094179,0,0,0,0,0.5384615384615384,0
scene-0088,19,13,1.642364100125592,1.2815475411101969,3.58381113722074,1.5073611658552832,1.0442796998704786,0,0,0,0,0.07692307692307693,0
scene-0088,20,13,1.4322999283664695,1.1967873363160513,3.7459611737154126,1.3307995129459562,0.9649209361174534,0,0,0,0,0.0,0
scene-0088,21,13,2.1777539930832615,1.4757215161009416,6.948376077104935,1.796589828592103,1.5412784361408338,0,0,0,0,0.34615384615384615,0
scene-0088,22,13,2.07191217284382,1.4394138296000285,5.830232813141679,1.6773441418756863,1.4311795759306822,0,0,0,0,0.23076923076923078,0
scene-0088,23,13,2.297006727555233,1.5155879148222424,6.512689390737335,1.6751035706359638,1.4133624469037762,0,0,0,0,0.19230769230769232,0
scene-0088,24,13,1.6210465317959268,1.2732032562776168,4.7743984361300855,1.9156859116938898,1.8520632338101983,0,0,0,0,0.6153846153846154,0
scene-0088,25,13,2.5839266825268505,1.6074596985700296,8.28757551447588,1.8292036003555574,1.5906864326976706,0,0,0,0,0.5,0
scene-0088,26,13,1.5570620098303252,1.2478229080403698,5.103639212115274,2.274441532189471,2.1695467194503633,0,0,0,1,0.7692307692307693,0
scene-0089,0,13,0.42339275315546737,0.6506863708081393,1.284492154947276,0.8301309091799225,0.7806783627831901,0,0,0,0,0.52,0
scene-0089,1,13,0.11596295587848808,0.34053334033320154,0.34023539757505117,0.8406115414515638,0.8331418393887896,0,0,0,0,0.56,0
scene-0089,2,13,0.3995695751121248,0.6321151596917486,1.1292670558536622,0.6332252053916846,0.47978882225441494,0,0,0,0,0.32,0
scene-0089,3,13,0.24732065806682627,0.4973134404646895,0.780861676607577,0.4121378298445364,0.20926597772580602,0,0,0,0,0.04,0
scene-0089,4,13,0.2844876945854784,0.5333738787993638,0.7542392006857204,0.45209853653689763,0.23550717664020646,0,0,0,0,0.12,0
scene-0089,5,13,0.11676634789287199,0.34171091275063487,0.29431203980427223,0.4134792356784628,0.33544500087679924,0,0,0,0,0.08,0
scene-0089,6,13,0.13959808393521797,0.373628269721682,0.43131780635852274,0.5287702917606603,0.5099269382260462,0,0,0,0,0.16,0
scene-0089,7,13,0.02688863130221934,0.1639775329190537,0.09037511883274912,0.7712854071416408,0.7616368018250927,0,0,0,0,0.48,0
scene-0089,8,13,0.21899268813567999,0.4679665459578067,0.6833991410362474,0.7678468553321731,0.7145471887523414,0,0,0,0,0.44,0
scene-0089,9,13,0.1588341557331886,0.39854003027699564,0.477841997399701,0.5961318837610547,0.5378014324227819,0,0,0,0,0.24,0
scene-0089,10,13,0.1624856158349897,0.40309504565919646,0.5053981213567594,0.3355701387116391,0.1778287317957612,0,0,0,0,0.0,0
scene-0089,11,13,0.14513434604294284,0.3809650194479053,0.39565753986738267,0.601090210156743,0.5695800041570452,0,0,0,0,0.28,0
scene-0089,12,13,0.32019665122085306,0.5658592150180582,1.022747392725617,0.5911756777595539,0.39539024500316317,0,0,0,0,0.2,0
scene-0089,13,13,0.3839525891793339,0.6196390797709049,1.2584339734094254,0.6884137015893796,0.5151011356523711,0,0,0,0,0.36,0
scene-0089,14,13,0.18738831677313325,0.4328837220006468,0.5946614617903753,1.061982168755689,1.0357745918885863,0,0,0,0,0.72,0
scene-0089,15,13,0.3742738256834815,0.6117792295293144,1.1415316205324444,1.1773967069649767,1.174414780025362,0,0,0,0,0.8,1
scene-0089,16,13,0.3956871846450382,0.6290367116830609,1.1773051069589373,0.9673727328058158,0.9541627069539965,0,0,0,0,0.64,0
scene-0089,17,13,0.932521444189565,0.9656714991080377,2.5802340107448214,1.0278059227287677,0.9731550758528121,0,0,0,0,0.68,0
scene-0089,18,13,1.6279162514981842,1.2758982136119574,4.389575486397969,1.278226934165057,1.0929045150066228,0,0,0,0,0.92,1
scene-0089,19,13,1.9516582788641088,1.3970176372773928,5.219769053361476,1.4454302470305047,1.255101642719324,0,0,0,0,0.96,1
scene-0089,20,13,3.1071768798172754,1.7627186048309798,8.85125620723575,1.212650532393014,0.21261633722718923,0,0,0,0,0.88,1
scene-0089,21,13,1.5948798322923379,1.2628855182843526,4.318041840646496,0.9524759424531138,0.2929399263503839,0,0,0,0,0.6,0
scene-0089,22,13,2.2487656986012974,1.4995885097590262,6.457255398645203,1.1011310502717033,0.3331543446160214,0,0,0,0,0.76,0
scene-0089,23,13,3.076804882305288,1.754082347640865,9.201988260067587,1.200702693577525,0.7918027875643849,0,0,0,0,0.84,1
scene-0089,24,13,5.471556665579722,2.3391358801018214,16.748871568596687,1.4937407801031368,1.1343190889620713,0,0,0,0,1.0,1
scene-0089,25,13,3.164386370966035,1.778872218841487,10.242411913411802,0.7664364122020981,0.561574066556849,0,0,0,0,0.4,0
scene-0090,0,13,0.5589947649341652,0.7476595247398145,1.82599525983132,0.6078179441638061,0.5968764293499175,0,0,0,0,0.44,0
scene-0090,1,13,0.6922036286907792,0.8319877575365994,2.268009406955845,0.9430014944768479,0.9385053507218736,0,0,0,0,0.72,0
scene-0090,2,13,1.5978894928928609,1.2640765375929026,5.300390152407035,1.341670791517811,1.3381968465201568,0,0,0,0,0.88,1
scene-0090,3,13,4.775608658196827,2.1853166036519345,15.354699519784862,1.7819060412081547,1.776837111437856,0,0,0,0,0.92,1
scene-0090,4,13,1.8480234437438707,1.359420260163821,6.0119373029249425,1.2298097028070645,1.2260868054164107,0,0,0,0,0.8,1
scene-0090,5,13,0.22195409368836308,0.4711200416967666,0.6664825591715984,0.5159803696383908,0.4671794222127999,0,0,0,0,0.24,0
scene-0090,6,13,0.11835363389180285,0.3440256297019204,0.40454435646728804,0.43101213560244916,0.38259030467867755,0,0,0,0,0.12,0
scene-0090,7,13,0.19191851579588204,0.43808505543545084,0.6758136853192502,0.6199092491825836,0.5996715026602274,0,0,0,0,0.48,0
scene-0090,8,13,0.2285127502979676,0.4780300725874551,0.7729985868188718,0.5021820434001252,0.4948921292503548,0,0,0,0,0.2,0
scene-0090,9,13,0.21014483317276636,0.4584155682050582,0.6730112116097302,0.5736593643723128,0.5221593346304122,0,0,0,0,0.36,0
scene-0090,10,13,0.22390986771698804,0.47319115346441976,0.656760168156391,0.5424313056430937,0.49332572914275863,0,0,0,0,0.28,0
scene-0090,11,13,0.13029650169892112,0.3609660672402894,0.373280349427731,0.3453414610941138,0.24170750298500562,0,0,0,0,0.04,0
scene-0090,12,13,0.13008740066697433,0.3606763100994773,0.35660161712517086,0.2909741819265391,0.15994715304529863,0,0,0,0,0.0,0
scene-0090,13,13,1.0214740029585794,1.0106799705933522,3.3233678786982233,0.5868204474399266,0.15661199559185932,0,0,0,0,0.4,0
scene-0090,14,13,0.48645659812623254,0.6974644063507703,1.5810694230769227,0.6361291299871848,0.42513568273564567,0,0,0,0,0.6,0
scene-0090,15,13,0.1442385764299803,0.3797875411726671,0.4422293461538465,0.42848266254921774,0.32436600079902933,0,0,0,0,0.08,0
scene-0090,16,13,0.747511534519727,0.8645874938487874,2.330671880849364,0.4745453335746526,0.17186440115607238,0,0,0,0,0.16,0
scene-0090,17,13,0.8873452083639842,0.9419900256180976,2.809497445395604,0.6317803089388387,0.294169440108538,0,0,0,0,0.56,0
scene-0090,18,13,0.9594661526523097,0.9795234313952422,3.0069633043690347,0.6593291007533811,0.18337411849954469,0,0,0,0,0.64,0
scene-0090,19,13,0.8180918612912215,0.9044843068241822,2.6536956019881384,0.5627742079017969,0.2057596829627446,0,0,0,0,0.32,0
scene-0090,20,13,0.679257069413203,0.8241705341816116,2.275639716952087,0.6294365634394883,0.2123744932959956,0,0,0,0,0.52,0
scene-0090,21,13,2.9580074231660114,1.7198858750411352,9.561181586670186,1.0169223296763366,0.28292407932190383,0,0,0,0,0.76,0
scene-0090,22,13,6.69602849036833,2.5876685433741953,22.699706067973686,1.286103743211893,0.5012901708296037,0,0,0,0,0.84,1
scene-0090,23,13,1.4871637794519588,1.2194932469890758,4.485408371823944,0.9322322049152907,0.3721529520856132,0,0,0,0,0.68,0
scene-0090,24,13,9.16300662132735,3.027045857156338,29.205307949770578,2.040748435391166,1.5459511223895894,0,0,0,0,1.0,1
scene-0090,25,13,9.515381126016159,3.084701140469877,31.273536363207768,1.794915143565142,1.3094279823477544,0,0,0,0,0.96,1
scene-0091,0,13,0.3900410764243061,0.6245326864338696,1.342767641991465,1.6326218835879232,1.5912261061299482,0,0,0,0,0.875,1
scene-0091,1,12,1.0133938958031863,1.0066746722765931,4.069574127225234,2.1150448928589944,1.9948500873921493,0,0,0,1,0.9166666666666666,1
scene-0091,2,13,1.0239610571985402,1.011909609203579,3.870961836708823,2.233315811029857,2.159588735060583,0,0,0,1,0.9583333333333334,1
scene-0091,3,13,2.24299581612534,1.4976634522232757,7.877614112402725,2.339880951492221,2.2235104069164584,0,0,1,1,1.0,1
scene-0091,4,13,3.1820331973327476,1.7838254391427284,10.76321358311668,1.4343981037241185,1.2008456458824102,0,0,0,0,0.8333333333333334,1
scene-0091,5,13,2.753628756491512,1.659406145731512,8.798599589639222,1.2802105947578157,1.0392143518368218,0,0,0,0,0.7916666666666666,0
scene-0091,6,13,1.3099493436866254,1.1445301846987808,3.9919890154872557,1.0838058390462613,0.9757069576084071,0,0,0,0,0.75,0
scene-0091,7,13,0.7490657968719837,0.8654858732942923,2.337403293352455,0.6363157001429841,0.34239994049174305,0,0,0,0,0.5416666666666666,0
scene-0091,8,13,0.43128697247122644,0.6567244265833474,1.2664160739569321,0.5295671767265592,0.2366507008938965,0,0,0,0,0.5,0
scene-0091,9,13,0.5427647910821046,0.7367257231033165,1.7883848108037808,0.7050254225524395,0.48551247243333995,0,0,0,0,0.625,0
scene-0091,10,13,0.24353737291544744,0.4934950586535264,0.693278510981927,0.48741192466275873,0.3562084013678429,0,0,0,0,0.375,0
scene-0091,11,13,1.12294648189347,1.0596916919054664,3.1438780696272848,0.7703667711513241,0.6617068887290792,0,0,0,0,0.6666666666666666,0
scene-0091,12,13,0.06225011177085069,0.24949972298752296,0.17986039052754202,0.5180661377131907,0.4738200776698409,0,0,0,0,0.4583333333333333,0
scene-0091,13,13,0.03315697598910789,0.18209057084074368,0.11193498838222161,0.4110020610644506,0.39976472559702425,0,0,0,0,0.25,0
scene-0091,14,13,0.16668595916018814,0.40827191816262376,0.5487669342220216,0.30765550614629433,0.21120517031973948,0,0,0,0,0.08333333333333333,0
scene-0091,15,13,0.04834061585487795,0.21986499461005143,0.179432916754508,0.21878962651108994,0.14727080146478885,0,0,0,0,0.041666666666666664,0
scene-0091,16,13,0.1210635958498516,0.34794194321732985,0.38148861529600897,0.38985164491641733,0.2974340772776216,0,0,0,0,0.16666666666666666,0
scene-0091,17,13,0.023155868928106216,0.15217052581924734,0.08067789584381041,0.20999522862325318,0.1872694528010103,0,0,0,0,0.0,0
scene-0091,18,13,0.06970719276989816,0.26402119757681985,0.2256187519317893,0.39722835690445657,0.38200254901937053,0,0,0,0,0.20833333333333334,0
scene-0091,19,13,0.16374914216743522,0.40465929146312113,0.48342817823504713,0.4424518370048259,0.3654437493179323,0,0,0,0,0.2916666666666667,0
scene-0091,20,13,0.15189094879271317,0.3897318934764169,0.43337225647591554,0.5154505014327351,0.4341256452066579,0,0,0,0,0.4166666666666667,0
scene-0091,21,13,0.09623093629932918,0.3102111156927314,0.2614943014310502,0.48522762975319184,0.41275857980082226,0,0,0,0,0.3333333333333333,0
scene-0091,22,13,0.08316945642236367,0.28839115177543795,0.25174760144181063,0.3398453689642498,0.2594632813623265,0,0,0,0,0.125,0
scene-0091,23,13,0.04310157313865689,0.20760918365683367,0.1332177873323329,0.6438186310804995,0.6301715854367178,0,0,0,0,0.5833333333333334,0
scene-0091,24,13,0.39579212549485526,0.6291201200842771,1.273291267179308,0.7712005430833136,0.6819730744916965,0,0,0,0,0.7083333333333334,0
scene-0111,0,13,0.7545367652968634,0.8686407573311671,2.227549526002434,1.9015019232684227,1.825890983323303,0,0,0,0,0.92,1
scene-0111,1,13,0.47827936471529386,0.6915774466502604,1.5250908608181297,1.794683318031183,1.7534552113846058,0,0,0,0,0.88,1
scene-0111,2,13,1.5524885517631037,1.245988985410025,4.942445740179471,1.7267136513882408,1.5122282255659842,0,0,0,0,0.8,1
scene-0111,3,13,2.1938932432888723,1.4811796796097603,6.919585911139148,2.0656583477349533,1.918582805953914,0,0,0,0,0.96,1
scene-0111,4,13,1.8882099188548198,1.3741215080387978,5.76177724635896,2.2416743379125523,2.1012183410789307,0,0,0,1,1.0,1
scene-0111,5,13,2.515707143528447,1.5860980876126314,7.998242955290613,1.5544831102614394,1.231404183354061,0,0,0,0,0.76,0
scene-0111,6,13,4.16077228931341,2.0397971196453364,12.625390895149662,1.791559463403908,1.334827472601452,0,0,0,0,0.84,1
scene-0111,7,13,1.5497593066294353,1.2448932912621207,5.512310284327565,1.4478313723977327,1.097290684887095,0,0,0,0,0.72,0
scene-0111,8,13,0.6839161712699271,0.826992243778578,2.2541835339302705,1.344816139008926,1.2588597308063318,0,0,0,0,0.68,0
scene-0111,9,13,1.736662352258085,1.3178248564426478,6.244333302976913,1.191657808993286,0.9781908707656607,0,0,0,0,0.56,0
scene-0111,10,13,1.101505812631779,1.0495264706675,3.563017250891671,0.9706075003990062,0.847892882715159,0,0,0,0,0.36,0
scene-0111,11,13,1.0207624789435974,1.0103279066439754,3.133820426547251,1.2903847247217344,1.210602846663209,0,0,0,0,0.6,0
scene-0111,12,13,0.7533826626685057,0.8679761878464787,2.2252277274309096,0.9139661225082153,0.7866662018384966,0,0,0,0,0.28,0
scene-0111,13,13,1.1795174681179914,1.0860559231080098,3.5326203332368475,1.084257191234361,0.9385639190729432,0,0,0,0,0.44,0
scene-0111,14,13,1.2244446275634762,1.1065462609233634,3.9394725001033284,1.003436506989415,0.8013360202286783,0,0,0,0,0.4,0
scene-0111,15,13,2.1085157758404502,1.4520729237336705,6.841413004626716,0.9315743332756139,0.6326891094943295,0,0,0,0,0.32,0
scene-0111,16,13,0.7492880364938385,0.8656142538647561,2.5003657081755355,0.7359056999025559,0.42672012708913093,0,0,0,0,0.12,0
scene-0111,17,13,0.6976825729925494,0.8352739508643553,2.124003032502399,0.8946500145683062,0.6506162983631474,0,0,0,0,0.24,0
scene-0111,18,13,3.2642658953650336,1.8067279527823312,10.569946044103615,1.1125510877657496,0.4499883683458818,0,0,0,0,0.48,0
scene-0111,19,13,3.484061702947247,1.866564143807345,10.909948086551331,1.2970248619700797,0.5894240992038495,0,0,0,0,0.64,0
scene-0111,20,13,2.1072641591922707,1.4516418839342817,6.628939702614658,1.121398990462406,0.6060521782980028,0,0,0,0,0.52,0
scene-0111,21,13,1.1358684504137901,1.065771293671297,3.4780400819329995,0.7881708467105262,0.31262023385278187,0,0,0,0,0.2,0
scene-0111,22,13,0.7505803562405968,0.8663604078214775,2.047716674105528,0.6770017509832307,0.31551797063961057,0,0,0,0,0.08,0
scene-0111,23,13,0.7147950382008784,0.8454555211250787,1.702788745588902,0.786389237863973,0.3831872016543251,0,0,0,0,0.16,0
scene-0111,24,13,0.7763517343154648,0.8811082421107322,1.9986247083275157,0.57209374434609,0.2002721790006455,0,0,0,0,0.04,0
scene-0111,25,13,0.04154525184747729,0.20382652390569114,0.07976924485499425,0.37289161250179576,0.3155120283758807,0,0,0,0,0.0,0
scene-0112,0,13,2.621948482787315,1.6192431821030822,7.7970735875050154,1.2464852244559277,0.8745489674898078,0,0,0,0,0.72,0
scene-0112,1,13,4.84480055274357,2.2010907643129056,14.622584051192804,1.5536357136474026,1.2098421441246605,0,0,0,0,0.88,1
scene-0112,2,13,1.7489329126233832,1.3224722729128893,5.088424231456527,1.5481457644716816,1.5376925745965202,0,0,0,0,0.84,1
scene-0112,3,13,1.1249059802363233,1.0606158495121234,3.118925458460315,1.4585983595590952,1.4367917608833336,0,0,0,0,0.76,0
scene-0112,4,13,2.2088190130411562,1.4862096127535833,5.804746823261946,1.7856408301454454,1.7043446324054745,0,0,0,0,0.96,1
scene-0112,5,13,5.526488587792909,2.3508484825255986,16.870034045295167,2.169999038493294,2.1625569581751782,0,0,0,1,1.0,1
scene-0112,6,13,2.4723929329033427,1.572384473627027,6.661181827884811,1.5434378733933487,1.1654056430220752,0,0,0,0,0.8,1
scene-0112,7,13,0.8762919643844581,0.9361046759761742,2.7665710914688453,1.0068894780425592,0.8523571793844896,0,0,0,0,0.68,0
scene-0112,8,13,1.055439146715906,1.027345680243951,3.174535916234187,0.8857187287365248,0.5184042977236859,0,0,0,0,0.48,0
scene-0112,9,13,0.34102811148545403,0.5839761223590002,0.9481183282884055,0.9104339445980183,0.8633480047801152,0,0,0,0,0.52,0
scene-0112,10,13,0.7632043487529834,0.8736156756566261,1.6865017815210583,0.9763792582842661,0.8316767424438242,0,0,0,0,0.64,0
scene-0112,11,13,0.353223983623288,0.594326495811257,1.1261856044183007,0.9207320545423906,0.8567175448987735,0,0,0,0,0.56,0
scene-0112,12,13,0.5084696656197818,0.7130705895069448,1.748550202332121,0.9248627215260081,0.8063925412680621,0,0,0,0,0.6,0
scene-0112,13,13,0.6488929997236147,0.8055389498488665,1.9334603153515866,1.587634937451554,1.5408928378457407,0,0,0,0,0.92,1
scene-0112,14,13,0.23379733802747307,0.483525943489564,0.6707446657974347,0.7951238901700409,0.7529825541197713,0,0,0,0,0.4,0
scene-0112,15,13,0.16227180046869785,0.40282974129115373,0.4340336859352947,0.8713088915650786,0.8696561014441754,0,0,0,0,0.44,0
scene-0112,16,13,0.2799320961538462,0.5290860952187708,0.9101376331360951,0.4121932255638786,0.20266664997469677,0,0,0,0,0.2,0
scene-0112,17,13,0.07477552317554241,0.2734511348953272,0.19805888461538496,0.2976715169387206,0.2559355223789293,0,0,0,0,0.0,0
scene-0112,18,13,0.11762949028499414,0.3429715590030668,0.41654870003310046,0.4596960840985058,0.3984808389190014,0,0,0,0,0.28,0
scene-0112,19,13,0.1157655599460422,0.340243383397888,0.32418454972061783,0.4088211138078502,0.31578669435960416,0,0,0,0,0.16,0
scene-0112,20,13,0.06373554826883154,0.25245900314473146,0.20820241165504566,0.5011461522286937,0.46998153927201347,0,0,0,0,0.36,0
scene-0112,21,13,0.1786558327009282,0.42267698387885777,0.589332598559858,0.3728046125217657,0.2821847486397493,0,0,0,0,0.12,0
scene-0112,22,13,0.06703991248495059,0.25892066832323485,0.19113670480280787,0.35394351046026135,0.2995557278947382,0,0,0,0,0.08,0
scene-0112,23,13,0.05726548424506345,0.23930207739395712,0.18494170747152142,0.304077194286887,0.2600856419036874,0,0,0,0,0.04,0
scene-0112,24,13,0.08380153867771435,0.2894849541473863,0.23529161257411266,0.4648988671175453,0.4170116549425266,0,0,0,0,0.32,0
scene-0112,25,13,0.01766709407631954,0.13291762139129462,0.048823699060680556,0.42798038084710477,0.41560937607448895,0,0,0,0,0.24,0
scene-0113,0,13,0.5572263420842908,0.7464759487647883,1.8190304622350082,2.255391342810209,2.255222974550588,0,0,0,1,0.7916666666666666,0
scene-0113,1,13,1.2480027633363695,1.1171404402922533,3.9402537385167156,2.6139722514722807,2.613868061365737,0,1,1,1,0.9583333333333334,1
scene-0113,2,13,0.5859765669472443,0.7654910626174837,1.4849741064768074,2.330133909104753,2.3297983118726333,0,0,1,1,0.875,1
scene-0113,3,13,2.2399160441367942,1.49663490676143,6.705825402914149,2.2874885694719573,2.2387470579652904,0,0,0,1,0.8333333333333334,1
scene-0113,4,13,2.793075217970872,1.6712495977474078,8.055650152322716,2.48384313483813,2.368196190711608,0,0,1,1,0.9166666666666666,1
scene-0113,5,13,2.9368991686801587,1.7137383606257284,8.685370294420846,2.678915338519953,2.6773775848421653,0,1,1,1,1.0,1
scene-0113,6,13,1.3493869234877092,1.1616311477778603,3.7865304429683198,1.9872993499009795,1.9629257711888812,0,0,0,0,0.75,0
scene-0113,7,13,0.9343172615557306,0.9666008801753341,3.00975467793883,1.6294387066152038,1.580715898982777,0,0,0,0,0.7083333333333334,0
scene-0113,8,13,1.57308656836632,1.2542274787160104,4.552980736094999,1.4255563754425717,1.3329842774985068,0,0,0,0,0.625,0
scene-0113,9,13,2.116375019014963,1.4547766216897229,6.738142992577068,1.2851145800715513,1.0025344962722331,0,0,0,0,0.5416666666666666,0
scene-0113,10,13,4.1536749608308385,2.0380566628116203,12.609828465006178,1.5709124998776618,1.2736521563112102,0,0,0,0,0.6666666666666666,0
scene-0113,11,13,1.383445281998477,1.176199507736029,3.8332951474878225,0.8642495396404654,0.3045547588957161,0,0,0,0,0.2916666666666667,0
scene-0113,12,13,0.7198918303619042,0.8484643954591755,2.277168646541347,0.6280885097501846,0.46359404293483825,0,0,0,0,0.08333333333333333,0
scene-0113,13,13,1.150510134616808,1.0726183545962693,3.626181179737761,0.936062864743871,0.9050170935692631,0,0,0,0,0.375,0
scene-0113,14,13,2.9283478662123277,1.7112416153811616,9.49372166977383,1.032186699240104,1.014045828712212,0,0,0,0,0.4583333333333333,0
scene-0113,15,13,0.4068092213255863,0.6378159776342909,1.1729000067190236,1.1705030740117315,1.1691001796941316,0,0,0,0,0.5,0
scene-0113,16,13,0.43378992606047856,0.6586273043690783,1.391692833072469,0.6902586696489925,0.6841907683963062,0,0,0,0,0.16666666666666666,0
scene-0113,17,13,0.3682831184416651,0.6068633441242477,1.1566229697502044,0.543987494629241,0.5400938395239917,0,0,0,0,0.0,0
scene-0113,18,13,2.807486537217601,1.6755555906079633,8.339331959128499,0.7619037835327058,0.6476207776683482,0,0,0,0,0.20833333333333334,0
scene-0113,19,13,2.5603486242780273,1.6001089413780636,8.23675758025498,0.9136867461398747,0.4566473292198463,0,0,0,0,0.3333333333333333,0
scene-0113,20,13,0.43943576674632495,0.6628995148182905,1.5013316612699712,0.6180370040364942,0.4236901984368309,0,0,0,0,0.041666666666666664,0
scene-0113,21,13,2.9828536060955915,1.727093977204365,9.658636215344579,0.773127422664995,0.45891878076276904,0,0,0,0,0.25,0
scene-0113,22,13,1.6853251190346057,1.2982007237074726,5.2903917133041665,0.9811344743514019,0.827477401750199,0,0,0,0,0.4166666666666667,0
scene-0113,23,13,0.26328268796656557,0.5131107950204961,0.8320632084437926,0.6892478478320094,0.664191034527269,0,0,0,0,0.125,0
scene-0113,24,13,0.6189198576647672,0.7867145973380482,1.8369931559471624,1.421260915900474,1.387670566219087,0,0,0,0,0.5833333333333334,0
scene-0114,0,13,0.18550039645930752,0.43069756959995437,0.521595490923614,0.5439337190736604,0.42908177995364766,0,0,0,0,0.08333333333333333,0
scene-0114,1,13,0.24023348199319194,0.49013618719004204,0.6905316652951329,0.4626631014799138,0.27345610491322314,0,0,0,0,0.041666666666666664,0
scene-0114,2,13,0.12430544370354697,0.35256977139787093,0.3271804750202042,0.41917999800844463,0.34526818971786993,0,0,0,0,0.0,0
scene-0114,3,13,0.045269627402790336,0.21276660311898185,0.1304212956096081,0.9134249301317403,0.9096963625137335,0,0,0,0,0.2916666666666667,0
scene-0114,4,13,0.27734967615411277,0.5266399872342706,0.8877898937118829,0.8882174931600694,0.8094639616748814,0,0,0,0,0.20833333333333334,0
scene-0114,5,13,0.14917233284023693,0.3862283428753474,0.4294287869822491,1.1286551409164174,1.1238109024617864,0,0,0,0,0.4583333333333333,0
scene-0114,6,13,0.9351406902565094,0.9670267267539762,2.408030544316346,0.9625719875498133,0.7122797108928811,0,0,0,0,0.375,0
scene-0114,7,13,0.9740662514792899,0.9869479477050904,2.3058150147929,0.849290254188928,0.4906078611842137,0,0,0,0,0.16666666666666666,0
scene-0114,8,13,0.930474234220907,0.9646109237515959,2.182721999999999,0.8130777677691303,0.2743208790667235,0,0,0,0,0.125,0
scene-0114,9,13,0.7783610530445931,0.8822477277072427,1.785261081222585,0.9046239592534542,0.4923784900336719,0,0,0,0,0.25,0
scene-0114,10,13,4.0632216016893175,2.0157434364743243,13.202592913816558,0.9301573846931301,0.28966956655731957,0,0,0,0,0.3333333333333333,0
scene-0114,11,13,0.9238431038478007,0.9611675732398595,2.4150443834699717,1.0092505155994067,0.7935648605710058,0,0,0,0,0.4166666666666667,0
scene-0114,12,13,1.2284069355026939,1.108335208997122,3.351155139797988,1.2023759062674984,0.9905317925487286,0,0,0,0,0.5,0
scene-0114,13,13,19.48377672879684,4.414043127201731,49.47226447633135,3.0448396502505464,0.6869943669947879,1,1,1,1,1.0,1
scene-0114,14,13,0.8485182357001975,0.9211504956847157,2.4629111686390526,2.5613927036599398,2.5613371464891954,0,0,1,1,0.9583333333333334,1
scene-0114,15,13,5.510542531181687,2.3474544790435634,16.921147208771664,2.309001598413482,1.7090411910462227,0,0,1,1,0.8333333333333334,1
scene-0114,16,13,3.6690310268614006,1.9154714894410203,10.105800117586597,1.9716908284710586,1.619741293571522,0,0,0,0,0.625,0
scene-0114,17,13,4.179883922827922,2.044476442228651,10.717927310053597,2.091156883647602,1.7962193634603327,0,0,0,0,0.7083333333333334,0
scene-0114,18,13,9.15682571919698,3.026024738695469,25.027084392429806,2.211894058348526,0.45766573917364184,0,0,0,1,0.75,0
scene-0114,19,13,6.936603225977521,2.6337431966646863,20.161577004618817,1.9943205411992486,0.6388928669504106,0,0,0,0,0.6666666666666666,0
scene-0114,20,13,5.2841823479428776,2.298734945125879,15.462903233630099,2.271837467532794,1.7079356456172903,0,0,0,1,0.7916666666666666,0
scene-0114,21,13,5.430895079453793,2.3304280893118743,16.350711234906175,2.3418232650808815,1.9281878062553126,0,0,1,1,0.9166666666666666,1
scene-0114,22,13,4.488037922574374,2.1184989786578545,12.433535675517202,2.3325213106541485,2.268706722999493,0,0,1,1,0.875,1
scene-0114,23,13,3.8105605310986177,1.9520657087041455,10.45810535039597,1.871261979594191,1.7528511539703973,0,0,0,0,0.5833333333333334,0
scene-0114,24,13,4.791934353698334,2.1890487326001526,10.113428094895047,1.6612431964960512,1.1526990037842715,0,0,0,0,0.5416666666666666,0
scene-0115,0,13,5.067611632111418,2.2511356316560356,13.477237664480601,1.7081923300984903,1.3317377851694838,0,0,0,0,0.76,0
scene-0115,1,13,3.8580329741879793,1.964187611759116,10.731078776819292,1.4684824934771257,1.1469173470562903,0,0,0,0,0.68,0
scene-0115,2,13,2.661606168571944,1.6314429712901226,6.859461089419705,1.3820394449451712,0.9043606859225962,0,0,0,0,0.56,0
scene-0115,3,13,2.194014506754934,1.4812206138029993,6.657703391860229,1.079379499289556,0.4855432265927646,0,0,0,0,0.24,0
scene-0115,4,13,1.5620210621426047,1.2498084101743774,4.297961347136525,1.316142620754918,1.0377834552793075,0,0,0,0,0.48,0
scene-0115,5,13,1.7314932408006622,1.3158621663383525,5.2873765425644725,1.1261903149884174,0.6760260420891764,0,0,0,0,0.32,0
scene-0115,6,13,0.5881519789600654,0.7669106720864337,1.8291114613707957,1.465938035655148,1.4514922342444379,0,0,0,0,0.64,0
scene-0115,7,13,0.42134958305645115,0.6491144606742721,1.2242002427769376,1.288166214467124,1.275920015917155,0,0,0,0,0.44,0
scene-0115,8,13,0.6962104096136126,0.8343922396652623,1.9403787827954793,1.195715078147583,1.140509290646834,0,0,0,0,0.4,0
scene-0115,9,13,1.7625380639522075,1.3276061403715362,4.6164422667176614,0.9325521580304451,0.510269787082729,0,0,0,0,0.08,0
scene-0115,10,13,1.6308132790962773,1.277032998436719,4.2294363918194104,0.9462777766397836,0.6264271415752455,0,0,0,0,0.12,0
scene-0115,11,13,1.1291277163104452,1.0626042143293264,2.970586775340411,0.7814080750357582,0.22767443896009,0,0,0,0,0.0,0
scene-0115,12,13,1.2049367480063744,1.0976961091332949,2.935250713279019,0.9143820273724927,0.33305694781178974,0,0,0,0,0.04,0
scene-0115,13,13,1.6044824495129995,1.2666816685785736,4.437775940333969,1.0056357840731478,0.4876741272955654,0,0,0,0,0.2,0
scene-0115,14,13,1.5821159555560182,1.2578219093162666,4.279428363918172,1.1195218373216194,0.55272430066428,0,0,0,0,0.28,0
scene-0115,15,13,0.7236654974084274,0.8506853104458942,2.0460326163479254,1.1343392541554502,1.0520238166740743,0,0,0,0,0.36,0
scene-0115,16,13,0.6449000559350658,0.803056695342904,2.016365372790694,1.4256517922464225,1.424624377114613,0,0,0,0,0.6,0
scene-0115,17,13,0.21573575332742015,0.464473630389735,0.7042447375624743,1.619441360200631,1.6193240870945818,0,0,0,0,0.72,0
scene-0115,18,13,0.24001611857374408,0.4899143992308698,0.7870263505278733,2.1561741973356026,2.156141706550034,0,0,0,1,0.88,1
scene-0115,19,13,0.7052716624585381,0.8398045382459767,2.194791276321781,2.724614507261062,2.7245072362964176,0,1,1,1,1.0,1
scene-0115,20,13,2.639571624137909,1.6246758520203066,7.807675224289577,2.6638546335747098,2.663014981478946,0,1,1,1,0.96,1
scene-0115,21,13,2.31129039337666,1.5202928643444527,7.288814217661725,2.545208285221747,2.5432108866101255,0,0,1,1,0.92,1
scene-0115,22,13,1.8228305483743164,1.350122419773228,5.360438139461307,2.047229036015252,2.02375611896309,0,0,0,0,0.84,1
scene-0115,23,13,4.449632410527003,2.109415182112569,12.277439532042287,1.7204294622721732,1.0650310286987377,0,0,0,0,0.8,1
scene-0115,24,13,3.275100290926085,1.8097238162012692,9.975976568243016,1.3596191718873416,0.9437394799455842,0,0,0,0,0.52,0
scene-0115,25,13,1.6410964060683246,1.2810528506148076,4.6879991162285455,0.9562374450378726,0.49922565302332617,0,0,0,0,0.16,0
scene-0116,0,13,8.88295818247693,2.980429194340461,28.929052464303027,2.2332431504176853,1.8346178939112574,0,0,0,1,0.92,1
scene-0116,1,13,8.139140375730475,2.8529178704846156,26.341968422094762,1.8818114861830453,1.5641341523979737,0,0,0,0,0.64,0
scene-0116,2,13,10.024291943642625,3.166116223963142,32.832165853715736,2.098566052135833,0.7430136501855732,0,0,0,1,0.88,1
scene-0116,3,13,6.9387239330027635,2.634145769125688,23.095223599452417,1.9529915393895925,0.1528512268587877,0,0,0,0,0.76,0
scene-0116,4,13,7.659238250111692,2.767532881486992,24.993512835624735,2.049439252102133,0.38497610928985565,0,0,0,0,0.84,1
scene-0116,5,13,8.56835041144536,2.9271744757436924,27.11585689165277,2.276937194949059,0.683962224466509,0,0,0,1,0.96,1
scene-0116,6,13,7.182106361838033,2.6799452162008897,20.865493982718156,1.908768420352198,0.5043545959995748,0,0,0,0,0.72,0
scene-0116,7,13,7.096699294926766,2.663963080623822,18.132674862629422,1.7887396921334768,0.7111113037870513,0,0,0,0,0.48,0
scene-0116,8,13,7.976349834158179,2.8242432321169115,20.33111047160764,1.9847157738599015,0.6106894986866624,0,0,0,0,0.8,1
scene-0116,9,13,3.197848580120251,1.7882529407553762,10.131353970986384,1.5479135122898762,1.179534031198399,0,0,0,0,0.32,0
scene-0116,10,13,4.7360578317817295,2.1762485684732176,13.539759926285429,1.857816379637791,1.3170296322014245,0,0,0,0,0.6,0
scene-0116,11,13,2.777748425593593,1.6666578609881493,7.7274808146524485,1.8268967383642414,1.485256863417843,0,0,0,0,0.52,0
scene-0116,12,13,3.8724733768548485,1.967860100935747,11.795599525979972,1.7369139691097553,1.6985646147477036,0,0,0,0,0.4,0
scene-0116,13,13,3.6579340650777117,1.9125726300137498,11.829383799391518,2.3756295133555936,2.3421799081433075,0,0,1,1,1.0,1
scene-0116,14,13,2.5095129075596323,1.5841442193056894,8.136877995075304,1.209949439992776,1.1371314009677145,0,0,0,0,0.08,0
scene-0116,15,13,4.7024732151450195,2.1685186683874824,14.638394158716666,1.2973664637981035,1.191249906618837,0,0,0,0,0.12,0
scene-0116,16,13,3.797184215422621,1.9486365016140443,12.3345505110084,1.1213518896397507,0.4381421392747198,0,0,0,0,0.0,0
scene-0116,17,13,5.929996429852757,2.435158399335197,19.35104730090198,1.4591138427387105,0.8053691448555284,0,0,0,0,0.2,0
scene-0116,18,13,3.739971909592205,1.9339006979656956,12.370402736024962,1.1907694208091035,0.35777766045393783,0,0,0,0,0.04,0
scene-0116,19,13,5.139418453847012,2.2670285516170745,16.066728609511564,1.347879961364166,0.4714679148255234,0,0,0,0,0.16,0
scene-0116,20,13,4.821220238127175,2.195727724042117,15.83597467024517,1.5345486553007344,0.38690754846969105,0,0,0,0,0.24,0
scene-0116,21,13,3.048066910382012,1.7458713899889682,9.652622836595762,1.6370255666457818,1.0885216949698213,0,0,0,0,0.36,0
scene-0116,22,13,4.4273635641051605,2.1041301205260954,13.673390578406883,1.8977516378500032,1.2106287867529684,0,0,0,0,0.68,0
scene-0116,23,13,2.885214583506292,1.69859194143452,8.781619318814547,1.828499740642955,1.5126875177517072,0,0,0,0,0.56,0
scene-0116,24,13,2.674834408605493,1.6354920998297402,7.87007584715314,1.5439279188611548,1.3280302837096138,0,0,0,0,0.28,0
scene-0116,25,13,4.218045584751546,2.0537881060984713,10.831178470284,1.7844262485079447,1.3226171386282866,0,0,0,0,0.44,0
scene-0117,0,13,1.3950992060457263,1.181143177623156,5.347428429795553,1.1288186141446581,0.9168894917304816,0,0,0,0,0.68,0
scene-0117,1,13,1.7741085175969957,1.3319566500442106,6.260098138630007,1.5188081129298623,1.1114148461192774,0,0,0,0,0.84,1
scene-0117,2,13,0.20483069491906847,0.4525822521034916,0.5476588636600006,0.8937863801589014,0.822987919792439,0,0,0,0,0.48,0
scene-0117,3,13,0.39180245682225506,0.6259412566864841,1.568645851106718,0.6899266448097465,0.5123750192981538,0,0,0,0,0.36,0
scene-0117,4,13,0.5190365430077791,0.7204419081423422,1.8815436710467528,0.6581750704336309,0.5041533341207782,0,0,0,0,0.32,0
scene-0117,5,13,1.9245682962741677,1.3872881086040374,7.677746345942581,0.8060039454217377,0.4401096167984268,0,0,0,0,0.44,0
scene-0117,6,13,0.6941988286137194,0.8331859508019319,2.2887761499377337,0.6506885381217775,0.5659197119230125,0,0,0,0,0.28,0
scene-0117,7,13,0.18098479108911766,0.42542307305683086,0.6752476556642797,0.4398102418649276,0.34684396552591146,0,0,0,0,0.16,0
scene-0117,8,13,0.17585882848432935,0.41935525331671875,0.576913950128355,0.4034078368158499,0.2573143483224533,0,0,0,0,0.12,0
scene-0117,9,13,0.8853043124955091,0.9409061124764304,3.451542028320643,0.5012765650661968,0.1424674443147268,0,0,0,0,0.2,0
scene-0117,10,13,0.12515088220292367,0.35376670589941567,0.3956103128773789,0.3867415858373484,0.33868246740689073,0,0,0,0,0.08,0
scene-0117,11,13,4.641441331638881,2.15440045758417,15.082427997575623,0.9164485698027659,0.8418086651397051,0,0,0,0,0.52,0
scene-0117,12,13,0.156202810374841,0.39522501233454466,0.5117508246550694,0.3309295812524518,0.19440288309105902,0,0,0,0,0.04,0
scene-0117,13,13,0.11281069127892063,0.3358730285076797,0.43145810056834033,0.316314263343424,0.21256644960012339,0,0,0,0,0.0,0
scene-0117,14,13,5.97698759433597,2.4447878423977754,24.748866143334965,1.0010300923436708,0.3826763426527471,0,0,0,0,0.6,0
scene-0117,15,13,2.159682828669251,1.4695859378305343,8.711569266614791,1.10646068147328,0.7655974288963673,0,0,0,0,0.64,0
scene-0117,16,13,0.10062321317453626,0.3172116220672507,0.33994419453980906,1.2240365442616197,1.2164822368560186,0,0,0,0,0.72,0
scene-0117,17,13,2.8583043366157703,1.69065204480868,9.248625946966666,1.8284274914271126,1.3413783362711662,0,0,0,0,1.0,1
scene-0117,18,13,1.3461387866410204,1.1602322123786344,4.234770702729306,1.6389973696819726,1.4813724281852874,0,0,0,0,0.96,1
scene-0117,19,13,2.507863606321283,1.5836235683776883,7.554965730403615,1.5538984327525083,1.2765907867111552,0,0,0,0,0.92,1
scene-0117,20,13,2.368902077244871,1.5391238017927182,6.654809945748813,1.3404346458155656,0.7309777042832876,0,0,0,0,0.8,1
scene-0117,21,13,4.534482663769945,2.129432474573905,16.408441536981414,1.5244994674041443,0.804185959002553,0,0,0,0,0.88,1
scene-0117,22,13,1.7620568208721004,1.3274248833256443,5.6444819575837135,1.2252108767367118,1.0771187332377372,0,0,0,0,0.76,0
scene-0117,23,13,3.176954340274841,1.7824012848611956,8.631794305775346,0.9467195183517033,0.2778809010274119,0,0,0,0,0.56,0
scene-0117,24,13,0.5137151639313521,0.7167392579811378,1.6670981397657934,0.6366102149615896,0.526895186294584,0,0,0,0,0.24,0
scene-0117,25,13,0.1715522064196707,0.41418861213180486,0.5309833286993132,0.7734490746588822,0.7021522905180793,0,0,0,0,0.4,0
scene-0118,0,13,0.972366673448409,0.9860865446036717,2.8110483831135387,0.9465288322315288,0.6405398468780177,0,0,0,0,0.16,0
scene-0118,1,13,1.1615385620899137,1.0777469842638918,3.0007729934465743,1.024625156004561,0.6744074169741704,0,0,0,0,0.24,0
scene-0118,2,13,1.0445629492147985,1.022038624130614,2.81791311844863,1.236787011794881,0.9934765300032279,0,0,0,0,0.32,0
scene-0118,3,13,1.208819319988698,1.099463196286578,3.294941618901234,1.7600036288306669,1.6242892498226407,0,0,0,0,0.52,0
scene-0118,4,13,0.3703568276581573,0.6085694928750186,0.9808180431152436,1.8989119986708078,1.8524457572082114,0,0,0,0,0.6,0
scene-0118,5,13,0.3815714462163489,0.6177146964548835,1.104047687009985,2.1715028678766175,2.1637790886649415,0,0,0,1,0.8,1
scene-0118,6,13,3.0450789411462202,1.7450154558473745,9.563395632767438,2.337794437633502,1.992393577751968,0,0,1,1,0.88,1
scene-0118,7,13,2.1341524985779676,1.4608738818179918,6.02210090228499,2.1196325439431765,1.9815460694972167,0,0,0,1,0.72,0
scene-0118,8,13,1.5089343888004934,1.228386905172997,4.209628329814326,1.7999934179603385,1.6980383582147718,0,0,0,0,0.56,0
scene-0118,9,13,3.5390625782408542,1.8812396387065775,10.00070118470603,1.9372753605629809,1.6114136149397618,0,0,0,0,0.64,0
scene-0118,10,13,4.695886369270584,2.1669993930018956,14.012802817501264,2.51924499709926,2.1952825236465014,0,0,1,1,0.92,1
scene-0118,11,13,3.3534320450402375,1.8312378450218414,10.137882857427275,3.1852041721074404,3.0338845963905445,1,1,1,1,1.0,1
scene-0118,12,13,2.9211405833637567,1.7091344544428788,9.092141440800917,2.888280755891024,2.7070921834671657,0,1,1,1,0.96,1
scene-0118,13,13,4.200663087026617,2.0495519234765966,15.629435217936194,2.1603920044209706,1.6865021509231095,0,0,0,1,0.76,0
scene-0118,14,13,2.0094238855469606,1.4175414934127892,6.873827012710281,1.960111238585701,1.8189026191215014,0,0,0,0,0.68,0
scene-0118,15,13,1.8071848356806288,1.3443157499935159,6.235155312909217,2.2080278564852196,2.169392353717401,0,0,0,1,0.84,1
scene-0118,16,13,1.9606405572159262,1.400228751745916,6.016779244838812,1.4990811426078363,1.230894282531705,0,0,0,0,0.4,0
scene-0118,17,13,1.1830344997976239,1.0876738940498774,4.055662746112566,1.5980613848832994,1.5123007829541646,0,0,0,0,0.44,0
scene-0118,18,13,1.9464101839688854,1.3951380519392644,6.573797315442566,1.606045387001278,1.2949563638449202,0,0,0,0,0.48,0
scene-0118,19,13,2.091496911414844,1.4462008544510143,7.290335907948152,1.3290028098957394,0.9613584827875495,0,0,0,0,0.36,0
scene-0118,20,13,0.7028340831542573,0.8383520043241128,2.2313894632478033,0.8460679706091173,0.6439917139538736,0,0,0,0,0.08,0
scene-0118,21,13,0.9700668012958303,0.9849196928155262,3.238306909075878,0.9795084997136255,0.8266767643823322,0,0,0,0,0.2,0
scene-0118,22,13,0.528864580420567,0.7272307614647273,1.7039962760322567,0.6820177839145816,0.4687004973844466,0,0,0,0,0.0,0
scene-0118,23,13,0.7192519930657254,0.8480872555732254,2.205233781318842,0.7795566689442226,0.5361154998425549,0,0,0,0,0.04,0
scene-0118,24,13,0.9392594152697692,0.9691539688149501,3.0783978318886582,0.8875123474105179,0.5925349778267158,0,0,0,0,0.12,0
scene-0118,25,13,1.2799879440856048,1.1313655218741663,4.5255396050215415,1.1980823810807026,0.9128220424843226,0,0,0,0,0.28,0
scene-0119,0,13,3.0005844835507944,1.7322195252192474,6.818895113251765,2.030517079698742,1.5903210681384332,0,0,0,0,0.4583333333333333,0
scene-0119,1,13,3.0132620171592,1.7358750004419097,8.71127019594415,2.3145787701292244,2.177340362515359,0,0,1,1,0.6666666666666666,0
scene-0119,2,13,1.868057139483298,1.3667688683472776,5.951452194668328,1.8016245235876822,1.7115371663186132,0,0,0,0,0.20833333333333334,0
scene-0119,3,13,2.352061475428067,1.5336432034303373,6.79292061674603,2.1917814393117285,2.1386817444860533,0,0,0,1,0.5416666666666666,0
scene-0119,4,13,3.76333963036938,1.93993289326445,11.801574082676284,1.6465538450027752,1.0726475828518263,0,0,0,0,0.125,0
scene-0119,5,13,5.214647184369036,2.28356019941867,15.140480541002072,2.3036485058451293,1.9529431536344788,0,0,1,1,0.625,0
scene-0119,6,13,6.083640647781404,2.46650372952919,19.075681379179073,2.791887865139905,2.4138029005920294,0,1,1,1,1.0,1
scene-0119,7,13,0.7891020652223474,0.8883141703374698,2.6644255159737664,2.414074875359525,2.343225356593257,0,0,1,1,0.8333333333333334,1
scene-0119,8,13,2.8635474808612096,1.6922019621963595,9.044990756635686,2.3528629249126913,2.16783520582338,0,0,1,1,0.7916666666666666,0
scene-0119,9,13,1.0877855392501827,1.0429695773368381,3.942617682193213,1.509305041282514,1.4435868509890353,0,0,0,0,0.08333333333333333,0
scene-0119,10,13,1.5226471513235584,1.2339558952100187,5.297445740758923,1.9676254570192926,1.8383922885646395,0,0,0,0,0.375,0
scene-0119,11,13,2.8429973546230314,1.6861190214878163,10.6692098420058,1.6598193143026354,1.1808300619124166,0,0,0,0,0.16666666666666666,0
scene-0119,12,13,1.8569632067970459,1.3627043724876815,6.172628411201993,1.9509001143902698,1.7562533078445959,0,0,0,0,0.3333333333333333,0
scene-0119,13,13,5.15049684282095,2.269470608494622,16.5228549483658,2.773832026263596,2.6085656073918813,0,1,1,1,0.9583333333333334,1
scene-0119,14,13,2.636061260484231,1.623595165207211,9.712991082560064,1.888516540494575,1.589898275168154,0,0,0,0,0.2916666666666667,0
scene-0119,15,13,1.7412643020736625,1.3195697412693512,6.196924967094654,1.8426762285396114,1.7757834682133176,0,0,0,0,0.25,0
scene-0119,16,13,0.9619496834037573,0.9807903361084658,3.2296549001684007,2.324692294925213,2.2745685198613232,0,0,1,1,0.7083333333333334,0
scene-0119,17,13,1.0189390930010618,1.00942512996312,3.859849110205943,2.0456564883292097,2.0089851086880923,0,0,0,0,0.5,0
scene-0119,18,13,2.1948268340342083,1.4814947971674448,7.9158308315745165,2.5658944108404773,2.4856617247782578,0,0,1,1,0.875,1
scene-0119,19,13,3.3928011402158673,1.8419557921448244,11.656925706317022,2.33993581857827,2.207882496101458,0,0,1,1,0.75,0
scene-0119,20,13,2.0712836522198215,1.43919548784028,7.460314585634843,2.011727881599207,1.738529578821997,0,0,0,0,0.4166666666666667,0
scene-0119,21,13,1.1903358353432099,1.0910251304819747,3.9300710103790735,2.653598193297503,2.552403669876949,0,1,1,1,0.9166666666666666,1
scene-0119,22,13,1.1493341121718348,1.0720700127192415,4.255822235442504,2.2729410898816584,2.182162641411475,0,0,0,1,0.5833333333333334,0
scene-0119,23,13,1.6882360358389512,1.2993213751181618,5.791359017709992,1.287069502255839,1.1172239084215938,0,0,0,0,0.041666666666666664,0
scene-0119,24,13,1.647641587931312,1.2836049189416936,5.591816874009,1.1437795853528483,0.8477192531349528,0,0,0,0,0.0,0
scene-0140,0,13,1.9801782543391386,1.40718806644284,6.764513618634014,1.1959764757725795,0.8736882905131261,0,0,0,0,0.56,0
scene-0140,1,13,0.9482765830311798,0.9737949389020153,2.875785510847869,1.0864813298897533,0.9128410152898225,0,0,0,0,0.44,0
scene-0140,2,13,1.224971240894335,1.1067841889430545,4.124821552024034,0.9696908931441619,0.7436744731062314,0,0,0,0,0.32,0
scene-0140,3,13,0.8078776640870732,0.8988201511354055,2.7854818717106182,1.2034307890411862,1.0863194393475721,0,0,0,0,0.6,0
scene-0140,4,13,0.9876417847314197,0.9938016827976394,3.6786592607907305,1.3837038406440902,1.2358605090183434,0,0,0,0,0.68,0
scene-0140,5,13,0.7723282727099051,0.8788220938903989,3.0061261230361844,1.2772505383520476,1.1394672381528224,0,0,0,0,0.64,0
scene-0140,6,13,0.9138452151987219,0.9559525172301823,3.437069185163506,1.0335326082759275,0.8329987534615949,0,0,0,0,0.36,0
scene-0140,7,13,1.2650742429620097,1.1247551924583454,4.92903938055383,1.39026126563304,1.2240041077813106,0,0,0,0,0.72,0
scene-0140,8,13,1.522469429914265,1.2338838802392489,5.970716095186005,1.18677665359999,0.9904443057348784,0,0,0,0,0.52,0
scene-0140,9,13,4.959739597564259,2.227047282292017,19.664909592443344,1.5068802535112953,1.310881397051852,0,0,0,0,0.8,1
scene-0140,10,13,0.9783261823202168,0.9891037267750116,3.5155750660581333,1.957132674087433,1.8671858760171955,0,0,0,0,0.92,1
scene-0140,11,13,1.531094305318323,1.237373955325682,5.764111215858727,2.361834206941933,2.226627864246136,0,0,1,1,0.96,1
scene-0140,12,13,1.229571260868658,1.1088603432663007,4.306585222294901,2.579240292418699,2.5124711456010984,0,1,1,1,1.0,1
scene-0140,13,13,1.7305031174940062,1.3154858864670522,6.752785922406691,1.4563160883579593,1.2865952466355857,0,0,0,0,0.76,0
scene-0140,14,13,0.5067220468934117,0.7118441169900975,1.7208698655786832,1.5820984085729088,1.5195877483977787,0,0,0,0,0.84,1
scene-0140,15,13,0.829129069650229,0.9105652473327922,2.40585414702295,1.1599944492808036,1.0213051542310319,0,0,0,0,0.48,0
scene-0140,16,13,0.9282696936674775,0.9634675363848423,2.7072283173454896,0.9052796295583984,0.5156952482232308,0,0,0,0,0.28,0
scene-0140,17,13,0.45564240142527374,0.675012889821575,1.4546580662770905,1.035115738208126,0.8830885267377973,0,0,0,0,0.4,0
scene-0140,18,13,0.2716179228603768,0.521169763954488,0.9965455329870729,0.6926811748888266,0.5742614317430931,0,0,0,0,0.16,0
scene-0140,19,13,0.22116298875856735,0.4702796920541725,0.7453980785226524,0.7207349658863355,0.6406580249953296,0,0,0,0,0.2,0
scene-0140,20,13,0.26090367522406527,0.5107873091846207,0.894861324186857,0.6204392912889121,0.5532496003086159,0,0,0,0,0.0,0
scene-0140,21,13,0.14798909047000167,0.38469350198567387,0.4768596306545746,0.6503014601577242,0.5857833460106506,0,0,0,0,0.08,0
scene-0140,22,13,0.19116711528476446,0.43722661776790817,0.620235251502767,0.6322051758091244,0.5752819933748697,0,0,0,0,0.04,0
scene-0140,23,13,0.32951716372508716,0.574035855783493,1.0427387931753391,0.8021867620073297,0.7024495735333042,0,0,0,0,0.24,0
scene-0140,24,13,0.1496635576303125,0.38686374556206804,0.45526582079882033,0.6611875116835264,0.5957821303428861,0,0,0,0,0.12,0
scene-0140,25,13,10.108716519999339,3.1794207837276494,33.25240412153353,1.5927961859870383,0.8257859892734585,0,0,0,0,0.88,1
scene-0142,0,13,1.8242660203119836,1.3506539232208907,6.58985001995195,1.8262616588445164,1.6143147123368025,0,0,0,0,0.92,1
scene-0142,1,13,0.9611861730350162,0.9804010266391077,3.5442044511003914,1.7293820017562636,1.6620697166975098,0,0,0,0,0.88,1
scene-0142,2,13,1.6420899032603853,1.2814405578334038,5.953407567330842,1.9132192399434844,1.77002401219308,0,0,0,0,0.96,1
scene-0142,3,13,2.2908583036229477,1.5135581599736918,7.834666781621225,1.9424163580767706,1.80957842502994,0,0,0,0,1.0,1
scene-0142,4,13,1.389162455613418,1.178627360794504,4.84918440766367,1.6531358502131484,1.5166031250888354,0,0,0,0,0.8,1
scene-0142,5,13,1.6973645293184016,1.302829432166161,6.054914063797808,1.510064955586258,1.2057039552119282,0,0,0,0,0.76,0
scene-0142,6,13,1.0729963470381223,1.0358553697491375,3.571850603273044,1.297049888112133,1.1007254771128194,0,0,0,0,0.64,0
scene-0142,7,13,0.6718550760853704,0.8196676619736626,2.001166166073563,1.1849654507231087,1.119392508396829,0,0,0,0,0.52,0
scene-0142,8,13,2.363893699230639,1.5374959184435708,7.3473679030413255,1.3901224199404267,0.8629298958219552,0,0,0,0,0.72,0
scene-0142,9,13,1.0426866649484179,1.0211202989601265,3.5589832728348725,0.9764161543078642,0.6310108499256283,0,0,0,0,0.24,0
scene-0142,10,13,1.8952078498067388,1.3766654821730437,5.960577295416396,1.0157274573819972,0.45916606665617127,0,0,0,0,0.32,0
scene-0142,11,13,2.24028226851437,1.496757251031165,7.157238638477617,1.0838870742384428,0.681754613052465,0,0,0,0,0.4,0
scene-0142,12,13,0.38111807417493915,0.6173476121075866,1.2178516641460324,0.7313691751232434,0.5706350882036925,0,0,0,0,0.0,0
scene-0142,13,13,1.9635268094961607,1.4012590087118657,7.313631549105005,0.9111023711618623,0.5592535862703151,0,0,0,0,0.2,0
scene-0142,14,13,0.14806453891760377,0.38479155255489145,0.5574152074466042,0.7504066667971319,0.7075153801022643,0,0,0,0,0.04,0
scene-0142,15,13,0.11071794621078239,0.33274306335486903,0.3223404311205987,0.8877455202111565,0.869453621602219,0,0,0,0,0.12,0
scene-0142,16,13,0.22277094881012172,0.4719861743845064,0.6952854916963471,1.0098882999353622,0.9803309903527335,0,0,0,0,0.28,0
scene-0142,17,13,1.12748110214633,1.0618291303907281,3.6746739130012953,1.70515931865998,1.6033348252237183,0,0,0,0,0.84,1
scene-0142,18,13,1.0186624324887086,1.0092880820106362,2.5170587411761196,1.3395609192907634,1.269839547394942,0,0,0,0,0.68,0
scene-0142,19,13,2.1625243249773654,1.470552387702446,7.7934541876299805,1.211956723203038,0.9596267159237742,0,0,0,0,0.56,0
scene-0142,20,13,0.9513042631293421,0.9753482778624988,2.65683657839331,1.1364719081119343,1.067616770307046,0,0,0,0,0.48,0
scene-0142,21,13,0.6126129758296347,0.7826959664069023,1.817784563853241,0.7750649225333834,0.6893388592894047,0,0,0,0,0.08,0
scene-0142,22,13,2.568805081667651,1.6027492260698961,9.567521321906897,1.2267661524707856,0.866059407186631,0,0,0,0,0.6,0
scene-0142,23,13,0.19533302284438203,0.44196495657957097,0.52402519550391,0.8905678780125807,0.8833042184558285,0,0,0,0,0.16,0
scene-0142,24,13,1.242575709995454,1.1147088005373664,4.758022980099079,1.084750388744703,0.8801891657778006,0,0,0,0,0.44,0
scene-0142,25,13,1.1910988093599684,1.0913747337005602,4.3122569706794085,1.0278882072391253,0.7680964941253237,0,0,0,0,0.36,0
scene-0143,0,13,1.3607702262258599,1.1665205639961345,4.4472155410185,0.8453029110784333,0.8095181491581798,0,0,0,0,0.28,0
scene-0143,1,13,0.3054042432264663,0.5526339142926955,0.9501727007582144,0.4732315779440167,0.24341861294546582,0,0,0,0,0.04,0
scene-0143,2,13,0.3811157376819952,0.6173457197405642,1.187430384704088,0.5553587853658111,0.3531163861747266,0,0,0,0,0.08,0
scene-0143,3,13,0.275106161959747,0.5245056357750096,1.0781067598748912,0.689285059926533,0.5791567717936119,0,0,0,0,0.12,0
scene-0143,4,13,0.9373279287307481,0.9681569752528503,3.550270153903569,0.9822468915987697,0.6560910911718737,0,0,0,0,0.32,0
scene-0143,5,13,3.9608445802471324,1.9901870716711865,12.117928607744211,1.361563283418777,1.2542658064149863,0,0,0,0,0.64,0
scene-0143,6,13,0.4229770371710466,0.6503668481488325,1.3965018119780277,0.7598705478652875,0.6143776837869356,0,0,0,0,0.24,0
scene-0143,7,13,2.97269993770689,1.7241519473952664,9.819077525468675,1.0126682713543824,0.7839265902194353,0,0,0,0,0.36,0
scene-0143,8,13,3.2262472582828585,1.7961757314591629,10.598013713819428,0.7302172136133417,0.33028944452315456,0,0,0,0,0.16,0
scene-0143,9,13,0.07127577177609348,0.2669752268958554,0.2534800424261365,0.35650421652692876,0.30553479748239626,0,0,0,0,0.0,0
scene-0143,10,13,0.2983900123509944,0.5462508694281359,0.7459473620138096,0.7467741053866739,0.6034354738631885,0,0,0,0,0.2,0
scene-0143,11,13,3.0272554981158297,1.7399010023894548,9.848206414291912,1.228399773111281,0.579518425051399,0,0,0,0,0.52,0
scene-0143,12,13,0.377620229041905,0.614508119589892,1.4349150685797767,1.1880239941473916,1.1323387859954301,0,0,0,0,0.4,0
scene-0143,13,13,0.6328984386763045,0.7955491428417886,2.0184955007826955,1.4274451214409136,1.3924485905186101,0,0,0,0,0.68,0
scene-0143,14,13,0.9042675183877623,0.9509298178034814,2.5712481175188633,1.1926375714428474,1.1331026495948484,0,0,0,0,0.44,0
scene-0143,15,13,4.784535963450273,2.1873582156222775,14.029831045156154,1.4924222650138006,0.37693965448016303,0,0,0,0,0.72,0
scene-0143,16,13,4.4350093739225995,2.105946194450988,12.778705231498654,2.0266675881716627,1.4512884609574364,0,0,0,0,1.0,1
scene-0143,17,13,2.0111506669914987,1.4181504387728048,5.535413307466472,1.3341664532688482,1.1346546428273283,0,0,0,0,0.56,0
scene-0143,18,13,2.1740208453894803,1.4744561185025074,5.620596826812455,1.6530614553701755,1.5834057632162277,0,0,0,0,0.84,1
scene-0143,19,13,1.3486831849351297,1.1613281986308306,4.0005157623020144,1.3585038324210326,1.2528552027902033,0,0,0,0,0.6,0
scene-0143,20,13,1.9623072655369918,1.4008237810434943,5.0859936116562166,1.2178237893141293,0.8591827243461493,0,0,0,0,0.48,0
scene-0143,21,13,3.7915646607335916,1.9471940480428733,9.49823501253362,1.5036231465473333,0.5825248794323338,0,0,0,0,0.76,0
scene-0143,22,13,2.4652644570590603,1.5701160648369472,6.26933231694457,1.5620654805596876,1.050648750399332,0,0,0,0,0.8,1
scene-0143,23,13,1.3879332822681836,1.1781058026629796,3.6727490035900194,1.867185604450145,1.7248601005800814,0,0,0,0,0.96,1
scene-0143,24,13,1.2418663220446533,1.1143905608199727,3.347445572209735,1.8520939142266057,1.7157443047446455,0,0,0,0,0.92,1
scene-0143,25,13,0.5411085306247411,0.735600795693385,1.7354100780483592,1.6879682238843843,1.6627634356525915,0,0,0,0,0.88,1
scene-0144,0,13,59.92149237766771,7.740897388395464,196.33899186142634,3.8009251362916747,2.8719870923098547,1,1,1,1,1.0,1
scene-0144,1,13,15.875713926947347,3.9844339531415685,47.79376042381063,2.489786226022381,0.6772283401479341,0,0,1,1,0.84,1
scene-0144,2,13,9.231479289940827,3.038334953546239,31.136094674556205,2.898619293830041,1.9301427644103049,0,1,1,1,0.96,1
scene-0144,3,13,5.913541972715528,2.431777533557609,19.02814502818232,2.4040215759710573,1.7561243228643317,0,0,1,1,0.8,1
scene-0144,4,13,6.329424050213395,2.5158346627338997,19.038598732491497,2.218667885056915,1.8527398365869494,0,0,0,1,0.72,0
scene-0144,5,13,9.720730967472491,3.1178086803831455,27.831583813059275,2.344475566239657,1.5288335463153437,0,0,1,1,0.76,0
scene-0144,6,13,7.528695375506295,2.7438468207074345,21.578214299260424,2.0274344674563136,1.4181133230285325,0,0,0,0,0.68,0
scene-0144,7,13,9.929134312997212,3.151052889590591,26.478677375040302,2.880547508210463,2.821361136237265,0,1,1,1,0.92,1
scene-0144,8,13,10.136997727937652,3.1838652182430165,27.492161914492105,2.8177539937568854,2.626717315040397,0,1,1,1,0.88,1
scene-0144,9,13,2.0920773456237973,1.446401516047255,6.17665118779165,1.5422953160524249,1.4562235744696295,0,0,0,0,0.36,0
scene-0144,10,13,1.7891468615658435,1.3375899452245608,4.986690136171115,1.4834881452226503,1.3904956175507361,0,0,0,0,0.32,0
scene-0144,11,13,2.1202837963811896,1.4561194306722198,6.232154414917237,1.8511406089009566,1.7727099723404744,0,0,0,0,0.6,0
scene-0144,12,13,2.3610196215939574,1.536560972299491,6.910949968582489,1.8713792671297722,1.7435806897388382,0,0,0,0,0.64,0
scene-0144,13,13,1.9303524613826095,1.3893712467812949,6.1314291914384516,1.787874464978454,1.6269139185998203,0,0,0,0,0.48,0
scene-0144,14,13,2.2562492076093434,1.5020816248158233,6.566005102109499,1.2249174220506587,0.6069987775044422,0,0,0,0,0.24,0
scene-0144,15,13,1.7466394335852424,1.3216048704454908,5.652113722135937,1.5996506696749966,1.3716069885428628,0,0,0,0,0.4,0
scene-0144,16,13,2.084849303922086,1.4439007250923057,6.278272591286324,1.8026832344440262,1.5350534400316735,0,0,0,0,0.52,0
scene-0144,17,13,2.133517655899046,1.4606565838344912,5.605547447304568,1.1079979439726648,0.701482528872063,0,0,0,0,0.16,0
scene-0144,18,13,1.6608604082613112,1.2887437325788673,5.434933792775839,0.9689492512657689,0.3592525768190206,0,0,0,0,0.0,0
scene-0144,19,13,1.2978099022639071,1.1392145988635798,3.671885334021973,1.0521022928429806,0.6826706379870066,0,0,0,0,0.04,0
scene-0144,20,13,4.966145575206038,2.2284850403819267,16.017047399070496,1.0925007268442035,0.3111133074187311,0,0,0,0,0.12,0
scene-0144,21,13,4.930868162065342,2.2205558227762126,16.12295421422798,1.2005366424422765,0.19626618206284063,0,0,0,0,0.2,0
scene-0144,22,13,5.109077983124916,2.260326963765401,16.32093746341739,1.07688207162291,0.20707518427909014,0,0,0,0,0.08,0
scene-0144,23,13,6.772027345021087,2.60231192308322,23.027570949488393,1.6081126864100734,0.19645107208981627,0,0,0,0,0.44,0
scene-0144,24,13,0.9704061722606209,0.9850919613216935,3.298286397739175,1.3833083421587757,1.1845097688139987,0,0,0,0,0.28,0
scene-0144,25,13,4.813467684633846,2.193961641559361,15.61216277822315,1.809546968563067,0.8921785556962062,0,0,0,0,0.56,0
scene-0145,0,13,0.7421412883334808,0.8614762262149088,2.3193698361756123,0.8424947681442003,0.6716247342872729,0,0,0,0,0.04,0
scene-0145,1,13,0.1494123987976896,0.38653900035790645,0.3693787311405852,0.8686982181845748,0.8625920600471044,0,0,0,0,0.08,0
scene-0145,2,13,0.253685633236661,0.5036721485616025,0.8235411810694653,1.1127888592135042,1.0831726624125049,0,0,0,0,0.16,0
scene-0145,3,13,0.2709040288199394,0.5204844174612141,0.7679528719741298,1.2718117624762482,1.2638293654570032,0,0,0,0,0.28,0
scene-0145,4,13,0.318307596387081,0.5641875542646089,0.8963229066287179,1.559578407548514,1.5444103376641152,0,0,0,0,0.48,0
scene-0145,5,13,0.9772481457508023,0.9885586202905735,2.5906157343856386,1.6344691179407453,1.611560972839623,0,0,0,0,0.6,0
scene-0145,6,13,1.3369071986152867,1.1562470318298277,3.5296947963610705,0.9900971829326033,0.7495649506616694,0,0,0,0,0.12,0
scene-0145,7,13,1.4218807313215927,1.1924264049917683,3.738870319647673,1.3969061843621868,1.3138365022188825,0,0,0,0,0.36,0
scene-0145,8,13,1.3537485367275288,1.1635069990023819,3.605218930006384,0.7924438843658739,0.3867833266416303,0,0,0,0,0.0,0
scene-0145,9,13,9.998019551850584,3.1619645083160854,30.97604025562752,2.0554514691450807,0.339936023277503,0,0,0,0,0.96,1
scene-0145,10,13,3.5764179161576664,1.8911419608685294,10.821077152234444,1.1897409282632452,0.48608400407890645,0,0,0,0,0.2,0
scene-0145,11,13,2.3829087156569426,1.5436672943535932,7.61322333884442,1.2586307311932712,0.7863692659157095,0,0,0,0,0.24,0
scene-0145,12,13,2.183505833090789,1.4776690539802169,6.701061402261216,1.354296477274305,0.8150090148732501,0,0,0,0,0.32,0
scene-0145,13,13,8.208784678981537,2.865097673549985,25.630497651900424,1.6999554145443823,0.9523888515852033,0,0,0,0,0.64,0
scene-0145,14,13,4.6412427034546395,2.154354358840402,14.666139858637893,1.4584665785829538,0.7416121955302493,0,0,0,0,0.4,0
scene-0145,15,13,7.848108772759495,2.801447620920208,25.545851539931014,1.9022370928504766,0.7130816585427618,0,0,0,0,0.8,1
scene-0145,16,13,7.785038818282303,2.790168241931354,24.11474272721177,1.813503641043963,0.5574873018121105,0,0,0,0,0.76,0
scene-0145,17,13,6.213434266988391,2.492676125570346,19.388914350391392,1.7699259766678046,0.3505448769764928,0,0,0,0,0.72,0
scene-0145,18,13,6.016561900361599,2.4528680968127086,18.85470279427199,1.6271803148768942,0.19190295833120483,0,0,0,0,0.56,0
scene-0145,19,13,6.504872104147895,2.550465076049444,20.079382709913293,1.707250765317983,0.6599537461285658,0,0,0,0,0.68,0
scene-0145,20,13,5.7380756561954955,2.395428073684429,18.009400646232113,1.6120364671500138,0.42664605966955294,0,0,0,0,0.52,0
scene-0145,21,13,4.9583684964648285,2.2267394316499693,15.75508883397118,1.544555241317956,0.17302482023813529,0,0,0,0,0.44,0
scene-0145,22,13,7.316234708544587,2.704853916303908,22.339863348287302,2.0060644624926924,0.2062025648911062,0,0,0,0,0.92,1
scene-0145,23,13,9.214734911868797,3.0355781841139913,26.819256923652112,2.3075205923742366,0.4936267357020492,0,0,1,1,1.0,1
scene-0145,24,13,6.444779643669269,2.53865705515126,20.253765489052412,1.9095435196741621,0.7786530424707333,0,0,0,0,0.84,1
scene-0145,25,13,5.096368663061585,2.257513823448615,15.838123439533197,1.9677371240838215,1.7437133261967854,0,0,0,0,0.88,1
scene-0146,0,13,4.386305355587552,2.094350819606771,12.699660039270888,3.6875987032611226,3.584695970400293,1,1,1,1,0.7083333333333334,0
scene-0146,1,13,13.869365768147338,3.724159739880573,40.64904500863476,4.211421374643675,3.743608745356793,1,1,1,1,0.875,1
scene-0146,2,13,20.365493598161372,4.512814376656919,56.956560323315514,4.302490883000946,3.597609245752382,1,1,1,1,0.9583333333333334,1
scene-0146,3,13,19.862822967209947,4.456772707600192,54.92042677053708,3.30947499290553,2.725156650277366,1,1,1,1,0.6666666666666666,0
scene-0146,4,13,17.6476054819141,4.200905316942301,46.09549848085184,4.221334706010217,4.088305363934128,1,1,1,1,0.9166666666666666,1
scene-0146,5,13,17.525518022547455,4.186349008688532,49.88029349374923,3.8412659319595948,3.513389115675125,1,1,1,1,0.7916666666666666,0
scene-0146,6,13,11.65943735203941,3.414591828028558,34.2658017353269,3.9616163285300305,3.8746415156279475,1,1,1,1,0.8333333333333334,1
scene-0146,7,13,11.120932421751599,3.3348062045269735,31.01678340608624,2.293383371819083,2.220255699933039,0,0,0,1,0.4583333333333333,0
scene-0146,8,13,14.553098083665667,3.814852301684256,44.23153457399985,2.8195140871101367,1.818327264302579,0,1,1,1,0.5833333333333334,0
scene-0146,9,13,3.935388120735827,1.9837812683700355,9.931061283081466,1.9494493452781352,1.7324158945193444,0,0,0,0,0.4166666666666667,0
scene-0146,10,13,2.0896005634079713,1.4455450748447698,5.990169865596802,1.0371550286835023,0.7240430098617227,0,0,0,0,0.0,0
scene-0146,11,13,15.05313642300967,3.879837164496684,44.306361645867206,4.930809371320189,4.905550765461884,1,1,1,1,1.0,1
scene-0146,12,13,13.107064974446423,3.6203680716808924,40.22769252627354,3.689845844569006,3.588073075508852,1,1,1,1,0.75,0
scene-0146,13,13,8.089264796145612,2.8441632857741506,27.289696883307307,2.9099371009797164,2.854335113848663,0,1,1,1,0.625,0
scene-0146,14,13,9.141074916107621,3.023421061663033,30.24727282140128,2.7384441960337567,2.615955696533764,0,1,1,1,0.5416666666666666,0
scene-0146,15,13,1.5280800036670577,1.236155331528792,4.956931242361341,1.3244563968987952,1.0893906448257151,0,0,0,0,0.08333333333333333,0
scene-0146,16,13,15.657103656969527,3.956905818561964,50.64106080999112,2.658026453540605,1.163784673614639,0,1,1,1,0.5,0
scene-0146,17,13,2.0909249531374012,1.4460030958256629,7.250524761491487,1.4618319199724281,1.003974714043906,0,0,0,0,0.16666666666666666,0
scene-0146,18,13,3.3913448697738637,1.8415604442357747,10.800471248407133,1.4589156922874493,0.8548560293711649,0,0,0,0,0.125,0
scene-0146,19,13,5.8900869367971564,2.426950130677834,18.935788659204977,1.585777803319084,0.3826788697276975,0,0,0,0,0.20833333333333334,0
scene-0146,20,13,7.118907304466847,2.6681280524867708,21.445972779691985,1.8955511210542353,0.38756787192302294,0,0,0,0,0.375,0
scene-0146,21,13,5.9010825451136215,2.429214388462579,17.371814109364536,1.6331215063061226,0.38644862870339175,0,0,0,0,0.25,0
scene-0146,22,13,2.8758383019986247,1.6958296795370178,8.553317407237717,1.2108470935602929,0.32036951995958385,0,0,0,0,0.041666666666666664,0
scene-0146,23,13,6.4161331990407495,2.5330087246278388,20.00856179049589,1.7192338542285874,0.3067602080674156,0,0,0,0,0.3333333333333333,0
scene-0146,24,13,6.873554742329009,2.621746506115534,22.688604386634687,1.717407327749359,0.46240215824695374,0,0,0,0,0.2916666666666667,0
scene-0147,0,13,2.3998329735620705,1.5491394299939791,7.7999603946100065,1.4837569369140953,1.4337712769687254,0,0,0,0,0.4166666666666667,0
scene-0147,1,13,4.0238180959779015,2.005945686198383,13.32668073254813,1.575228590830591,1.1630313289716956,0,0,0,0,0.5,0
scene-0147,2,13,1.014186299771379,1.0070681703695035,3.55377975552383,0.7822027885429523,0.3444898185677466,0,0,0,0,0.0,0
scene-0147,3,13,1.9399695653970348,1.392827902289811,7.3967209429356915,0.9485799456945655,0.26716124902833466,0,0,0,0,0.041666666666666664,0
scene-0147,4,13,1.2406953233413087,1.1138650382076407,3.9377135059469857,0.9910549789558775,0.4851498406361073,0,0,0,0,0.08333333333333333,0
scene-0147,5,13,2.9107797978209646,1.706100758402318,9.747282703808573,1.3628837041679573,0.5730896540211109,0,0,0,0,0.25,0
scene-0147,6,13,0.5011559716934181,0.7079237047121801,1.6704307170196624,1.3743572484860258,1.335063338157313,0,0,0,0,0.2916666666666667,0
scene-0147,7,13,0.8741244396245582,0.9349462228516452,2.5794782618700904,1.382982657378251,1.2989606363685728,0,0,0,0,0.3333333333333333,0
scene-0147,8,13,0.6006492289386451,0.77501563141568,1.535306859430169,1.1722915902811497,1.143496022247734,0,0,0,0,0.125,0
scene-0147,9,13,1.9654622043824832,1.4019494300375044,6.216132497799078,1.4462028095758432,1.1808114546258597,0,0,0,0,0.375,0
scene-0147,10,13,1.2313732055828457,1.1096725668334988,3.5877443075532645,1.4886338130207404,1.4333294261357938,0,0,0,0,0.4583333333333333,0
scene-0147,11,13,3.390735380919812,1.8413949551684483,10.441104264067247,1.843095827251672,1.4100802706126174,0,0,0,0,0.875,1
scene-0147,12,13,5.736224532240538,2.395041655637859,17.3741690487124,2.091214509499883,1.2766196189369003,0,0,0,0,0.9583333333333334,1
scene-0147,13,13,3.119012132178876,1.766072516115597,8.390444123904617,1.197775190258298,0.7110784062092317,0,0,0,0,0.16666666666666666,0
scene-0147,14,13,4.209913535978284,2.0518073827672723,12.203987543131806,1.7081001094381514,1.4889560836365885,0,0,0,0,0.7083333333333334,0
scene-0147,15,13,6.805284429651331,2.608694008436277,19.041069845154055,1.911391078963433,1.1749946884839009,0,0,0,0,0.9166666666666666,1
scene-0147,16,13,7.371901680277657,2.7151246159757854,19.69372466516948,1.7721313064254098,0.8274474312088284,0,0,0,0,0.7916666666666666,0
scene-0147,17,13,4.397296490326073,2.096973173487461,11.31785894132938,1.6240331137798805,0.9004139248136495,0,0,0,0,0.5833333333333334,0
scene-0147,18,13,5.020469707543914,2.240640468157244,12.715210579000276,1.5880197811371628,0.3181207870979736,0,0,0,0,0.5416666666666666,0
scene-0147,19,13,5.257595147132279,2.2929446454575126,12.609142461127483,1.7079464164926355,0.33911806810210904,0,0,0,0,0.6666666666666666,0
scene-0147,20,13,5.4936191060261415,2.343847073941929,14.173118892883654,1.7917410545680874,0.693757059729526,0,0,0,0,0.8333333333333334,1
scene-0147,21,13,2.4702226716695246,1.5716942042488815,5.626250672006507,1.2833185481332583,0.6671414471559683,0,0,0,0,0.20833333333333334,0
scene-0147,22,13,1.8213087324901516,1.349558717688916,5.346484157083943,1.7677031534463112,1.6728412662853376,0,0,0,0,0.75,0
scene-0147,23,13,0.30120844416536974,0.5488246023688895,0.99766189139068,1.6862328914716822,1.675024122259136,0,0,0,0,0.625,0
scene-0147,24,13,0.3537389714818804,0.5947595913323974,1.0983544561469016,2.206037586725958,2.1994934260196444,0,0,0,1,1.0,1
scene-0148,0,13,1.8905676880612667,1.3749791591370637,5.686007729575058,1.4626564615242015,1.2582172766320792,0,0,0,0,0.08,0
scene-0148,1,13,0.9493049876887286,0.9743228354548243,2.5867222898887405,1.5400991854180583,1.4324151711631792,0,0,0,0,0.28,0
scene-0148,2,13,0.8995868273456379,0.9484655119431796,2.571816031945119,1.4622177278076014,1.4118238652687511,0,0,0,0,0.04,0
scene-0148,3,13,1.209487218703365,1.099766892892928,3.717092771837315,2.008697751898387,1.9110471181714752,0,0,0,0,0.72,0
scene-0148,4,13,2.365943691714755,1.5381624399635934,7.5700574783028065,1.4702470480069185,1.0762521825194933,0,0,0,0,0.16,0
scene-0148,5,13,1.6011346007731362,1.265359474921311,5.2233564226236995,1.7445980677428399,1.5896028288772381,0,0,0,0,0.56,0
scene-0148,6,13,2.6210886684082735,1.6189776614914344,8.958602704471797,1.8321647925371265,1.5522347770611653,0,0,0,0,0.64,0
scene-0148,7,13,1.1099962593366224,1.0535636000435011,3.212835653324682,1.4644694642288367,1.3732893134395248,0,0,0,0,0.12,0
scene-0148,8,13,1.1866602103345025,1.0893393458121774,3.5425166455371855,1.5170228976083882,1.4961571134869178,0,0,0,0,0.2,0
scene-0148,9,13,0.9351224998495367,0.9670173213803033,2.23735641109719,1.527162112342278,1.5238765190316519,0,0,0,0,0.24,0
scene-0148,10,13,1.3746179497868498,1.172441021879928,3.662169158619475,1.5553217934165338,1.5520456509288716,0,0,0,0,0.32,0
scene-0148,11,13,0.7802083780979743,0.8832940496221936,2.0713997078397037,1.6775404423168905,1.6754210411093986,0,0,0,0,0.4,0
scene-0148,12,13,0.7990599702563612,0.8939015439389068,2.0584658622256686,1.689406216794184,1.6827274914705097,0,0,0,0,0.48,0
scene-0148,13,13,1.3572180733169128,1.1649970271708476,3.279735193879477,1.8197541405146986,1.7927847122698484,0,0,0,0,0.6,0
scene-0148,14,13,1.321042072532115,1.1493659436977046,3.235350205240422,2.2176824140666946,2.1734146260499867,0,0,0,1,0.84,1
scene-0148,15,13,2.267458649939151,1.5058083045126132,5.602918245668447,1.8626627437999335,1.6591223128965484,0,0,0,0,0.68,0
scene-0148,16,13,2.44324600819751,1.563088611754788,6.196240880098586,1.7201686109165828,1.3340505346168385,0,0,0,0,0.52,0
scene-0148,17,13,1.942574888554514,1.3937628523369798,4.793610802702342,1.6078708781779874,1.265527617100795,0,0,0,0,0.36,0
scene-0148,18,13,2.6723833909694115,1.6347426069474704,7.079803871572457,2.0882044418491548,1.6492513829418005,0,0,0,0,0.8,1
scene-0148,19,13,2.30815663975015,1.5192618733286734,6.256708777332623,2.3977191234700674,2.1980386959459968,0,0,1,1,0.88,1
scene-0148,20,13,2.5808062010634343,1.6064887802482264,7.150122861109583,3.316773039006904,3.2492529418246314,1,1,1,1,1.0,1
scene-0148,21,13,0.548081324975371,0.7403251481446318,1.620743599969391,2.5280676507047066,2.5069487307606373,0,0,1,1,0.92,1
scene-0148,22,13,0.5245377908539779,0.7242498124638886,1.3922397962969457,2.6621528479164587,2.6243274885582446,0,1,1,1,0.96,1
scene-0148,23,13,1.5671429746673553,1.2518558122512973,4.755555492720073,2.082744526148048,2.042707431670833,0,0,0,0,0.76,0
scene-0148,24,13,2.5720021589171487,1.6037462888241234,8.266148984497963,1.6824348191731606,1.5018856592229557,0,0,0,0,0.44,0
scene-0148,25,13,3.51928526972749,1.8759758180017914,10.406445614685367,1.394919044562429,0.6292916637692231,0,0,0,0,0.0,0
scene-0265,0,13,1.6896557809281332,1.2998676013071997,4.837279889670352,1.227161870450409,0.703737371948896,0,0,0,0,0.2916666666666667,0
scene-0265,1,13,0.5520022149256327,0.742968515433617,1.7974522418065253,0.8744987294731332,0.7380469621802828,0,0,0,0,0.08333333333333333,0
scene-0265,2,13,0.5246211736279162,0.7243073751025294,1.748921759845763,0.712843970082141,0.5530573950982838,0,0,0,0,0.0,0
scene-0265,3,13,0.30664113354730677,0.553751870016984,0.8903851282661669,1.1928138378828863,1.1310404361921123,0,0,0,0,0.25,0
scene-0265,4,13,0.1315035951301803,0.36263424428779517,0.38015340251681706,1.607774940141058,1.5926407707388883,0,0,0,0,0.7916666666666666,0
scene-0265,5,13,0.7213638579634044,0.8493314182128225,1.9772632600126805,1.9799462960807097,1.9638629722467815,0,0,0,0,0.9166666666666666,1
scene-0265,6,13,1.237709721000314,1.112524031650694,3.6184286668540775,2.5848748327743873,2.5827396818472796,0,1,1,1,1.0,1
scene-0265,7,13,1.2177733953683456,1.1035277048485668,3.31045445779857,2.306500057116634,2.257217372311826,0,0,1,1,0.9583333333333334,1
scene-0265,8,13,1.9915423514836814,1.4112201640720987,5.037817090211525,1.7557305175349194,1.6559790320280492,0,0,0,0,0.875,1
scene-0265,9,13,2.6706158845822006,1.6342019105918952,7.594908582383498,1.338750410725634,0.9354735344846502,0,0,0,0,0.5,0
scene-0265,10,13,2.700736546703144,1.6433917812570271,7.635576005174621,1.3691531422464356,0.6619774171030325,0,0,0,0,0.625,0
scene-0265,11,13,1.5825644193762007,1.2580001666836935,4.070974457525192,1.338032663119107,1.0777003042062907,0,0,0,0,0.4583333333333333,0
scene-0265,12,13,2.3125334028069124,1.5207016153101542,7.311232817894133,1.3519159028688756,1.1688705360511158,0,0,0,0,0.5416666666666666,0
scene-0265,13,13,1.0430524988304921,1.0212994168364595,2.814343464882801,1.686464999764515,1.6588144274898777,0,0,0,0,0.8333333333333334,1
scene-0265,14,13,1.928697382345583,1.3887754974601125,5.06959686313177,1.4228708221513113,1.1760536537802244,0,0,0,0,0.6666666666666666,0
scene-0265,15,13,3.0744143353973787,1.7534007914328598,8.51474405322087,1.3003108818824782,0.5976408493348515,0,0,0,0,0.375,0
scene-0265,16,13,2.771954428249361,1.6649187452393468,6.8114977645350585,1.5545614223640014,0.7863812747676308,0,0,0,0,0.75,0
scene-0265,17,13,0.851835709199975,0.9229494618883393,2.693844818344706,1.1779756423745167,0.9550343948386132,0,0,0,0,0.20833333333333334,0
scene-0265,18,13,1.0283838194408264,1.0140926089075033,3.4594752476414468,0.9084361715391106,0.6909314829289618,0,0,0,0,0.125,0
scene-0265,19,13,0.44530493381249775,0.6673117216207862,1.6212145262037816,0.7557775152704777,0.6129358429215658,0,0,0,0,0.041666666666666664,0
scene-0265,20,13,0.5403693275116419,0.7350981754239646,1.5759074505420558,0.9140037878454075,0.7640071591217735,0,0,0,0,0.16666666666666666,0
scene-0265,21,13,0.5213939398077702,0.7220761315870856,1.4732809893376135,1.2895724212135393,1.199340508290258,0,0,0,0,0.3333333333333333,0
scene-0265,22,13,0.1347592644331427,0.36709571562896604,0.4093384362991849,1.322022861366152,1.295505622021855,0,0,0,0,0.4166666666666667,0
scene-0265,23,13,0.4572286351338102,0.6761868344871927,1.7120366793791448,1.4624544780000224,1.3962338416469697,0,0,0,0,0.7083333333333334,0
scene-0265,24,13,0.6244289486592711,0.790208167927459,1.9829677497649512,1.365262111960033,1.2986117175528813,0,0,0,0,0.5833333333333334,0
scene-0266,0,13,6.797109772688631,2.6071267273933256,17.007150233677343,2.203962294950503,0.8895063880526708,0,0,0,1,0.68,0
scene-0266,1,13,4.102192062587101,2.025386892074475,10.563219230186915,2.323092042266273,1.7752152080217052,0,0,1,1,0.72,0
scene-0266,2,13,1.4170638192588807,1.1904048971920775,3.941872701044436,2.765086201124527,2.686677139437384,0,1,1,1,0.84,1
scene-0266,3,13,1.2021842311295263,1.0964416223080582,3.7461328593561665,2.616818698020748,2.571384080120529,0,1,1,1,0.76,0
scene-0266,4,13,9.712645797870138,3.1165117997322165,26.666577341509683,2.895785025593929,2.7185809037803677,0,1,1,1,0.88,1
scene-0266,5,13,4.559505323489029,2.135299820514447,12.312845657230442,1.4641564576258004,0.7131248980329953,0,0,0,0,0.44,0
scene-0266,6,13,1.47048521612301,1.2126356485453536,2.9313102693202344,1.4093094604433638,1.243399548390397,0,0,0,0,0.36,0
scene-0266,7,13,0.21257597776504525,0.46105962495651825,0.6686597938415275,1.077703876913844,1.0571507506592182,0,0,0,0,0.28,0
scene-0266,8,13,0.7940446031823184,0.8910918040147818,2.5659947438204687,0.8837457532823663,0.6730373223169792,0,0,0,0,0.08,0
scene-0266,9,13,1.5520014300464957,1.2457934941419848,4.753256795917191,1.0077208413585972,0.33153860330997525,0,0,0,0,0.16,0
scene-0266,10,13,0.8496808669498814,0.9217813552843653,2.5001351669891028,0.8303635380372444,0.350543943851499,0,0,0,0,0.04,0
scene-0266,11,13,0.8880079709566289,0.942341748495008,3.076767360897219,1.063461037221535,0.9596862044713156,0,0,0,0,0.2,0
scene-0266,12,13,6.340402432901868,2.5180155743962085,19.472293472960374,2.1190449941374405,2.081814966394336,0,0,0,1,0.64,0
scene-0266,13,13,0.3689877319736878,0.6074436039449982,1.195070176469675,1.7438997474052722,1.7273214148360758,0,0,0,0,0.48,0
scene-0266,14,13,1.9814269228457466,1.40763167158378,6.9155748003660955,2.0580268255190797,1.906990589838719,0,0,0,0,0.6,0
scene-0266,15,13,2.013692054734711,1.4190461778020864,6.411507677465163,1.8090750287670085,1.5190639954690202,0,0,0,0,0.56,0
scene-0266,16,13,1.3053018099326217,1.1424980568616394,4.224639891735108,1.461116253618235,1.248095094608954,0,0,0,0,0.4,0
scene-0266,17,13,0.08118361586534706,0.2849273870047368,0.2902837877507911,1.0718394766236066,1.0515976474363804,0,0,0,0,0.24,0
scene-0266,18,13,1.6027894674201122,1.2660132177114551,5.879701527590656,0.89337695074387,0.8024898866135826,0,0,0,0,0.12,0
scene-0266,19,13,0.9537552456992969,0.9766039349190115,3.4028466059873206,0.8160227495280383,0.4305657618122529,0,0,0,0,0.0,0
scene-0266,20,13,0.8941594655834967,0.9456000558288354,3.077747558555745,1.371742122285832,1.240287865702683,0,0,0,0,0.32,0
scene-0266,21,13,0.7998916569326512,0.8943666233333236,2.9286757655710223,1.7628767072777278,1.6538902680042884,0,0,0,0,0.52,0
scene-0266,22,13,0.5246059982892897,0.7242968992680348,2.192663060722599,2.729290001469256,2.7165052143304513,0,1,1,1,0.8,1
scene-0266,23,13,0.6070422487327002,0.7791291604943946,2.3134500405382536,3.8280810064222566,3.8148923319516985,1,1,1,1,0.96,1
scene-0266,24,13,4.407020483306504,2.0992904713989686,16.562909555466767,4.149947292622268,3.906634652026997,1,1,1,1,1.0,1
scene-0266,25,13,4.8693335218468325,2.206656638864967,16.464840238430767,3.421080474285598,3.2472380947092367,1,1,1,1,0.92,1
scene-0279,0,13,5.5667757930890795,2.359401575206959,14.97044275701629,3.458280225315757,3.456500482552976,1,1,1,1,0.84,1
scene-0279,1,13,7.702420934048312,2.775323572855661,18.736956674828527,3.614071173949107,3.418935958556388,1,1,1,1,0.92,1
scene-0279,2,13,9.06356588217726,3.010575672886709,22.99538620320527,3.507525482385506,3.0875579692293607,1,1,1,1,0.88,1
scene-0279,3,13,5.9268577102467646,2.4345138550122822,14.198071157522836,2.5536869431994416,2.031842360585312,0,0,1,1,0.68,0
scene-0279,4,13,6.548041724152642,2.5589141689694563,17.194443944511118,2.0162354869043644,0.8758591864356212,0,0,0,0,0.64,0
scene-0279,5,13,4.22344513383095,2.0551022198009883,12.021660212436522,1.695191319668641,1.1055480354734162,0,0,0,0,0.56,0
scene-0279,6,13,3.985587574553993,1.9963936421843247,12.960124780489341,3.3313108590778553,3.2518516392972763,1,1,1,1,0.8,1
scene-0279,7,13,1.9668038272272002,1.4024278331619064,5.751913782503613,3.968545924095832,3.966039633405792,1,1,1,1,1.0,1
scene-0279,8,13,7.483349999211434,2.735571238189829,20.91829593955585,3.761492074869023,3.4730887317461416,1,1,1,1,0.96,1
scene-0279,9,13,6.1678250465950635,2.483510629450791,15.130158208508114,2.586804094195379,2.4368292068448185,0,1,1,1,0.72,0
scene-0279,10,13,11.512587216085088,3.393020367767498,26.782769938094575,3.1499907989177824,2.9255582134331735,1,1,1,1,0.76,0
scene-0279,11,13,5.65866053255733,2.378793923936525,13.99055710805009,1.6264572984563523,1.0302867871529446,0,0,0,0,0.52,0
scene-0279,12,12,6.143154213240632,2.478538725386519,15.20913048553441,1.7347888624717223,0.9289529874906853,0,0,0,0,0.6,0
scene-0279,13,13,3.524423582569123,1.8773448225004172,10.06966161260503,1.5238442881226073,0.8301939001706495,0,0,0,0,0.48,0
scene-0279,14,13,2.899841808399137,1.7028921893059281,8.677025154460392,1.3511501254882747,1.0183008147743744,0,0,0,0,0.4,0
scene-0279,15,13,1.343456223432983,1.1590755900427647,3.2184992155093375,1.5119950134491633,1.4838393279306314,0,0,0,0,0.44,0
scene-0279,16,13,2.3845124108491857,1.5441866502625858,7.736663026390234,1.1509560767778766,0.950690634936437,0,0,0,0,0.36,0
scene-0279,17,13,0.4322389638875645,0.6574488298624954,1.2967830992262,0.7291886822971632,0.518993516973117,0,0,0,0,0.0,0
scene-0279,18,13,2.06257198442342,1.436165723175226,7.092725190383986,1.1386372620485448,0.5074441775440103,0,0,0,0,0.32,0
scene-0279,19,13,2.5006328939351206,1.5813389560543687,9.491978186547852,0.8075547303267758,0.11630003746085261,0,0,0,0,0.16,0
scene-0279,20,13,2.2557132291143014,1.501903202311754,7.377435156926824,1.0036368704175525,0.6745395611685144,0,0,0,0,0.24,0
scene-0279,21,13,1.2584960924734718,1.121827122364882,4.244308761086863,0.8150529849606456,0.4031881435642137,0,0,0,0,0.2,0
scene-0279,22,13,1.9126967177530896,1.3830027902188373,7.624258613486382,0.8068657355724522,0.4351921765934759,0,0,0,0,0.12,0
scene-0279,23,13,0.7327009490659494,0.8559795260787196,2.8200974400534267,0.7368156641038931,0.5786440467928716,0,0,0,0,0.04,0
scene-0279,24,13,0.730440994992675,0.8546584083671529,2.4429730001210395,0.7761273281314641,0.4987784623917779,0,0,0,0,0.08,0
scene-0279,25,13,0.38838456173237956,0.6232050719726048,1.2230839738726302,1.0069760912091859,0.9313777895718092,0,0,0,0,0.28,0
scene-0280,0,13,4.855782700022229,2.2035840578526225,13.04169666948396,2.7046470410816736,2.654632008897696,0,1,1,1,1.0,1
scene-0280,1,13,4.244889785516527,2.0603130309534343,10.251151981454639,2.2962672394551444,2.286897443034069,0,0,1,1,0.96,1
scene-0280,2,13,2.9231359233268237,1.709718082996967,6.592471136147552,2.1980804336887663,2.194255352558011,0,0,0,1,0.92,1
scene-0280,3,13,1.5901520199799943,1.261012299694176,4.1159523272257355,1.68928140027979,1.6872774461493094,0,0,0,0,0.8,1
scene-0280,4,13,2.5730003658329994,1.6040574696166592,7.37075474523916,1.5846209654471684,1.5819034204146207,0,0,0,0,0.76,0
scene-0280,5,13,0.5643791705358722,0.7512517357955801,1.526749695294268,0.8846328591302761,0.8832282790280207,0,0,0,0,0.16,0
scene-0280,6,13,4.579704545193056,2.1400244263075727,15.48676640466822,1.3161371795150032,1.3144158628843874,0,0,0,0,0.72,0
scene-0280,7,13,3.9038467178026983,1.9758154564135535,12.721156753126419,1.1700405167163337,1.1666879853689753,0,0,0,0,0.48,0
scene-0280,8,13,7.233542552916776,2.6895245960795333,24.197357657039994,1.713709757742802,1.4871331168556725,0,0,0,0,0.84,1
scene-0280,9,13,3.2800931896980914,1.811102755146182,10.663166162017397,1.205337263429139,0.979030714498847,0,0,0,0,0.56,0
scene-0280,10,13,5.121363412228797,2.263042954128091,16.783653846153847,1.2262781406024807,1.2243704738063637,0,0,0,0,0.6,0
scene-0280,11,13,3.7278106508875744,1.9307539073863282,12.428254437869823,1.1235953541688888,1.1217997373883064,0,0,0,0,0.36,0
scene-0280,12,13,2.7117233727810657,1.6467311173294399,9.417159763313611,1.2416058922509892,1.2403779862164217,0,0,0,0,0.68,0
scene-0280,13,13,3.311513806706115,1.8197565240180114,11.008136094674558,0.9276587783098033,0.9262793889393484,0,0,0,0,0.24,0
scene-0280,14,13,3.368425759324383,1.8353271532139395,10.854844287711266,1.0735598568626552,1.0724276624878015,0,0,0,0,0.28,0
scene-0280,15,13,1.8786982248520712,1.3706561293234971,7.25924556213018,0.7189333926412856,0.7179366028618567,0,0,0,0,0.0,0
scene-0280,16,13,3.8923767258382647,1.9729107242443245,12.875251479289943,1.195617722753482,1.1948596621687602,0,0,0,0,0.52,0
scene-0280,17,13,2.082796720954804,1.443189773021831,6.78002224886952,0.7507432188164855,0.7499845716508888,0,0,0,0,0.04,0
scene-0280,18,13,2.5177613412228794,1.5867455187341415,9.143520710059171,1.0832482637215657,1.0826944008715016,0,0,0,0,0.32,0
scene-0280,19,13,5.530818540433923,2.3517692362206635,18.414940828402358,0.7634945118479745,0.7628317015709608,0,0,0,0,0.12,0
scene-0280,20,13,4.639502016342008,2.1539503281974746,15.083905559202343,1.2376056678789529,1.2371984886413139,0,0,0,0,0.64,0
scene-0280,21,13,1.5696141145501237,1.2528424140928993,5.16993465866151,0.7587316354501146,0.7583399799902555,0,0,0,0,0.08,0
scene-0280,22,13,10.494699211045363,3.2395523164544455,35.65828402366863,1.9522258365715133,1.9519361421230277,0,0,0,0,0.88,1
scene-0280,23,13,12.095550489442095,3.4778657952028706,35.362964083431834,1.1609013348488846,1.1084574309098032,0,0,0,0,0.44,0
scene-0280,24,13,6.090236686390533,2.4678404904674314,20.004437869822485,1.1409960277067346,0.8876726574690997,0,0,0,0,0.4,0
scene-0280,25,13,2.3375838264299804,1.528915899070312,8.593668639053256,0.9271171442589845,0.25314632298796125,0,0,0,0,0.2,0
scene-0281,0,13,0.1765966137412358,0.4202339987926201,0.46862429391137783,1.0237774867976484,1.003270616546429,0,0,0,0,0.20833333333333334,0
scene-0281,1,13,0.6320484258306331,0.7950147330902951,1.817039080479122,1.0401727035293666,0.9563583452156489,0,0,0,0,0.25,0
scene-0281,2,13,0.9668200049172876,0.98327005696161,2.823886385824388,1.1787275201761651,1.0281775752178515,0,0,0,0,0.4166666666666667,0
scene-0281,3,13,1.0328545149413957,1.0162945020718137,2.48706140475807,0.7489736053120394,0.34816140901400655,0,0,0,0,0.08333333333333333,0
scene-0281,4,13,1.603562882066248,1.2663186337041117,3.681914800066022,1.160646117304218,0.5155329040332927,0,0,0,0,0.375,0
scene-0281,5,13,1.6445240175683733,1.282389963142403,4.302239456064502,1.4458095035183065,1.0772006664258695,0,0,0,0,0.625,0
scene-0281,6,13,1.8872946401786213,1.3737884262791782,5.683714210759711,1.214580189528162,1.0036425304983723,0,0,0,0,0.5,0
scene-0281,7,13,0.5240484817858808,0.7239119295783714,1.569993740835709,0.6130638656081636,0.39259988007468233,0,0,0,0,0.0,0
scene-0281,8,13,0.2836225403942887,0.5325622408641911,0.8496187923756321,0.6601377726328207,0.6378357747127965,0,0,0,0,0.041666666666666664,0
scene-0281,9,13,1.6005210898558497,1.265117026150486,5.07996869748858,1.019955430516989,0.8185516904052471,0,0,0,0,0.16666666666666666,0
scene-0281,10,13,0.9805148644657864,0.9902095053400499,3.1928605914299757,1.0990945184647176,0.9976444901676659,0,0,0,0,0.3333333333333333,0
scene-0281,11,13,0.7833776160631404,0.8850862195645915,2.5383940727785523,1.3601591385196927,1.2425326549535514,0,0,0,0,0.5416666666666666,0
scene-0281,12,13,0.5239289100294622,0.7238293376407606,1.6787310521988463,1.366440984888458,1.2479011257741985,0,0,0,0,0.5833333333333334,0
scene-0281,13,13,1.3485892520533727,1.1612877559215773,4.555009133487432,1.0962404154686243,0.8904779827952103,0,0,0,0,0.2916666666666667,0
scene-0281,14,13,0.9008063251015885,0.9491081735511441,3.160282142887139,0.8283964059893623,0.5623103731654914,0,0,0,0,0.125,0
scene-0281,15,13,1.3754720430419762,1.1728052025131779,4.424242690672186,1.2040804355753951,1.0266472077779447,0,0,0,0,0.4583333333333333,0
scene-0281,16,13,0.5004521882583025,0.7074264543104835,1.7346440069627203,1.6135330501524645,1.5582071129689685,0,0,0,0,0.6666666666666666,0
scene-0281,17,13,0.3014280896781483,0.5490246712836758,1.1610697697726928,2.329106091752692,2.305853690843104,0,0,1,1,0.7083333333333334,0
scene-0281,18,13,0.2183564297300297,0.46728623961125765,0.7826740647106624,3.2684586857813187,3.2579592234313886,1,1,1,1,0.7916666666666666,0
scene-0281,19,13,0.9259256925876697,0.9622503274032541,3.269161018742462,3.8657865212189524,3.832318691178371,1,1,1,1,0.9166666666666666,1
scene-0281,20,13,1.6271583981522826,1.2756011908713014,5.457490854401855,3.6193917668018676,3.5079791592175122,1,1,1,1,0.875,1
scene-0281,21,13,2.840879592612372,1.68549090552645,8.56676399339874,3.900720330035473,3.8487985557986346,1,1,1,1,0.9583333333333334,1
scene-0281,22,13,4.416090202460402,2.10144954792172,12.94057746449525,3.2747079220034085,3.2445636675872698,1,1,1,1,0.8333333333333334,1
scene-0281,23,13,15.647855105712232,3.9557369864176044,46.948892534865095,4.451991493573982,3.662969002912815,1,1,1,1,1.0,1
scene-0281,24,13,5.362093764104377,2.3156195205828563,15.790713834608672,2.6525389156414665,2.448322815894868,0,1,1,1,0.75,0
scene-0282,0,13,1.0932683819862896,1.045594750362821,3.200179638764273,2.6568327106503022,2.6171551306746816,0,1,1,1,0.84,1
scene-0282,1,13,0.8404705295488503,0.9167717979676568,2.46317693199056,3.127316428181476,3.110243639188866,1,1,1,1,1.0,1
scene-0282,2,13,1.2250603297095966,1.1068244349080827,3.5044954006590108,2.841985142259404,2.8289359466931767,0,1,1,1,0.92,1
scene-0282,3,13,3.5076178815246535,1.8728635512296814,8.826804562430986,2.5544959973978036,2.5254713015734302,0,0,1,1,0.76,0
scene-0282,4,13,0.7359297271438243,0.8578634664932552,2.3747387496153496,1.3976030357979528,1.3666876685761562,0,0,0,0,0.32,0
scene-0282,5,13,7.105589559926475,2.6656311747738988,18.887219430667532,1.7955207675036318,0.9743016847060734,0,0,0,0,0.48,0
scene-0282,6,13,2.742639564586103,1.6560916534377266,5.121987631185628,1.4537544431235456,0.5901974431147053,0,0,0,0,0.36,0
scene-0282,7,13,3.5369715997608133,1.8806838117452953,6.037497381219689,2.157397536828127,1.4452242016283263,0,0,0,1,0.64,0
scene-0282,8,13,3.002184090337465,1.732681185428371,7.285264466551516,1.829290372882062,1.2805707771875654,0,0,0,0,0.52,0
scene-0282,9,13,1.4030359216903066,1.1844981729366688,3.9599075590178328,1.563935960340572,1.3023100950081794,0,0,0,0,0.4,0
scene-0282,10,13,1.3189830309526203,1.148469865060734,4.095486636487583,1.739783679268053,1.638838014761579,0,0,0,0,0.44,0
scene-0282,11,13,1.4270961502053394,1.1946112967008722,4.460051455113689,2.064349937529248,2.057670986857183,0,0,0,0,0.6,0
scene-0282,12,13,1.8535392124574237,1.3614474695916194,5.4042992575363655,2.826276869560069,2.8146618398750065,0,1,1,1,0.88,1
scene-0282,13,13,0.9336537151874761,0.9662575822147406,2.75573997010319,3.0055068351055425,3.0016757786225994,0,1,1,1,0.96,1
scene-0282,14,13,1.6027952082141042,1.2660154849819587,5.164313966967013,2.5989502395489366,2.4791110409237227,0,1,1,1,0.8,1
scene-0282,15,13,2.781463072164259,1.6677718885280022,8.86113670622265,2.4873407560858776,2.2884275516494537,0,0,1,1,0.68,0
scene-0282,16,13,1.2951396215261017,1.1380420121973098,3.8126948864015326,2.523056879447932,2.5207883610670665,0,0,1,1,0.72,0
scene-0282,17,13,1.932398121846364,1.3901072339378584,5.681243789662227,1.1952676507556896,0.7150696143670302,0,0,0,0,0.24,0
scene-0282,18,13,6.733233637409821,2.5948475171789616,19.240693411343948,1.8991247111754144,0.9286661862722477,0,0,0,0,0.56,0
scene-0282,19,13,1.363639843101658,1.167749906059366,4.592500165818712,1.2099710232642902,1.0039949020527887,0,0,0,0,0.28,0
scene-0282,20,13,1.1552287365743865,1.074815675627401,3.9769595120202887,0.8832797102900266,0.5279278869371345,0,0,0,0,0.2,0
scene-0282,21,13,0.723538029668107,0.8506103865272907,2.6615382235387526,0.49149048902665005,0.34800986026067166,0,0,0,0,0.12,0
scene-0282,22,13,0.7483970777532042,0.865099461191142,2.6128526418841203,0.6091997893205658,0.4210677311848842,0,0,0,0,0.16,0
scene-0282,23,13,0.3361672133545223,0.5797992871283323,1.280600802455002,0.36347900526202087,0.27004810601271095,0,0,0,0,0.08,0
scene-0282,24,13,0.02000649882344405,0.14144433118171987,0.06949886087322198,0.22617558729222706,0.20589913957829012,0,0,0,0,0.0,0
scene-0282,25,13,0.08711086618197994,0.29514550001987144,0.34863448947448095,0.290773980386404,0.200270616161678,0,0,0,0,0.04,0
scene-0307,0,13,3.3877477072225717,1.8405835235659835,11.27441709866527,1.9074318090331368,1.398035232943401,0,0,0,0,0.68,0
scene-0307,1,13,6.724834741490647,2.5932286327068517,21.80903139014132,2.252149542825069,1.2272108482761983,0,0,0,1,0.8,1
scene-0307,2,13,7.131763405369605,2.670536164400251,19.161114103914507,2.1052391396393784,0.9096845627248619,0,0,0,1,0.72,0
scene-0307,3,13,7.738098601813778,2.7817438059270985,21.82345406760566,2.2512489595599785,0.43011952807552917,0,0,0,1,0.76,0
scene-0307,4,13,10.203771457590932,3.1943342745540786,23.695201701906573,3.207749302194737,2.3257515291073845,1,1,1,1,0.92,1
scene-0307,5,13,3.5949701804890233,1.8960406589757044,11.996600618755215,1.4900670722724532,0.7821073903917415,0,0,0,0,0.4,0
scene-0307,6,13,4.912441539578896,2.2164028378385767,13.507912111323302,1.7981388058671801,0.6721873394745869,0,0,0,0,0.6,0
scene-0307,7,13,2.9297787414265746,1.7116596453228003,8.935950847953082,1.4005211786525242,0.4925112447864986,0,0,0,0,0.24,0
scene-0307,8,13,3.4165166015144606,1.8483821578652129,10.462261215671221,1.4552757809467538,0.19762686554129513,0,0,0,0,0.36,0
scene-0307,9,13,3.410553323401402,1.846768345895446,10.257868319658586,1.5561173729989348,0.6969497734846297,0,0,0,0,0.48,0
scene-0307,10,13,2.727263906273063,1.6514429769971057,7.992896080128353,1.5153974379310458,1.1249271739868287,0,0,0,0,0.44,0
scene-0307,11,13,3.215699445501528,1.7932371414571828,8.8863582146727,1.8824658790297641,1.636556905604148,0,0,0,0,0.64,0
scene-0307,12,13,1.8425528941412352,1.3574066797173334,4.376762892402861,1.7146618091945927,1.6226277128556539,0,0,0,0,0.56,0
scene-0307,13,13,1.8423724184684211,1.3573401999750914,4.803429481222349,1.3164175030403957,1.185492951439296,0,0,0,0,0.16,0
scene-0307,14,13,2.2084940786988523,1.4861002922746676,4.945866820890625,1.6746553705575187,1.57841785742639,0,0,0,0,0.52,0
scene-0307,15,13,1.6424859147195978,1.2815950665945923,4.243643561945029,1.4505220073112695,1.445008498634475,0,0,0,0,0.32,0
scene-0307,16,13,2.235085649400417,1.4950202839428024,5.285894016948618,1.3837999480132537,1.3136446298349815,0,0,0,0,0.2,0
scene-0307,17,13,1.6872487562935319,1.2989413983292442,3.8013613946947022,1.4040667954089763,1.3777584706258306,0,0,0,0,0.28,0
scene-0307,18,13,0.47420469012202043,0.6886252174601366,1.0083552665904798,0.9024424369645977,0.8888706605334865,0,0,0,0,0.04,0
scene-0307,19,13,0.6115359539429525,0.7820076431486795,1.1751341603185732,0.839947190900111,0.6453400843444754,0,0,0,0,0.0,0
scene-0307,20,13,1.356647084856417,1.1647519413404799,3.1200622298917895,1.0160096584356169,0.5726849581661738,0,0,0,0,0.08,0
scene-0307,21,13,0.4920118668056455,0.7014355756629724,1.21055445305728,1.291696511629629,1.1948892676552145,0,0,0,0,0.12,0
scene-0307,22,13,0.4155499037769703,0.6446316031478524,0.9847050917611168,2.392319874752677,2.3633942188559502,0,0,1,1,0.84,1
scene-0307,23,13,0.8716406680193272,0.933616981432604,2.6496934128028498,3.0793432995857817,3.066702810254446,1,1,1,1,0.88,1
scene-0307,24,13,3.6051063884455474,1.8987117707660495,10.047144607905738,3.460701524973425,3.340266034406858,1,1,1,1,0.96,1
scene-0307,25,13,4.309412126534881,2.075912360032302,11.281456820022148,3.701155372504861,3.6650602867779014,1,1,1,1,1.0,1
scene-0308,0,13,0.2762204534385979,0.5255667925569479,0.814587985737153,1.7950697520607162,1.7813277876870435,0,0,0,0,0.6666666666666666,0
scene-0308,1,13,2.136669206628891,1.4617349987699175,6.16622886420859,1.3427157590635552,1.012826997514617,0,0,0,0,0.2916666666666667,0
scene-0308,2,13,1.828080284076193,1.352065192243404,5.081284275734001,0.939490514404169,0.4486387563088871,0,0,0,0,0.125,0
scene-0308,3,13,5.256629614108981,2.2927340914526004,15.919097230027948,1.2930089146316976,0.16357652137697745,0,0,0,0,0.25,0
scene-0308,4,13,4.204204062265162,2.0504155828185566,11.957181748388955,1.5139865420121406,0.3245033250164407,0,0,0,0,0.5416666666666666,0
scene-0308,5,13,1.2252333337874057,1.106902585500371,3.5404291008398587,0.9788547206370932,0.8407538591343245,0,0,0,0,0.16666666666666666,0
scene-0308,6,13,1.3948568497039755,1.1810405791944558,3.850379249982758,0.8839176041795637,0.39711967365969764,0,0,0,0,0.041666666666666664,0
scene-0308,7,13,0.9487695170556192,0.9740480055190397,2.5197751012673306,0.8090975209393753,0.4597991340512008,0,0,0,0,0.0,0
scene-0308,8,13,0.8317669942090009,0.9120126063871052,2.6288529945775077,0.9217478660580967,0.6625542529679024,0,0,0,0,0.08333333333333333,0
scene-0308,9,13,1.7831121768758862,1.3353322346427072,5.808723304825073,1.4818208398868256,1.184016819503965,0,0,0,0,0.5,0
scene-0308,10,13,3.671816045419874,1.9161983314416788,11.20279821485609,1.6122703114829344,0.97581079487759,0,0,0,0,0.625,0
scene-0308,11,13,1.5442474968487307,1.2426775514383168,5.159276540755646,1.235139350606027,1.0019560615182355,0,0,0,0,0.20833333333333334,0
scene-0308,12,13,1.5774867879167511,1.2559804090497395,4.490108264855321,1.4552273688599173,1.2339447123880514,0,0,0,0,0.4583333333333333,0
scene-0308,13,13,1.7210610587931086,1.3118921673647985,4.824913490186627,1.3695697822921484,1.1104906749106498,0,0,0,0,0.375,0
scene-0308,14,13,1.7477591138491795,1.3220284088661558,5.041163868369807,1.3745392051003011,1.0560984799937487,0,0,0,0,0.4166666666666667,0
scene-0308,15,13,1.1002879891061432,1.0489461326045981,2.670438250844817,1.3677485339300612,1.0265328105859262,0,0,0,0,0.3333333333333333,0
scene-0308,16,13,1.282632529981152,1.1325336771951429,3.6203896430485107,1.5589765227434993,1.265369265633394,0,0,0,0,0.5833333333333334,0
scene-0308,17,13,0.2655158913539345,0.5152823413954086,0.7148270829594991,2.0515852872107807,2.009501070012388,0,0,0,0,0.7083333333333334,0
scene-0308,18,13,0.3886126028479802,0.6233880034520878,1.3325226463328685,2.5513236369471453,2.52223394101763,0,0,1,1,0.9166666666666666,1
scene-0308,19,13,0.527496764222991,0.726289724712522,1.8178039987168952,2.6862638011820144,2.666922410484204,0,1,1,1,0.9583333333333334,1
scene-0308,20,13,3.227097292441492,1.796412339203194,9.516408325473147,2.763716570653855,2.601363411397946,0,1,1,1,1.0,1
scene-0308,21,13,4.505541773349914,2.1226261501616137,14.638085059112147,2.46224245679422,2.228640771198833,0,0,1,1,0.875,1
scene-0308,22,13,4.564955868560717,2.136575734337708,13.711412289482395,2.4317266689497705,2.1861667250824337,0,0,1,1,0.7916666666666666,0
scene-0308,23,13,4.64309501076979,2.1547842144330347,14.616754352153558,2.4280378293458247,2.0960216445433915,0,0,1,1,0.75,0
scene-0308,24,13,1.7212865387798246,1.3119781014863872,6.2527420905927125,2.4442728208476123,2.3450064411587346,0,0,1,1,0.8333333333333334,1
scene-0309,0,13,4.629809147833782,2.1516991304161888,10.20788632933707,1.717356340873267,1.2420926514969681,0,0,0,0,0.84,1
scene-0309,1,13,7.712357818217595,2.7771132166725927,17.058927930875747,2.114434225946638,0.5157737936836156,0,0,0,1,0.96,1
scene-0309,2,13,4.247030451179378,2.0608324655777768,10.937401886091935,1.4853806377728107,0.43875983758736253,0,0,0,0,0.68,0
scene-0309,3,13,2.0186739402809857,1.420800457587548,5.839788288744126,1.1621635638782615,0.5204993157111164,0,0,0,0,0.56,0
scene-0309,4,12,0.22589436087957174,0.4752834531935356,0.7787836337062596,1.2173532470768182,1.1575470273824517,0,0,0,0,0.6,0
scene-0309,5,13,0.6560503478015788,0.8099693499149081,2.1879203736433337,1.6233828419389669,1.5518522185524661,0,0,0,0,0.8,1
scene-0309,6,13,0.2603139911996435,0.5102097521604654,0.9236991558271198,2.1071039785950103,2.0916442805748705,0,0,0,1,0.92,1
scene-0309,7,13,0.3960519978337908,0.6293266225369707,1.3246749958995716,2.4570185962653612,2.4377306460743493,0,0,1,1,1.0,1
scene-0309,8,13,1.4734488314649556,1.2138570061852243,4.524667408226647,1.8359776490219486,1.7518524143560306,0,0,0,0,0.88,1
scene-0309,9,12,1.670979385180272,1.2926636782938832,4.612413248596691,1.527775212983191,1.3923694602209522,0,0,0,0,0.72,0
scene-0309,10,13,5.357277729583864,2.31457938502525,16.46821758117061,1.619594844952863,0.7035300014899027,0,0,0,0,0.76,0
scene-0309,11,13,1.3518087436304453,1.1626731026520074,4.23351574465735,1.1583715349514565,0.8246856660890689,0,0,0,0,0.52,0
scene-0309,12,13,1.7976840640484022,1.3407774103289487,4.874112755844958,0.8551573959803996,0.3168868047574837,0,0,0,0,0.32,0
scene-0309,13,13,3.4647775899590854,1.8613913049004729,10.79697885550158,1.0312730388230418,0.3147004314543474,0,0,0,0,0.48,0
scene-0309,14,13,0.5951892304565822,0.7714850811626769,1.842817722348625,0.5599797567369419,0.2894809984995141,0,0,0,0,0.16,0
scene-0309,15,13,0.08400263221770517,0.28983207589517274,0.278039370603674,0.3957132768376633,0.3477540325937009,0,0,0,0,0.04,0
scene-0309,16,13,0.06850835520523031,0.26174100787845667,0.22658514212612715,0.20473332682844397,0.08961920429727836,0,0,0,0,0.0,0
scene-0309,17,13,0.05867473677739236,0.2422286869414776,0.22353657152775092,0.40640497025761935,0.3998247399513337,0,0,0,0,0.08,0
scene-0309,18,13,0.21244517028037824,0.4609177478470299,0.8627887506896408,0.6443729184759459,0.5890203938383546,0,0,0,0,0.24,0
scene-0309,19,13,0.03472476226443525,0.18634581364880523,0.10839674512864042,0.8840160623992737,0.8820582902916474,0,0,0,0,0.36,0
scene-0309,20,13,0.7670829099351147,0.8758326951736357,2.5949425533512187,0.8991472225512616,0.7608338254095619,0,0,0,0,0.4,0
scene-0309,21,13,0.9604322691499846,0.9800164637137402,3.3108081629248343,0.7505154625252884,0.6032105070519919,0,0,0,0,0.28,0
scene-0309,22,13,0.2564225641190582,0.5063818362846936,0.9274242020438488,0.5123634083156864,0.4339092299529435,0,0,0,0,0.12,0
scene-0309,23,13,0.2646036496527833,0.5143963935067812,0.9188639998902631,0.5740771968937582,0.46807752323016266,0,0,0,0,0.2,0
scene-0309,24,13,0.747072487459359,0.8643335510434377,2.4492204527074777,0.943970542896108,0.8710742635682888,0,0,0,0,0.44,0
scene-0309,25,13,0.21833777641807306,0.4672662799925467,0.7170835148217454,1.3411457860464693,1.3219772544749109,0,0,0,0,0.64,0
scene-0310,0,12,3.986994866346182,1.996746069570736,7.453521168842033,1.3164638873755576,1.1906450043381407,0,0,0,0,0.4,0
scene-0310,1,13,6.887574274264174,2.624418845052019,15.279991912695152,2.0271707759038073,1.7643482135872963,0,0,0,0,0.6,0
scene-0310,2,13,2.3664920252751407,1.5383406726974167,6.669602306167688,1.1930455777975935,0.9131293124888504,0,0,0,0,0.24,0
scene-0310,3,13,0.8906221460409437,0.943727792343186,2.7143763553795703,0.9852170491374856,0.9648848897877845,0,0,0,0,0.2,0
scene-0310,4,13,0.053971616162114454,0.2323179204497889,0.1330603760421847,0.5006474754764968,0.5006407882057842,0,0,0,0,0.04,0
scene-0310,5,13,0.17566851043069712,0.4191282744348049,0.5942111096153627,0.30716873261063055,0.18779147592025344,0,0,0,0,0.0,0
scene-0310,6,13,2.0143472899411283,1.419277030724139,6.497894303115671,0.8541802744330744,0.5130681530596717,0,0,0,0,0.12,0
scene-0310,7,13,1.6249491448375781,1.2747349312063188,4.640112411838304,0.9555725604857863,0.5642852714256946,0,0,0,0,0.16,0
scene-0310,8,13,2.3211876570377354,1.523544438812907,7.7360925522162205,1.2743800484990382,0.7613066496886219,0,0,0,0,0.36,0
scene-0310,9,13,2.6252496585287375,1.6202622190647837,8.638176524157265,2.1233895226899793,1.836680672431563,0,0,0,1,0.64,0
scene-0310,10,13,2.6314435302224504,1.6221724724031197,8.30477804845685,3.0166636095682735,2.9873226055730187,0,1,1,1,0.8,1
scene-0310,11,13,3.96047412056676,1.9900939979223997,11.053688423282336,3.6885107793850334,3.661695802589698,1,1,1,1,0.88,1
scene-0310,12,13,7.161201152829601,2.6760420685836763,19.39813987748495,4.180084867523915,4.054372025355392,1,1,1,1,0.96,1
scene-0310,13,13,4.121037834144681,2.030033949012844,11.53827914423338,3.0774681386651186,3.062734150077634,1,1,1,1,0.84,1
scene-0310,14,13,7.406851255973389,2.7215530962987637,19.020923469084703,5.02350095473022,4.979277445814267,1,1,1,1,1.0,1
scene-0310,15,13,10.41314086590335,3.226939860905894,25.86408070719578,4.097173560390197,4.057831628647445,1,1,1,1,0.92,1
scene-0310,16,13,2.2843086393347605,1.5113929467000833,7.166268488520428,2.4306436621636656,2.409069283850041,0,0,1,1,0.72,0
scene-0310,17,13,5.045387988242048,2.2461941118794804,12.401175023428278,2.6809073473723024,2.5985670347563476,0,1,1,1,0.76,0
scene-0310,18,13,4.939413820708751,2.222479205911441,16.136988180899895,2.223620004169131,1.8490989394721442,0,0,0,1,0.68,0
scene-0310,19,13,4.106942838615049,2.0265593597560985,11.87183154391042,1.8022538142199036,1.4826655034547451,0,0,0,0,0.56,0
scene-0310,20,13,3.975832966940852,1.9939490883522708,12.573859025953414,1.7704833869607042,1.1054754442924564,0,0,0,0,0.52,0
scene-0310,21,12,2.807716645806575,1.6756242555556944,9.780685459720608,1.5194017705647074,1.1953195551795506,0,0,0,0,0.44,0
scene-0310,22,13,4.209535001656985,2.0517151365764654,11.4286278607195,1.6095597809357591,0.6714655787651571,0,0,0,0,0.48,0
scene-0310,23,13,2.25350183869955,1.5011668257390816,7.149318629094546,1.2515241629461993,0.6571876448634127,0,0,0,0,0.32,0
scene-0310,24,13,4.464966950152825,2.113046840501371,15.16749282166744,1.2403187416649049,0.9957089254677137,0,0,0,0,0.28,0
scene-0310,25,13,0.9639252586012953,0.9817969538561908,3.605023352382173,0.6799560851890116,0.4363411294967667,0,0,0,0,0.08,0
scene-0311,0,13,2.410899342425805,1.5527071012994709,6.613508873485842,1.2678295795846213,0.2953675844546418,0,0,0,0,0.12,0
scene-0311,1,13,1.4622860196536573,1.2092501890236187,3.8996962111918214,1.006550298141768,0.4266047953596647,0,0,0,0,0.0,0
scene-0311,2,13,2.027802435595724,1.4240092821311678,6.904607866769093,1.6647270824779181,1.52582513256258,0,0,0,0,0.4,0
scene-0311,3,13,1.8019229042587808,1.3423572193193511,5.158097868717068,1.5584547567883784,1.331845887532973,0,0,0,0,0.24,0
scene-0311,4,13,1.4830471339715083,1.2178042264549374,4.151265455342111,1.674698388271569,1.6162501356145607,0,0,0,0,0.44,0
scene-0311,5,13,1.3217672981587825,1.1496813898462401,2.868404348205575,1.2075205277373284,1.19078397366188,0,0,0,0,0.04,0
scene-0311,6,13,2.2136706913803867,1.4878409496247866,5.683419357805018,1.7418978610194826,1.7301091946291105,0,0,0,0,0.52,0
scene-0311,7,13,1.583496465886591,1.2583705598457837,4.2299787566664255,1.4813972099397306,1.372537529082459,0,0,0,0,0.2,0
scene-0311,8,13,1.4966891057517333,1.2233924577794868,4.194830612877866,1.3940595861688878,1.2732689414787441,0,0,0,0,0.16,0
scene-0311,9,13,1.9055835415324793,1.3804287527911316,5.508321112339461,1.2220637766769307,0.8547643829674049,0,0,0,0,0.08,0
scene-0311,10,13,2.2618153532118073,1.5039332941363481,6.966740841252193,1.6809453347785324,1.311351550371601,0,0,0,0,0.48,0
scene-0311,11,13,1.884264939271569,1.3726853023441203,6.5994558482007495,2.267230318528683,2.127815193684152,0,0,0,1,0.64,0
scene-0311,12,13,2.4729338445926756,1.5725564678550261,7.723646826307701,2.519397594561979,2.4254237824461367,0,0,1,1,0.84,1
scene-0311,13,13,9.345588612404612,3.057055546175864,26.608396312081137,3.0422012255908992,2.3906915558299247,1,1,1,1,1.0,1
scene-0311,14,13,9.60049674314568,3.0984668375094286,28.12970161714135,2.4916829147837283,1.6434455806232637,0,0,1,1,0.8,1
scene-0311,15,13,10.885942523324177,3.299385173532211,30.57451377039187,2.770001566904824,1.4282561861854888,0,1,1,1,0.92,1
scene-0311,16,13,10.449002812094362,3.232491734265435,28.038127463378963,2.3999345712797227,0.8317037827733548,0,0,1,1,0.76,0
scene-0311,17,13,3.5374359577733308,1.8808072622608971,10.579412812504103,1.6456067662485532,1.2591822716181873,0,0,0,0,0.32,0
scene-0311,18,13,1.4996368904210973,1.2245966235545063,3.868274391642203,1.9633672635700221,1.9502737641906005,0,0,0,0,0.56,0
scene-0311,19,13,1.3827782284294712,1.175915910441504,4.3997153148865085,2.14837399613339,2.1209183263497047,0,0,0,1,0.6,0
scene-0311,20,13,1.9454758422149432,1.3948031553645637,6.501421694837091,2.299756994350052,2.219693499194606,0,0,1,1,0.72,0
scene-0311,21,13,3.6758373316025157,1.9172473318804009,12.455540834501486,2.6826217019952496,2.503254365804407,0,1,1,1,0.88,1
scene-0311,22,13,3.645777242828574,1.909391851566507,11.013174954520412,2.288479484745109,2.186250718825011,0,0,0,1,0.68,0
scene-0311,23,13,7.022969172246317,2.650088521586839,22.659144528431924,2.8516153965744895,2.4255006453909975,0,1,1,1,0.96,1
scene-0311,24,13,3.2772253964022844,1.8103108562902352,11.170855082510238,1.5722265364850319,1.2189527688145019,0,0,0,0,0.28,0
scene-0311,25,13,4.354664292456124,2.0867832404100155,13.770135995828753,1.6619371429988457,1.3775486767417353,0,0,0,0,0.36,0
scene-0312,0,13,13.594738613783335,3.6871043670858215,41.79858865383265,1.8484482491754344,1.2864642021986858,0,0,0,0,0.84,1
scene-0312,1,13,0.6388764416805942,0.7992974675804961,2.5347923714762413,0.6073510264287577,0.2949521659710748,0,0,0,0,0.0,0
scene-0312,2,13,0.6942971589995115,0.8332449573801881,2.2651473837072915,0.8459051476391077,0.597035114285409,0,0,0,0,0.04,0
scene-0312,3,13,0.19223044064006833,0.43844092035309423,0.7109218023041994,0.9439965889860661,0.9013934115135244,0,0,0,0,0.08,0
scene-0312,4,13,5.723933596461966,2.3924743669393753,18.794017927571286,1.8602444948480172,0.9750281279102051,0,0,0,0,0.92,1
scene-0312,5,13,0.738096862890559,0.8591256385945882,2.5381440624863063,1.725342690832356,1.6697940647288796,0,0,0,0,0.72,0
scene-0312,6,13,3.1941441176142154,1.78721686362182,11.369307615223695,2.334960453465064,2.0624110163903016,0,0,1,1,1.0,1
scene-0312,7,13,5.505338990677369,2.346345880444179,17.222678854429457,2.0935672269618157,1.3751101444182299,0,0,0,0,0.96,1
scene-0312,8,13,3.1629998195482028,1.7784824484790966,9.582004000405464,1.8468831402254198,1.587810684475419,0,0,0,0,0.8,1
scene-0312,9,13,2.7954637269978835,1.6719640328062932,8.499936737991188,1.6944985857859471,1.4292221148159994,0,0,0,0,0.68,0
scene-0312,10,13,1.9692794124145976,1.4033101625850921,5.830163125860578,1.1820865485575491,1.0144873067218065,0,0,0,0,0.16,0
scene-0312,11,13,5.9327011174132425,2.4357136772234216,16.555016149161673,1.4104037390545694,0.3721531701008689,0,0,0,0,0.32,0
scene-0312,12,13,7.014353495770647,2.648462477697324,21.242859610507296,1.7383415605365198,0.19480068273574833,0,0,0,0,0.76,0
scene-0312,13,13,6.694158111861135,2.5873071158757197,19.07018663449144,1.6183432324484803,0.3654530750974712,0,0,0,0,0.64,0
scene-0312,14,13,3.154377676139559,1.7760567772848814,9.640883061952419,1.1980560746033186,0.5728371328245304,0,0,0,0,0.2,0
scene-0312,15,13,3.8893247702452194,1.9721371073648046,11.592795798432178,1.4999074296587065,0.9926388443612333,0,0,0,0,0.52,0
scene-0312,16,13,4.681783494430479,2.163742936309782,14.64926144426744,1.440097679800267,0.3350787608014259,0,0,0,0,0.36,0
scene-0312,17,13,4.292875009455192,2.0719254353029193,12.457585538517797,1.447806789978174,0.2663469535470271,0,0,0,0,0.4,0
scene-0312,18,13,4.638995573218926,2.1538327635215615,14.189779831812526,1.5882770286696049,0.39083599857123263,0,0,0,0,0.6,0
scene-0312,19,13,5.412319946095841,2.326439327834672,15.727860203637148,1.848523022929424,0.25855030710535887,0,0,0,0,0.88,1
scene-0312,20,13,3.194537641891362,1.7873269543906514,9.542747505586492,1.3111585351761883,0.35507701707661576,0,0,0,0,0.28,0
scene-0312,21,13,4.437783294955953,2.1066046840724417,12.838692216097042,1.5765035833144396,0.20593081961378315,0,0,0,0,0.56,0
scene-0312,22,13,3.814719559943498,1.9531307073371966,11.176318635190121,1.4790939536210743,0.4419139090703126,0,0,0,0,0.48,0
scene-0312,23,13,2.6090209550476686,1.6152464069137156,7.427320367446684,1.2426300834776531,0.48251569671567607,0,0,0,0,0.24,0
scene-0312,24,13,1.9859514145953003,1.4092378843173712,5.777087273193591,1.0238679428823054,0.2837900382434846,0,0,0,0,0.12,0
scene-0312,25,13,3.875246788302873,1.9685646517965503,10.189564744841382,1.4585198737516394,0.08809692091638761,0,0,0,0,0.44,0
scene-0313,0,13,0.5400870525119283,0.7349061521799422,1.9302518911344644,1.42231415377152,1.332444814508244,0,0,0,0,0.48,0
scene-0313,1,13,3.5141262305961347,1.874600285553199,11.168218911640821,1.2772925526797632,0.4388979126466599,0,0,0,0,0.32,0
scene-0313,2,13,5.327664428243212,2.3081733964854574,16.71818288437602,1.396996604231156,0.6110343137067188,0,0,0,0,0.4,0
scene-0313,3,13,1.0051622604156867,1.0025778076616731,2.9747709295301,0.7809696665278408,0.19479353021059956,0,0,0,0,0.08,0
scene-0313,4,13,0.4701534500030533,0.6856773658237912,1.4538333887738835,0.6138440354354905,0.38738473234390974,0,0,0,0,0.0,0
scene-0313,5,13,0.7222015280972055,0.8498244101561249,2.4296955188428897,0.7651524299712718,0.4534148745872238,0,0,0,0,0.04,0
scene-0313,6,13,0.4465932583373526,0.6682763338151012,1.6147453600252217,1.0051335700367956,0.9486744809625808,0,0,0,0,0.12,0
scene-0313,7,13,2.726482760686096,1.651206456105988,10.440134678097273,1.44896946434096,1.0437276519333967,0,0,0,0,0.56,0
scene-0313,8,13,2.3115886639392733,1.5203909575958656,6.890088932707544,1.4684866821707696,1.093466859668066,0,0,0,0,0.68,0
scene-0313,9,13,2.766736007209287,1.6633508370783618,8.881068018926126,1.8017190015429552,1.475583929606649,0,0,0,0,0.92,1
scene-0313,10,13,2.866544117869385,1.6930871560168972,7.471814926702768,1.3757592153595462,0.9945119475173136,0,0,0,0,0.36,0
scene-0313,11,13,3.189253781912143,1.785848196771535,10.342057877761876,1.741517132886994,1.2767849826574131,0,0,0,0,0.84,1
scene-0313,12,13,6.501030481348735,2.5497118428066994,18.309921983846472,1.9909651450590784,1.237863913631046,0,0,0,0,1.0,1
scene-0313,13,13,2.4369839478010475,1.5610842218794756,6.048206030878076,1.4696167133192013,1.3985997683901132,0,0,0,0,0.72,0
scene-0313,14,13,1.589502423711612,1.2607547040212113,4.106501459734058,1.1768595572715972,1.0901790875861574,0,0,0,0,0.28,0
scene-0313,15,13,2.909348843886134,1.7056813430081639,7.140350601629236,1.452863250728524,1.2404351725513802,0,0,0,0,0.6,0
scene-0313,16,13,1.8607492395651315,1.3640928265939718,4.938306942227829,1.1431697668013385,0.7535743868288441,0,0,0,0,0.24,0
scene-0313,17,13,3.8186274768311947,1.954130875051923,10.230267273263074,1.5049557186802398,0.7588282636908247,0,0,0,0,0.76,0
scene-0313,18,13,1.3244514454525038,1.1508481417860932,3.664402981533478,1.0838426128927354,0.8706383296997074,0,0,0,0,0.16,0
scene-0313,19,13,1.1491874558751463,1.0720016118808526,3.1443990694940562,1.9183191256540155,1.8668741865254246,0,0,0,0,0.96,1
scene-0313,20,13,1.1635371534908208,1.0786737938277822,3.343577143936723,1.1198974593203017,0.9891379528056268,0,0,0,0,0.2,0
scene-0313,21,13,1.4725930870695336,1.213504465203789,3.5369101259993654,1.7915750390279979,1.787669946117015,0,0,0,0,0.88,1
scene-0313,22,13,1.378506105401102,1.1740979965067235,3.4312594399572776,1.4118148974927875,1.3077940129341459,0,0,0,0,0.44,0
scene-0313,23,13,1.9334947440466899,1.39050161598133,4.616412321493604,1.4234529615508118,1.284611441741846,0,0,0,0,0.52,0
scene-0313,24,13,1.8359550344632396,1.3549741822127976,4.9880467144699185,1.4596592686006362,1.4047122475405995,0,0,0,0,0.64,0
scene-0313,25,13,2.822833156021319,1.680128910536724,7.560057516874638,1.726561736703946,1.5658339324232127,0,0,0,0,0.8,1
scene-0314,0,13,0.4105651551792226,0.6407535838208185,1.1928728524741792,1.2578482721241961,1.2418488508361298,0,0,0,0,0.24,0
scene-0314,1,13,0.933756161019614,0.9663105924182007,2.553021504522987,0.9794358567638018,0.7956992474916961,0,0,0,0,0.08,0
scene-0314,2,13,3.416373322544,1.8483433995186067,9.446155582834376,1.4043336666587445,0.5219936066541847,0,0,0,0,0.48,0
scene-0314,3,13,3.4690480675601365,1.8625380714391147,9.609588548304268,1.3030709175019768,0.6120329965134567,0,0,0,0,0.32,0
scene-0314,4,13,3.9806776440967595,1.9951635632440663,11.038316590691542,1.5131490306066675,0.9074053169853622,0,0,0,0,0.64,0
scene-0314,5,13,2.2715633091051752,1.5071706303883363,7.069901325683374,1.1863307058200558,1.0844211309126663,0,0,0,0,0.2,0
scene-0314,6,13,2.6561933171405365,1.62978321170042,8.263631189979538,1.7773127446071335,1.5588451532369465,0,0,0,0,0.84,1
scene-0314,7,13,2.0829198135308826,1.4432324184035232,6.381028271936964,1.07019170636939,0.7709851924298712,0,0,0,0,0.12,0
scene-0314,8,13,2.200023942276662,1.4832477683369902,6.732334631570164,1.0871279163144474,0.7771656470123833,0,0,0,0,0.16,0
scene-0314,9,13,1.0111625201457086,1.0055657711685042,3.420683021007396,0.9657894463888181,0.6666688910705668,0,0,0,0,0.04,0
scene-0314,10,13,2.082955021022847,1.4432446157955507,6.486099731804116,1.5030457636161603,1.1048415543604237,0,0,0,0,0.56,0
scene-0314,11,13,3.514088579253199,1.8745902430273125,10.629204574022005,1.8097063355279392,1.2009039550091287,0,0,0,0,0.92,1
scene-0314,12,13,0.9332163928255177,0.9660312587207092,2.938200838130605,1.4702593138640785,1.3741073476467653,0,0,0,0,0.52,0
scene-0314,13,13,1.0118914166606463,1.0059281369266129,3.1170977238657054,1.265790802670946,1.2336124915191018,0,0,0,0,0.28,0
scene-0314,14,13,3.087437108527046,1.7571104428939708,10.763942984151422,1.3157472354415556,1.0463003331418863,0,0,0,0,0.36,0
scene-0314,15,13,1.856290534566886,1.3624575349591217,6.370281524687353,0.9388122716226885,0.5132340303413898,0,0,0,0,0.0,0
scene-0314,16,13,2.313397216170861,1.520985606825673,8.452639329218654,1.3972109770126846,1.0489531050285492,0,0,0,0,0.44,0
scene-0314,17,13,0.7625125100623406,0.8732196230401265,3.0329301592865314,1.3794214009385142,1.2323284351601738,0,0,0,0,0.4,0
scene-0314,18,13,1.6523742179464087,1.285447088738548,5.4556650168574885,1.797404163531091,1.5108662974679516,0,0,0,0,0.88,1
scene-0314,19,13,1.2546577976602618,1.120115082328714,4.416075355530959,1.5049907859649887,1.380304591621185,0,0,0,0,0.6,0
scene-0314,20,13,2.1728036819359766,1.4740433107395374,6.4331998973156335,1.5949104551493638,1.3737490077966348,0,0,0,0,0.68,0
scene-0314,21,13,2.0425162378985617,1.429166273705954,5.630796934668979,1.6826652829013222,1.6194247583667234,0,0,0,0,0.76,0
scene-0314,22,13,2.539897633611577,1.5937056295350083,6.788235204336191,1.7490486824890796,1.695717816846736,0,0,0,0,0.8,1
scene-0314,23,13,1.7580733978762721,1.3259236018248834,4.105677429597467,1.8589034938104114,1.843593621167838,0,0,0,0,0.96,1
scene-0314,24,13,1.24874420748902,1.1174722401424655,2.9803112797798894,1.639908795916894,1.6364688584877214,0,0,0,0,0.72,0
scene-0314,25,13,0.976180174084884,0.9880183065535193,2.2391911524730186,2.16640312767866,2.165913940308854,0,0,0,1,1.0,1
scene-0333,0,13,1.936844872681492,1.3917057421313932,6.048362271749653,1.0570409073432079,0.8836225845937586,0,0,0,0,0.56,0
scene-0333,1,13,1.9871526823678973,1.4096640317351852,6.116453407689002,1.3677347868721257,1.3493289722058066,0,0,0,0,0.68,0
scene-0333,2,13,1.0139545179647251,1.006953086277968,3.0644569197386247,0.9798179020176069,0.9712035792191044,0,0,0,0,0.48,0
scene-0333,3,13,0.16910482230749732,0.41122356730554405,0.49174681705782963,0.6497244256647661,0.6057650104284938,0,0,0,0,0.2,0
scene-0333,4,13,0.10061306000315477,0.31719561788138684,0.227931273363337,0.5882533570878669,0.568921170107544,0,0,0,0,0.16,0
scene-0333,5,13,0.16415913299778473,0.40516556245291224,0.48875626236808617,0.9350363594180422,0.9345431952722096,0,0,0,0,0.44,0
scene-0333,6,13,3.5630804483706804,1.8876123670845877,11.12362916563359,1.7963737523541614,1.7918665137802776,0,0,0,0,0.88,1
scene-0333,7,13,3.221324276942996,1.7948048019054874,10.810139012741148,1.6540069307066492,1.5728751344029128,0,0,0,0,0.76,0
scene-0333,8,13,4.33160440384012,2.081250682604121,13.582136893955662,1.659315771941171,1.582304429245647,0,0,0,0,0.8,1
scene-0333,9,13,3.9997966285565085,1.9999491564928615,12.627782623407258,1.638533593135964,1.5708539380753928,0,0,0,0,0.72,0
scene-0333,10,13,4.759884759098697,2.1817160124770356,15.090933311571384,1.8898561875144932,1.8396344277141397,0,0,0,0,0.92,1
scene-0333,11,13,5.4462276820945705,2.333715424402592,17.449245081656954,2.210759376317518,2.2044950283250864,0,0,0,1,1.0,1
scene-0333,12,13,5.6861582959135575,2.384566689340761,18.2101856130907,2.1648243297681327,2.135472063984951,0,0,0,1,0.96,1
scene-0333,13,13,4.26298803837627,2.0647004718303017,13.477185282320384,1.776408547968555,1.7557729962210313,0,0,0,0,0.84,1
scene-0333,14,13,2.4166582586222454,1.554560471201505,8.079565743996971,1.3329410587506496,1.2732137829814456,0,0,0,0,0.64,0
scene-0333,15,13,2.1344731827881542,1.4609836353594636,7.133213011162927,1.03779587578668,0.8956960206913144,0,0,0,0,0.52,0
scene-0333,16,13,0.2844468573826399,0.5333355954580942,0.8857075391310466,0.7328495163174422,0.7227957847269574,0,0,0,0,0.32,0
scene-0333,17,13,0.10643340822561458,0.3262413343303,0.24989567798295392,0.5232507602826646,0.501929084257016,0,0,0,0,0.04,0
scene-0333,18,13,1.7018336737114226,1.3045434732930223,5.458036340170194,0.7577857477902684,0.3533835676868818,0,0,0,0,0.36,0
scene-0333,19,13,0.3316178484443814,0.5758626992993915,1.077805049937371,0.5855663179537612,0.5692597262727911,0,0,0,0,0.12,0
scene-0333,20,13,2.8751828361678284,1.6956364103686346,9.225317226034011,1.1263697694229706,1.119267097974551,0,0,0,0,0.6,0
scene-0333,21,13,0.15799189758902868,0.3974819462428812,0.5045247015816796,0.5766434505592356,0.5386834619621154,0,0,0,0,0.08,0
scene-0333,22,13,0.14152467994428689,0.3761976607373933,0.4307864637538411,0.7650254312677797,0.763173345546548,0,0,0,0,0.4,0
scene-0333,23,13,0.15201738357987882,0.3898940671257756,0.4660475589120269,0.7195090343764636,0.6665736300015863,0,0,0,0,0.28,0
scene-0333,24,13,0.08495552485780355,0.29147131052267145,0.24761655177636457,0.3308284075579129,0.27145546128790116,0,0,0,0,0.0,0
scene-0333,25,13,0.4875750483864251,0.6982657433860157,1.389106154942883,0.6785133885289003,0.6714393852559443,0,0,0,0,0.24,0
scene-0334,0,13,0.48445772229352796,0.6960299722666603,1.2980180321664425,0.6022572705320639,0.40313741956883287,0,0,0,0,0.6,0
scene-0334,1,13,0.1383851434530692,0.37200153689611176,0.42512855179006553,0.33068032367739963,0.23523056213694518,0,0,0,0,0.04,0
scene-0334,2,13,0.1153352265039234,0.33961040399835135,0.3873674874642005,0.32210509187152725,0.21806283598385864,0,0,0,0,0.0,0
scene-0334,3,13,0.13275182517678905,0.3643512387474332,0.32483060469057684,0.3489334661451679,0.21170944627462898,0,0,0,0,0.08,0
scene-0334,4,13,0.08432698728335135,0.2903910936708482,0.247181004536104,0.4508105032696639,0.42544535839104763,0,0,0,0,0.32,0
scene-0334,5,13,0.017328342157270468,0.13163716100429418,0.04340416288115685,0.7788627596805034,0.776144938720316,0,0,0,0,0.8,1
scene-0334,6,13,0.06944449609696916,0.26352323635112174,0.19994345082373793,0.8602284046000831,0.8599553646355481,0,0,0,0,0.92,1
scene-0334,7,13,0.11637418453480546,0.34113660685245356,0.3072635341754553,0.8919108964906302,0.8902858893544005,0,0,0,0,0.96,1
scene-0334,8,13,0.381320718824689,0.6175117155363847,1.033844765122994,0.6265698558387085,0.4649196561230324,0,0,0,0,0.64,0
scene-0334,9,13,0.12236046526620104,0.34980060786997075,0.3253546707196107,0.7216432976443132,0.7079041810068208,0,0,0,0,0.72,0
scene-0334,10,13,0.21038383192636947,0.4586761732708267,0.6431697122827157,0.8325577917293248,0.8183985443607326,0,0,0,0,0.84,1
scene-0334,11,13,0.1799210624326368,0.42417102969514175,0.5433726504912768,0.7208527855972722,0.6844377110984654,0,0,0,0,0.68,0
scene-0334,12,13,0.389761277002143,0.6243086392179297,1.2004010478833087,0.49939631717851085,0.29091947903954535,0,0,0,0,0.4,0
scene-0334,13,13,0.4178552719192536,0.6464172583705153,1.32759955969582,0.553555513242521,0.3748877713348235,0,0,0,0,0.48,0
scene-0334,14,13,0.1997831120822958,0.44697104165963125,0.5522710492028302,0.6016810407206031,0.569893761481557,0,0,0,0,0.56,0
scene-0334,15,13,0.1071909275656895,0.3274002559035187,0.28185037382989775,0.9331154149185904,0.9233100461757937,0,0,0,0,1.0,1
scene-0334,16,13,0.16775459551711688,0.40957855841964785,0.5231839417197729,0.8364216929499869,0.8104461046597078,0,0,0,0,0.88,1
scene-0334,17,13,0.33574208990799215,0.5794325585501665,1.521606522787931,0.3859257838937719,0.21111214440778003,0,0,0,0,0.2,0
scene-0334,18,13,0.2194031582297452,0.468404908417648,0.7237178917319768,0.35089771572307665,0.21857163022633375,0,0,0,0,0.12,0
scene-0334,19,13,0.7585415243403522,0.8709428938457172,2.4054818172804575,0.7728521061354644,0.49726284689155253,0,0,0,0,0.76,0
scene-0334,20,13,0.27785866256600134,0.5271230051572415,0.7748907760870701,0.4992539738354802,0.30539866962742723,0,0,0,0,0.36,0
scene-0334,21,13,0.11738357783624305,0.34261286875457997,0.35990195065803704,0.3559702343028205,0.242085557598514,0,0,0,0,0.16,0
scene-0334,22,13,0.0227953963013828,0.1509814435663628,0.06184418664891264,0.4131428824954299,0.3939768043793248,0,0,0,0,0.24,0
scene-0334,23,13,0.15242034811080943,0.3904104866814023,0.4554306757290763,0.5543433622298223,0.4958135928644498,0,0,0,0,0.52,0
scene-0334,24,13,0.231644797109809,0.48129491697898596,0.7584946453802837,0.5132358217386066,0.4283183174825799,0,0,0,0,0.44,0
scene-0334,25,13,0.12236372894058874,0.34980527288848684,0.3377717599057744,0.4303503294935322,0.3828091215432113,0,0,0,0,0.28,0
scene-0335,0,13,6.9673833143158115,2.6395801397790164,20.66615859584041,1.794432512820644,1.0091949682980457,0,0,0,0,0.52,0
scene-0335,1,13,5.528061423079106,2.3511829837507556,15.472535888105487,1.6953788619565233,1.1753025524564615,0,0,0,0,0.28,0
scene-0335,2,13,5.819510506107441,2.4123661633565168,18.66057187580231,1.7545941622497123,0.5421541964952085,0,0,0,0,0.48,0
scene-0335,3,13,11.382438829265453,3.373787015990407,36.501072248804036,2.2133018085956584,1.0809666613994604,0,0,0,1,0.6,0
scene-0335,4,13,5.363291909152442,2.3158782155269826,16.368485913002896,1.7543379038036984,0.9716721469663613,0,0,0,0,0.44,0
scene-0335,5,13,4.842221035220903,2.2005047228354004,15.654531377890716,1.5755037597488886,0.8689111079998938,0,0,0,0,0.2,0
scene-0335,6,13,5.1470603444158955,2.2687133676196063,15.632493502757198,1.711701261531855,0.8910137423685093,0,0,0,0,0.32,0
scene-0335,7,13,2.296150366024509,1.5153053705522557,7.385635183601418,1.722704895126411,1.3431728877134237,0,0,0,0,0.36,0
scene-0335,8,13,4.073920732398082,2.0183955837243803,13.07705683410463,2.3862810438731357,1.9074123978422914,0,0,1,1,0.76,0
scene-0335,9,13,3.6813460722114724,1.918683421571019,11.72638314665689,2.38509427160395,1.977781069622674,0,0,1,1,0.72,0
scene-0335,10,13,3.8265363206365435,1.9561534501762747,12.152121553747195,2.6319052315327474,2.260589116032938,0,1,1,1,0.84,1
scene-0335,11,13,5.058614451167299,2.2491363789613334,15.750142698584657,2.888158348849782,2.5543501614957242,0,1,1,1,0.92,1
scene-0335,12,13,4.864464849224203,2.205553184401637,14.547018065425874,2.4827405555822843,2.2873982535078414,0,0,1,1,0.8,1
scene-0335,13,13,6.301738322109362,2.510326337771518,19.112693073985554,2.9943092369177586,2.8256671705684906,0,1,1,1,0.96,1
scene-0335,14,13,2.651838322313651,1.628446597931185,8.724001545322734,2.259656624834057,2.1477907447217013,0,0,0,1,0.68,0
scene-0335,15,13,0.37469015946149,0.6121193996774567,1.220191526389697,1.5592808305418218,1.533364873885591,0,0,0,0,0.16,0
scene-0335,16,13,0.2152913180993085,0.4639949548209641,0.6771394058278394,1.6592105895598048,1.6447806264102602,0,0,0,0,0.24,0
scene-0335,17,13,0.9530461525886259,0.9762408271469832,2.9673792668199743,2.2361429249522145,2.1255099949919374,0,0,0,1,0.64,0
scene-0335,18,13,0.6635793825738218,0.8146038193955524,1.7267999962175091,3.498128293604291,3.437717568003104,1,1,1,1,1.0,1
scene-0335,19,13,2.4997523161836983,1.581060503644215,9.094778373493446,2.668185917654613,2.599117932518395,0,1,1,1,0.88,1
scene-0335,20,13,2.972174642218336,1.7239996062117695,9.970268125507243,1.7443819235365272,1.5450384780894426,0,0,0,0,0.4,0
scene-0335,21,13,0.989304276553009,0.9946377614755078,3.2844787403705076,0.8744086911996433,0.548844529184324,0,0,0,0,0.08,0
scene-0335,22,13,8.43555738193483,2.90440310252121,27.391057107496465,1.8303506015697053,1.0299686244483295,0,0,0,0,0.56,0
scene-0335,23,13,7.493226755206077,2.737375888548388,24.41574705997224,1.422527359768782,0.3861119343721063,0,0,0,0,0.12,0
scene-0335,24,13,0.8095306635386589,0.899739219740175,2.2542126307293175,0.7807488544646978,0.4695966700268228,0,0,0,0,0.04,0
scene-0335,25,13,0.30907087137642736,0.5559414280087672,0.9977072523007854,0.46297855740839733,0.27310418881545956,0,0,0,0,0.0,0
scene-0336,0,13,9.700636687575875,3.11458451283247,25.735131004119033,2.743339866052603,2.6379585449401666,0,1,1,1,0.96,1
scene-0336,1,13,15.337700921529526,3.9163376924787174,41.84577314988325,3.0649898715197983,2.709317418153992,1,1,1,1,1.0,1
scene-0336,2,13,5.640063975035396,2.374881886544128,16.95064217637483,1.7514675213104547,1.3291865593283096,0,0,0,0,0.84,1
scene-0336,3,13,12.030210146879186,3.4684593333177753,35.308027680246724,2.1939136256733516,1.054178770821219,0,0,0,1,0.92,1
scene-0336,4,13,5.547843047543729,2.3553859657270038,17.11409738345314,1.439463494715304,0.5265544293337175,0,0,0,0,0.64,0
scene-0336,5,13,5.729640359587525,2.3936667185695515,15.815519907479759,1.649610137429534,1.3153525823583483,0,0,0,0,0.8,1
scene-0336,6,13,2.138931166666667,1.46250851849371,6.216169159763314,1.3913454370177474,1.2983461715857378,0,0,0,0,0.6,0
scene-0336,7,13,4.33247098224852,2.0814588591294614,11.225997784023663,1.5101331382415055,0.5864857946101587,0,0,0,0,0.72,0
scene-0336,8,13,1.8950051693705927,1.3765918673922901,5.299653728111178,1.1109169738616056,0.49001452631746373,0,0,0,0,0.48,0
scene-0336,9,13,1.99730424549409,1.413260147847554,6.160071422728878,1.0013973702429642,0.5247022853631782,0,0,0,0,0.36,0
scene-0336,10,13,0.7888723735668876,0.8881848757814375,2.3540586209067147,0.7053572803190941,0.3525523289181325,0,0,0,0,0.0,0
scene-0336,11,13,0.5342801808917444,0.7309447180818427,1.6714438417391277,0.7865107618471764,0.5812051493016711,0,0,0,0,0.04,0
scene-0336,12,13,0.5025903708086786,0.708936083725944,1.4908294082840234,0.7890890596794754,0.6215056037769434,0,0,0,0,0.08,0
scene-0336,13,13,0.9622967153637388,0.9809672346025319,2.7939485969161595,0.9992636182772794,0.5656781021715604,0,0,0,0,0.32,0
scene-0336,14,13,0.3591777095660751,0.5993143662270036,1.1408298786982245,0.8232062845506517,0.7827667662551572,0,0,0,0,0.12,0
scene-0336,15,13,0.37287220463510834,0.6106326265727278,1.0725415946745538,0.8797790337883316,0.8165189574426684,0,0,0,0,0.16,0
scene-0336,16,13,0.8158678581118844,0.9032540385250898,2.6829521333236466,1.0267578496570826,0.929522857435304,0,0,0,0,0.4,0
scene-0336,17,13,1.197684100700588,1.0943875459363506,3.714038189964098,0.9558257755642623,0.5510183754691119,0,0,0,0,0.28,0
scene-0336,18,13,3.256754788686402,1.80464810660871,10.60802941140367,1.1576138858766025,1.0128412555288915,0,0,0,0,0.52,0
scene-0336,19,13,3.120391565514278,1.7664630099479237,10.168764470914983,1.8643727464174258,1.8619100637236585,0,0,0,0,0.88,1
scene-0336,20,13,0.2324944398422093,0.4821767724001326,0.7106083313609479,0.9204901765001969,0.882485357540029,0,0,0,0,0.24,0
scene-0336,21,13,0.15207457199211,0.38996739862725704,0.4302525828402345,1.234011538618432,1.2266863922574027,0,0,0,0,0.56,0
scene-0336,22,13,0.38278875659831707,0.6186992456745984,0.9900541374437394,0.8820133246532221,0.7518789559554205,0,0,0,0,0.2,0
scene-0336,23,13,0.22515709345540655,0.4745072111732408,0.6022724004829563,1.0294929862320295,0.9749697245984347,0,0,0,0,0.44,0
scene-0336,24,13,6.397502008699007,2.529328371069879,20.331185509087884,1.6020033139691754,0.6388458047208049,0,0,0,0,0.76,0
scene-0336,25,13,6.289053741452701,2.5077985847058573,20.113919230368957,1.4484507694071296,0.48129564597229296,0,0,0,0,0.68,0
scene-0337,0,13,0.32993013267801125,0.5743954497365131,1.0143652249126975,1.2142995937709031,1.1983106962572707,0,0,0,0,0.48,0
scene-0337,1,13,10.675550060426303,3.2673460270418717,31.70248242427294,1.571577045744428,0.31390007056903624,0,0,0,0,0.68,0
scene-0337,2,13,12.273908603085038,3.503413849816353,38.92376976106334,2.3559060380712746,1.9598143561585963,0,0,1,1,0.92,1
scene-0337,3,13,13.234566543947713,3.6379343787302862,42.62868139825905,1.917730743636051,1.336073425584375,0,0,0,0,0.84,1
scene-0337,4,13,11.725680462271974,3.4242780935946153,38.28830915112306,2.411086689432821,2.019248187907567,0,0,1,1,0.96,1
scene-0337,5,13,13.000105522961668,3.60556590883618,41.67687541957078,2.4899546190380923,2.1387238712326258,0,0,1,1,1.0,1
scene-0337,6,13,11.601660874093517,3.4061210891707177,36.20445636529165,1.7535979627951581,1.1632944548890771,0,0,0,0,0.8,1
scene-0337,7,13,0.0878227387453427,0.2963490150908936,0.28931077666261296,0.7997225897905669,0.7802469739600598,0,0,0,0,0.24,0
scene-0337,8,13,1.614119222849782,1.270479918318185,5.216175237114725,0.8806852900412286,0.5593631566421812,0,0,0,0,0.32,0
scene-0337,9,13,0.3226888517900164,0.5680570849747553,1.0726222193913142,0.5356395141481477,0.3582695057876905,0,0,0,0,0.16,0
scene-0337,10,13,0.27780540001616605,0.5270724807995254,0.7937105684932898,0.46636806101507694,0.23966851978022607,0,0,0,0,0.12,0
scene-0337,11,13,0.08387657510434765,0.28961452847595137,0.263570716429243,0.3802587806071164,0.3249655186654077,0,0,0,0,0.04,0
scene-0337,12,13,0.08304280862968898,0.28817149170188394,0.24249068791540873,0.3772343553827154,0.32351379669195063,0,0,0,0,0.0,0
scene-0337,13,13,0.17512510611635343,0.4184795169615276,0.4900772160934349,0.41437297101061354,0.2887970732576728,0,0,0,0,0.08,0
scene-0337,14,13,0.48183015758541536,0.694139868892009,1.5477994665024886,0.6183462785500412,0.3929410856139343,0,0,0,0,0.2,0
scene-0337,15,13,3.6769962153168705,1.9175495339930257,12.075357193593593,1.154019088268837,0.12579985111686345,0,0,0,0,0.44,0
scene-0337,16,13,6.3873141427179405,2.5273136217568926,20.476147928435974,1.3169678575835926,0.21145862187863326,0,0,0,0,0.52,0
scene-0337,17,13,4.821833346202866,2.1958673334705052,15.557992018484104,1.3648707822065012,0.36087510974743786,0,0,0,0,0.56,0
scene-0337,18,13,1.3528445610704385,1.163118463902297,4.484247558922457,0.9709466976656004,0.5747790779834561,0,0,0,0,0.4,0
scene-0337,19,13,2.0887332074170355,1.445245033693953,6.422102867672456,0.955541808480587,0.3309209846545357,0,0,0,0,0.36,0
scene-0337,20,13,1.250683886323693,1.1183397901906615,3.9745749977631557,0.8328197188839501,0.41144204119220545,0,0,0,0,0.28,0
scene-0337,21,13,6.8781342333028945,2.6226197271626885,21.98390789114434,1.652370051383001,0.2452906460932586,0,0,0,0,0.76,0
scene-0337,22,13,6.41921523461752,2.5336170260356083,20.904022425890187,1.646376769674417,0.28738644125779267,0,0,0,0,0.72,0
scene-0337,23,13,4.005438140973655,2.001359073473237,12.577567591777893,1.5414598424827968,0.883320189015648,0,0,0,0,0.64,0
scene-0337,24,13,6.840842750985821,2.6155004781085056,21.027501091268935,1.939082247699126,0.6418762124730049,0,0,0,0,0.88,1
scene-0337,25,13,3.56864878373074,1.8890867591857023,10.280426714146216,1.3880657462453585,0.5027704343449791,0,0,0,0,0.6,0
scene-0338,0,13,0.033770276645497484,0.18376690846150046,0.11077127001172983,0.25400430907137034,0.21579401955114239,0,0,0,0,0.12,0
scene-0338,1,13,0.0197697355789804,0.14060489173204607,0.040220629092362396,0.26039309201722843,0.2314426734877204,0,0,0,0,0.16,0
scene-0338,2,13,0.027033689238115343,0.16441924838082475,0.06990144457391217,0.2349955518787229,0.19856853804267607,0,0,0,0,0.04,0
scene-0338,3,13,0.38983638560157746,0.6243687897401483,1.184328532544378,0.6323605910114762,0.4470509998613308,0,0,0,0,0.8,1
scene-0338,4,13,0.20697503593473746,0.45494509112060705,0.6658504947939152,0.3925813121946534,0.26352104749597866,0,0,0,0,0.36,0
scene-0338,5,13,0.015041201097712509,0.12264257457226063,0.042918510522458354,0.4308162644532516,0.41948594163315905,0,0,0,0,0.48,0
scene-0338,6,13,0.1843597175198947,0.4293713049563218,0.6190040847751519,0.3732574524145628,0.3700310011099362,0,0,0,0,0.28,0
scene-0338,7,13,0.1001017484466455,0.31638860353471254,0.2777021798181544,0.26670574590193474,0.11247701510854441,0,0,0,0,0.2,0
scene-0338,8,13,0.024556256214131378,0.1567043592697133,0.07643593081584012,0.19837840706126794,0.18747142558411445,0,0,0,0,0.0,0
scene-0338,9,13,3.0637300431266596,1.7503514056116445,12.597547105386449,0.5843247206328404,0.4032568058791757,0,0,0,0,0.76,0
scene-0338,10,13,0.22409235900715108,0.473383944602213,0.7141362476917759,0.3766073542647564,0.17140107702665883,0,0,0,0,0.32,0
scene-0338,11,13,0.03521054287553914,0.18764472514712247,0.1152001020186293,0.3961154505120097,0.37548945474022294,0,0,0,0,0.4,0
scene-0338,12,13,0.061860410453389934,0.24871753145564535,0.19629287342466498,0.402125365115159,0.3901783129304879,0,0,0,0,0.44,0
scene-0338,13,13,0.17732702506441167,0.42110215514102,0.5636027248767667,0.3672808686657413,0.22681223341365733,0,0,0,0,0.24,0
scene-0338,14,13,0.06531375443503454,0.2555655579984019,0.19316163694672792,0.2360311161618999,0.15756061806936295,0,0,0,0,0.08,0
scene-0338,15,13,0.2798223090411584,0.5289823333922962,0.8308433768191305,0.4811750421297919,0.34715996466593,0,0,0,0,0.56,0
scene-0338,16,13,4.049966608500724,2.0124528835480158,13.1973170104206,1.0213045266993954,0.18676743068311988,0,0,0,0,0.96,1
scene-0338,17,13,30.609559405628925,5.532590659503821,73.51703371703016,1.944013451787296,0.8728136330783846,0,0,0,0,1.0,1
scene-0338,18,13,0.147822295700636,0.38447665169764994,0.48379288494517214,0.4804108219451315,0.45088616605681997,0,0,0,0,0.52,0
scene-0338,19,13,0.09398679135259365,0.30657265264956957,0.28144762799198,0.5129201479655427,0.4558015120267899,0,0,0,0,0.68,0
scene-0338,20,13,0.3317447595006089,0.5759728808725363,0.8993596218763275,0.6670905573443218,0.48091504935330526,0,0,0,0,0.88,1
scene-0338,21,13,0.29552980902936404,0.5436265345155293,0.841420097093337,0.6449705577032288,0.5116046184017206,0,0,0,0,0.84,1
scene-0338,22,13,0.057354937883409306,0.23948890972946807,0.16757099353259103,0.5597858407879381,0.5374183831469952,0,0,0,0,0.72,0
scene-0338,23,13,0.6859002809629203,0.8281909688972225,2.112671189711033,0.7882484986175304,0.7103863733721995,0,0,0,0,0.92,1
scene-0338,24,13,0.2925016888349532,0.5408342526458113,0.9290014930005389,0.5119929804395682,0.4109607847166992,0,0,0,0,0.64,0
scene-0338,25,13,0.07169355416561533,0.267756520304577,0.20034303206386125,0.5026805627785516,0.45202419558267953,0,0,0,0,0.6,0
scene-0339,0,13,0.04639702789000777,0.2153996933377756,0.13433720495280801,2.0680531924715586,2.066105488274666,0,0,0,0,1.0,1
scene-0339,1,13,0.02451629538298884,0.15657680346395134,0.08346053178834671,1.2936002007080722,1.2885056629509737,0,0,0,0,0.96,1
scene-0339,2,13,0.25323069333971443,0.5032203228603893,0.7096414288371391,0.6178512023180379,0.5224469338449585,0,0,0,0,0.44,0
scene-0339,3,13,0.8768999724707166,0.9364293739896867,2.3314791343970707,0.7385831330442113,0.16237103126669275,0,0,0,0,0.64,0
scene-0339,4,13,0.18407569822485184,0.4290404389155547,0.4050635710059167,0.3763329318589669,0.21861356499209916,0,0,0,0,0.0,0
scene-0339,5,13,0.19243695397636165,0.43867636587393405,0.45243860326086016,0.42843386167080993,0.27010503211220277,0,0,0,0,0.08,0
scene-0339,6,13,0.3145745620643959,0.5608694697203582,0.7989953256631792,0.4927887256247721,0.3121315597931347,0,0,0,0,0.2,0
scene-0339,7,13,0.23585315800386222,0.48564715381011164,0.765476822065146,0.4271560666973779,0.3263780221398427,0,0,0,0,0.04,0
scene-0339,8,13,0.1095961394586531,0.33105307649779225,0.29205030506237795,0.49826673354786044,0.423150811017484,0,0,0,0,0.24,0
scene-0339,9,13,0.5033644785948092,0.7094818381007432,1.3990850921030697,0.9403698844226667,0.7061520874268147,0,0,0,0,0.84,1
scene-0339,10,13,0.6530026271547561,0.8080857795771165,1.9838559330339267,0.7746398125579558,0.5461695559534202,0,0,0,0,0.72,0
scene-0339,11,13,1.4816940756261674,1.2172485677240157,4.335765090931684,0.9424619268616744,0.4543838151517763,0,0,0,0,0.88,1
scene-0339,12,13,0.36613226439602853,0.6050886417674922,0.9977326892882373,0.9088916047639105,0.8842644014138883,0,0,0,0,0.8,1
scene-0339,13,13,0.7593667552070262,0.8714165222251792,2.1564526344358788,0.8012424020301084,0.6632405667699679,0,0,0,0,0.76,0
scene-0339,14,13,0.7256364768734785,0.851842988392508,1.9919441109179274,0.7028687998085521,0.5089829515009143,0,0,0,0,0.52,0
scene-0339,15,13,0.9395752333197164,0.9693168900414953,2.6973605256264723,0.7082736781665975,0.364577476471241,0,0,0,0,0.56,0
scene-0339,16,13,0.36057835647470826,0.6004817703100639,0.9754957034228041,0.5594867883063372,0.4340760136612747,0,0,0,0,0.4,0
scene-0339,17,13,5.758900069058129,2.3997708367796555,17.82938037488098,1.152990635398275,0.1975474793283772,0,0,0,0,0.92,1
scene-0339,18,13,0.5672293792545918,0.7531463199502417,1.6976423333650625,0.7120532772805489,0.5417324091996709,0,0,0,0,0.6,0
scene-0339,19,13,0.6350337052277281,0.7968900207856339,1.768075907386793,0.6746419120089128,0.36037862332997644,0,0,0,0,0.48,0
scene-0339,20,13,0.15936455002180172,0.39920489729185654,0.42458221677324476,0.5469534428158765,0.5256953979021675,0,0,0,0,0.28,0
scene-0339,21,13,0.1409126695524676,0.3753833634465806,0.4296332437602312,0.5532874957913886,0.5194172875240514,0,0,0,0,0.36,0
scene-0339,22,13,0.2510437955173816,0.5010427082768311,0.6852532616474523,0.4604494016739074,0.39446021513012536,0,0,0,0,0.12,0
scene-0339,23,13,0.3155705937602013,0.561756703351372,0.8555190467191018,0.47379259057796436,0.24677562492729144,0,0,0,0,0.16,0
scene-0339,24,13,0.24472442295396216,0.4946962936529464,0.6222520058409837,0.5487637495239786,0.43538675949208105,0,0,0,0,0.32,0
scene-0339,25,13,0.2597018682030948,0.5096095252279875,0.8047659914827796,0.7667945611155346,0.6684206604495039,0,0,0,0,0.68,0
scene-0340,0,13,5.196904096974876,2.2796719274875663,16.65207137017791,1.4864883931387072,0.3316199072649531,0,0,0,0,0.4,0
scene-0340,1,13,9.090712500471682,3.0150808447654738,28.544136263588175,1.9709289311351308,0.1870606253066479,0,0,0,0,0.72,0
scene-0340,2,13,7.6372129427101605,2.763550785259819,24.877537732050754,2.0134723022822127,0.5105753150955116,0,0,0,0,0.76,0
scene-0340,3,13,7.432477933115798,2.7262571289435997,23.354144271941006,2.1636782138709947,0.9207105362683855,0,0,0,1,0.88,1
scene-0340,4,13,8.547926235355835,2.923683675665997,27.22968784108768,2.087994791420952,0.33587220012806407,0,0,0,0,0.84,1
scene-0340,5,13,9.575156034014645,3.094374901981763,29.95687706295724,2.3691378515836417,0.7914905028199071,0,0,1,1,0.96,1
scene-0340,6,13,8.370760187970417,2.8932266050156557,24.798319281544025,2.2232110042388773,0.7266155434199871,0,0,0,1,0.92,1
scene-0340,7,13,7.215119224528635,2.6860973966944375,20.937670853128363,2.0741274502273983,0.4040003988804228,0,0,0,0,0.8,1
scene-0340,8,13,11.327406762121809,3.3656213040272087,32.17881126908099,2.4713616628890867,0.5453581312989643,0,0,1,1,1.0,1
scene-0340,9,13,5.261936044299489,2.293891027119529,16.21766193132369,1.7874213337789535,0.32482396510811884,0,0,0,0,0.64,0
scene-0340,10,13,4.711827404933499,2.170674412465743,13.339482655573095,1.5259221669453882,0.2919219597685279,0,0,0,0,0.44,0
scene-0340,11,13,5.10644554546929,2.2597445752715704,14.526861594592933,1.7165656439075565,0.20548904455015737,0,0,0,0,0.56,0
scene-0340,12,13,6.262708720894113,2.502540453398129,16.695544423879642,1.92736871866765,0.47365069615268146,0,0,0,0,0.68,0
scene-0340,13,13,5.306715482623065,2.303630934551597,13.454810845932993,1.694583811080597,0.4215724005834039,0,0,0,0,0.52,0
scene-0340,14,13,5.193091607085859,2.2788355814068417,12.848111533794533,1.6505078012405896,0.5561131955748975,0,0,0,0,0.48,0
scene-0340,15,13,4.3418547630125515,2.0837117754172603,11.330967955863144,1.2919127680754139,0.8123178153071976,0,0,0,0,0.24,0
scene-0340,16,13,3.5536733767835287,1.8851189290820696,9.715727988445263,1.7554577443175559,1.7363287655026163,0,0,0,0,0.6,0
scene-0340,17,13,2.451892969906217,1.5658521545491506,5.726389091089756,1.421141181677243,1.410486959797657,0,0,0,0,0.32,0
scene-0340,18,13,3.6382758634390147,1.907426502762037,7.987536610933265,1.4846072832783104,1.41378640886131,0,0,0,0,0.36,0
scene-0340,19,13,1.7596056623755654,1.3265012862321564,2.8702808850620016,1.2082315039150517,1.1800893045826384,0,0,0,0,0.2,0
scene-0340,20,13,3.200258188944481,1.7889265465480915,5.899080625094353,1.1922797767352322,1.1915283917836035,0,0,0,0,0.16,0
scene-0340,21,13,2.8954995416042766,1.7016167434543763,5.83690691078365,1.3253313557938193,1.3231577117861237,0,0,0,0,0.28,0
scene-0340,22,13,1.6238662616455777,1.2743101120392861,3.642739577685735,0.6156491134211423,0.5928449812799983,0,0,0,0,0.12,0
scene-0340,23,13,0.940482150141043,0.9697845895563834,2.168956802119634,0.45375423665113507,0.450223210162046,0,0,0,0,0.08,0
scene-0340,24,13,0.36344498280931115,0.6028639836723629,0.8585890026656706,0.29951892096945804,0.29662546528906614,0,0,0,0,0.04,0
scene-0340,25,13,0.012561230769230767,0.11207689667915849,0.029815668639053248,0.03176143422667335,0.029229487279478245,0,0,0,0,0.0,0
scene-0341,0,13,0.03402366863905326,0.18445505858895078,0.07100591715976333,0.09011873055029994,0.08998599300975751,0,0,0,0,0.0,0
scene-0341,1,13,0.0,0.0,0.0,0.16966745019519597,0.169667450195196,0,0,0,0,0.04,0
scene-0341,2,13,0.0,0.0,0.0,0.45669996304730276,0.45669996304730276,0,0,0,0,0.16,0
scene-0341,3,13,8.242973372781064,2.8710578839133607,27.13313609467455,1.8339913808131387,0.7936372143048441,0,0,0,0,0.68,0
scene-0341,4,13,5.700581854043393,2.3875891300731356,18.634053254437877,1.6472838814549766,0.27934603194023216,0,0,0,0,0.64,0
scene-0341,5,13,9.258508382642999,3.042779713131235,30.169792899408286,2.2564458459680705,0.576516776524068,0,0,0,1,0.76,0
scene-0341,6,13,5.310706314509955,2.304496976459278,16.22901724925269,2.661225870929717,2.1507282857786643,0,1,1,1,0.88,1
scene-0341,7,13,6.211784850621214,2.4923452510880617,19.232752779405736,2.796013437751017,2.4849588150343447,0,1,1,1,0.92,1
scene-0341,8,13,11.111073622481689,3.333327710034177,32.72776020937758,2.6178968845120263,1.6467664896325607,0,1,1,1,0.84,1
scene-0341,9,13,11.293853481879887,3.3606328990057643,31.804847218555803,2.409973069090671,1.4079694996487246,0,0,1,1,0.8,1
scene-0341,10,13,16.67518312806263,4.083525820668045,46.22445400885718,3.4245332200178598,2.416888158467852,1,1,1,1,1.0,1
scene-0341,11,13,12.708306249519978,3.5648711406613254,33.476184225991865,2.9167683427256383,2.709304770984913,0,1,1,1,0.96,1
scene-0341,12,13,7.124447030701925,2.66916598035827,19.03158154924602,1.9854562768489987,1.4182050788254947,0,0,0,0,0.72,0
scene-0341,13,13,2.1161480995144295,1.4546986284156693,6.117877797653733,1.0349312694009816,0.2765895110365552,0,0,0,0,0.52,0
scene-0341,14,13,3.256719085703995,1.8046382146302884,10.454523515577993,1.5793652642942528,1.2466232804733604,0,0,0,0,0.6,0
scene-0341,15,13,1.5603875396934743,1.249154730084898,5.052419262067791,0.9132810452101197,0.15265955110753715,0,0,0,0,0.44,0
scene-0341,16,13,1.7806119263473867,1.3343957158007465,5.800145868367119,0.5347898388213089,0.3761371663675726,0,0,0,0,0.24,0
scene-0341,17,13,1.9948425190664285,1.4123889404361776,6.378442246261468,1.0985060570624627,1.003916496058097,0,0,0,0,0.56,0
scene-0341,18,13,0.31741849251347964,0.5633990526380743,1.0339388042779758,0.45865579045052746,0.4317831047829739,0,0,0,0,0.2,0
scene-0341,19,13,0.22358116179036905,0.47284369699761153,0.7299245185805756,0.3860970879370884,0.36533497927917935,0,0,0,0,0.08,0
scene-0341,20,13,0.17408549723778197,0.41723554167614,0.5599453762562748,0.4362254920841974,0.41769139453184057,0,0,0,0,0.12,0
scene-0341,21,13,2.5557929726145043,1.5986847633647179,8.346283999231119,0.7771078658080642,0.7031674342509632,0,0,0,0,0.4,0
scene-0341,22,13,2.638662930695717,1.6243961741815687,8.778075071162963,0.9216372259753294,0.8465112947157453,0,0,0,0,0.48,0
scene-0341,23,13,2.9022219743721025,1.7035909058139818,9.185164172825274,0.7157687668899815,0.5267918932774005,0,0,0,0,0.36,0
scene-0341,24,13,1.1004593149209982,1.0490277951136462,3.5603171823647055,0.550989712513844,0.22785026462794797,0,0,0,0,0.28,0
scene-0341,25,13,0.7334141045078505,0.8563959974847212,2.489266757091325,0.5814170414182631,0.29956249971053367,0,0,0,0,0.32,0
scene-0342,0,13,2.8155777437256035,1.677968338117738,9.022773597986602,1.1368940644161376,0.4704304522836728,0,0,0,0,0.52,0
scene-0342,1,13,1.9958994586556946,1.4127630582145383,6.172335260844548,1.0739542924846748,0.5341244783531742,0,0,0,0,0.44,0
scene-0342,2,13,3.7170253634708543,1.9279588593823402,11.923844521528967,1.0739033970042475,0.14335710272623217,0,0,0,0,0.4,0
scene-0342,3,13,3.436296974085893,1.8537251614211565,10.210746801851611,1.1697894596370662,0.2015350404224937,0,0,0,0,0.6,0
scene-0342,4,13,3.4255874224206586,1.8508342503910657,10.780775424851662,1.2024570713293976,0.16673940165831314,0,0,0,0,0.64,0
scene-0342,5,13,2.7974098288215608,1.6725459123209625,8.865703106159899,1.0564771035514218,0.30307467221467527,0,0,0,0,0.28,0
scene-0342,6,13,2.383228042107391,1.5437707220009682,7.4226787601718875,0.9029737104934707,0.40989525465992704,0,0,0,0,0.08,0
scene-0342,7,13,1.9314276355078652,1.3897581212239292,6.275032368754042,0.6624277860011897,0.39351359014053094,0,0,0,0,0.0,0
scene-0342,8,13,2.1204280107235016,1.456168949924253,6.865073830364405,0.7613347474836967,0.48781156107717477,0,0,0,0,0.04,0
scene-0342,9,13,3.5493178496528706,1.8839633355383725,10.728226346694669,1.0146134677695713,0.9906267827564404,0,0,0,0,0.2,0
scene-0342,10,13,2.84819585139633,1.687659874321935,9.463783493954255,1.1533023738128196,1.1501427501359205,0,0,0,0,0.56,0
scene-0342,11,13,2.896320168743538,1.7018578579727328,9.804844092278568,1.0684446528795193,0.9822098323344516,0,0,0,0,0.32,0
scene-0342,12,13,2.673963362742933,1.6352257834143067,9.061174856831496,1.0204978257553619,0.9665496920183317,0,0,0,0,0.24,0
scene-0342,13,13,3.0643772320341753,1.7505362698425233,10.3056926730882,1.0757716204754684,0.737369200955659,0,0,0,0,0.48,0
scene-0342,14,13,4.830019821740453,2.197730607181065,15.982499601918395,1.4031879166761796,0.9488764563624771,0,0,0,0,0.76,0
scene-0342,15,13,2.5093332592278714,1.5840875162780217,8.293195121829275,0.9667934984514771,0.5499707740912797,0,0,0,0,0.12,0
scene-0342,16,13,2.9836357292463678,1.7273203898658662,9.89884729883234,1.073574095871675,0.44411334496463667,0,0,0,0,0.36,0
scene-0342,17,13,2.6318732617520095,1.6223049225567954,8.617531601370958,0.9999571155055873,0.058075239316608636,0,0,0,0,0.16,0
scene-0342,18,13,4.287198588864858,2.0705551402618716,14.232516674262321,1.4136811776255196,0.14222302647524035,0,0,0,0,0.8,1
scene-0342,19,13,3.31994007711058,1.8220702722756277,10.394692619822552,1.205332780680399,0.27771622069125845,0,0,0,0,0.68,0
scene-0342,20,13,5.314242876951218,2.3052641664137363,16.5455465253069,1.6006056823269146,0.11145793975656297,0,0,0,0,1.0,1
scene-0342,21,13,4.706026694913369,2.1693378471121942,14.454104796192071,1.4193479941154086,0.13425297296053748,0,0,0,0,0.84,1
scene-0342,22,13,4.505121143726879,2.1225270654874766,13.752909496869982,1.485562983589107,0.2554774244583958,0,0,0,0,0.96,1
scene-0342,23,13,3.771582923670209,1.9420563646995956,11.367811114441004,1.3245406070839167,0.36627259426892095,0,0,0,0,0.72,0
scene-0342,24,13,3.911702917420397,1.977802547632194,11.815029557664799,1.4512622698181858,0.4158077560857847,0,0,0,0,0.88,1
scene-0342,25,13,3.123958506584536,1.7674723495954714,9.479238919369608,1.4541804350134462,1.0446872520669206,0,0,0,0,0.92,1
scene-0343,0,13,10.884970670676696,3.2992378924043497,35.93815094138255,2.388272974204067,2.0768232061927367,0,0,1,1,0.64,0
scene-0343,1,13,12.70808678500986,3.564840358979608,40.8594674556213,2.3740345084705714,1.5803965881763002,0,0,1,1,0.6,0
scene-0343,2,13,6.525493096646943,2.5545044718392926,22.594918639053255,1.7843838928146716,0.5176437875880304,0,0,0,0,0.36,0
scene-0343,3,13,10.630947978303748,3.2605134531701827,34.016919378698226,2.2030556270657664,0.1585552618655518,0,0,0,1,0.52,0
scene-0343,4,13,5.6900024063116375,2.385372592764417,18.207186062130173,2.138188848446112,1.4384621930905668,0,0,0,1,0.48,0
scene-0343,5,13,6.650888664650497,2.5789316905747035,20.715450645623037,2.5432363448009956,1.8901172836211446,0,0,1,1,0.76,0
scene-0343,6,13,9.365374008690708,3.0602898569728176,28.78690454579715,2.704664941804362,2.074105184038125,0,1,1,1,0.84,1
scene-0343,7,13,14.667540125727877,3.8298224666070197,42.27779536940266,2.820660750388756,1.8339526855498196,0,1,1,1,0.92,1
scene-0343,8,13,12.401158919499593,3.521527923998274,35.22300186244423,2.7015750790536046,2.055542634275264,0,1,1,1,0.8,1
scene-0343,9,13,13.525259982243668,3.6776704559059756,35.549303928708056,3.045399007745364,2.986065497205536,1,1,1,1,1.0,1
scene-0343,10,13,10.245638357788676,3.2008808721645168,28.272151376967592,2.248394099147762,2.0061096241825966,0,0,0,1,0.56,0
scene-0343,11,13,4.591282638509181,2.142727849846821,13.060397656827378,1.7134986700845476,1.5611830293280624,0,0,0,0,0.28,0
scene-0343,12,13,4.788445305680107,2.1882516550159643,13.210262909876644,1.838921821105032,1.688855563630721,0,0,0,0,0.4,0
scene-0343,13,13,5.209828493826721,2.2825048726841133,12.00541754905363,1.8426453529860445,1.358602447562965,0,0,0,0,0.44,0
scene-0343,14,13,2.9903686218083703,1.729268233042049,9.87223293883799,1.648835203251026,1.176231570398915,0,0,0,0,0.16,0
scene-0343,15,13,4.314984040318671,2.0772539662541676,13.089734684383949,2.490829777658858,2.454369691416758,0,0,1,1,0.72,0
scene-0343,16,13,7.329597527356789,2.707322944784532,23.06042715307293,2.775049351404542,2.7370615567067076,0,1,1,1,0.88,1
scene-0343,17,13,3.2132498806433425,1.7925540105233488,9.698110823588818,1.6119466862036966,1.3493166755189971,0,0,0,0,0.12,0
scene-0343,18,13,8.898543036260788,2.9830425803633425,29.104142903398454,2.390591116010789,1.8540770332326009,0,0,1,1,0.68,0
scene-0343,19,13,10.742489543405497,3.2775737281418245,32.813268231073764,2.8299539420362048,2.6484532724373886,0,1,1,1,0.96,1
scene-0343,20,13,5.1068409589118655,2.259832064316255,16.79535838161779,1.7326871308881675,1.6363048254927504,0,0,0,0,0.32,0
scene-0343,21,13,5.305495429892075,2.303366108522932,17.144980313316697,1.6806167555015343,1.5919810868732585,0,0,0,0,0.24,0
scene-0343,22,13,2.596195709286681,1.6112714573549303,8.80590426118345,1.6724876184318422,1.6535867602402223,0,0,0,0,0.2,0
scene-0343,23,13,0.6386574026824662,0.7991604361343636,2.1289504883794517,0.8103151149044115,0.643388271564605,0,0,0,0,0.04,0
scene-0343,24,13,0.9586390378828841,0.9791011377191245,2.988525974864262,0.8187133270051614,0.48625834362537396,0,0,0,0,0.08,0
scene-0343,25,13,0.6511390544018241,0.8069318771754057,1.9473454439523423,0.6056796547407013,0.2433176587846023,0,0,0,0,0.0,0
scene-0481,0,13,0.1953930828252101,0.4420328978992515,0.6158978499369783,1.5403319611364703,1.5015995202294856,0,0,0,0,0.6,0
scene-0481,1,13,0.3894627754754869,0.6240695277575143,1.3022620171868124,2.6012880410183143,2.573134022347889,0,1,1,1,0.84,1
scene-0481,2,13,0.2999724821992211,0.54769743672873,1.095359671505432,3.660671725623667,3.6486242376283164,1,1,1,1,1.0,1
scene-0481,3,13,3.669075305306572,1.9154830475121862,11.87392644455331,3.5307837715276653,3.509987760380215,1,1,1,1,0.92,1
scene-0481,4,13,6.114201768970176,2.472691199679041,18.40106417487676,3.604311829881522,3.513449844610605,1,1,1,1,0.96,1
scene-0481,5,13,8.282405661907756,2.877916896282406,22.864682761070647,2.661969952259495,2.125519622795529,0,1,1,1,0.88,1
scene-0481,6,13,3.358705215456846,1.8326770625117907,8.934582766831605,1.9445675836357212,1.7664912405126074,0,0,0,0,0.76,0
scene-0481,7,13,2.806586029757811,1.6752868499925053,7.650041677944108,1.9933621368745746,1.7890543258206495,0,0,0,0,0.8,1
scene-0481,8,13,2.5913394582373335,1.6097637895782515,8.01764265655416,1.3951254470265237,0.9071371772154135,0,0,0,0,0.48,0
scene-0481,9,13,3.699580228012755,1.9234292885398088,9.962094382767654,1.5709568079043104,0.7765220902821223,0,0,0,0,0.64,0
scene-0481,10,13,1.2131846783372697,1.101446629817927,3.8441778241449316,0.8490599787057163,0.26439498429777725,0,0,0,0,0.32,0
scene-0481,11,13,3.5865638549044156,1.8938225510602664,11.765959937982938,1.1577636840543557,0.5621683287107276,0,0,0,0,0.4,0
scene-0481,12,13,1.7330518758389235,1.3164542817124048,5.628594029020186,0.8038392900657729,0.34090181394261493,0,0,0,0,0.28,0
scene-0481,13,13,6.059543297283071,2.461613961871981,18.738753761935374,1.432145610642004,1.3520494683380455,0,0,0,0,0.56,0
scene-0481,14,13,0.5852026163742762,0.7649853700393728,1.8013084161880497,0.6726503400557167,0.4894840301326484,0,0,0,0,0.16,0
scene-0481,15,13,0.24221485307146726,0.4921532820895003,0.7912699342084727,0.5569970720431711,0.42977414109203965,0,0,0,0,0.12,0
scene-0481,16,13,0.06481663869786813,0.254591120618666,0.23044935114098075,0.5033782519931713,0.46025950545439853,0,0,0,0,0.08,0
scene-0481,17,13,0.4398987713200883,0.6632486496933773,1.448039175090845,0.7160534761051136,0.4653520225898667,0,0,0,0,0.2,0
scene-0481,18,13,0.011997062677908092,0.10953110370076663,0.04676139949513576,0.33088925514387263,0.32453125327508464,0,0,0,0,0.0,0
scene-0481,19,13,0.09915239061665664,0.3148847259183218,0.276275071888172,0.42302702368303946,0.3426113175163419,0,0,0,0,0.04,0
scene-0481,20,13,0.008604007262839925,0.09275778815193862,0.02897975948187729,0.7189013335676003,0.7155244761367943,0,0,0,0,0.24,0
scene-0481,21,13,0.1942587937941301,0.44074799352252314,0.7227054323842943,1.0195392086428954,0.9878546856055671,0,0,0,0,0.36,0
scene-0481,22,13,0.02915545360847283,0.1707496811372508,0.09808130572917897,1.2433062507424542,1.239555260682317,0,0,0,0,0.44,0
scene-0481,23,13,0.24470208521916734,0.4946737159170349,0.6408735876743178,1.648151524099144,1.6435545374177638,0,0,0,0,0.68,0
scene-0481,24,13,0.5389928536990042,0.7341613267525089,1.5388105786364297,1.929924682589267,1.9063067969019543,0,0,0,0,0.72,0
scene-0481,25,13,1.4183339223104647,1.1909382529377688,3.997944764184427,1.4026683183625457,1.3804124084238794,0,0,0,0,0.52,0
scene-0482,0,13,3.697695040483442,1.9229391671302143,11.143851236571248,3.4921179396803783,3.422137967796788,1,1,1,1,1.0,1
scene-0482,1,13,5.22202727292629,2.2851755453195035,15.711412173511361,2.4559305429849,2.0577203743896235,0,0,1,1,0.96,1
scene-0482,2,13,4.101438907575358,2.025200954862346,12.44311889589933,1.2744108691684555,0.9532812450864258,0,0,0,0,0.12,0
scene-0482,3,13,3.42115027451325,1.849635173355343,10.574551818882941,1.361217905050269,0.2909355446458321,0,0,0,0,0.2,0
scene-0482,4,13,5.507132847479478,2.346728115372439,16.70446424643566,1.7429845357104723,0.43627991538171784,0,0,0,0,0.4,0
scene-0482,5,13,4.363135971276549,2.0888120957320573,13.999802026082058,1.7720633234186292,0.8720765846626443,0,0,0,0,0.44,0
scene-0482,6,13,3.865217873988163,1.9660157359462216,11.694133687785996,1.6319183657445273,0.8481794729627629,0,0,0,0,0.36,0
scene-0482,7,13,3.332709271099143,1.8255709438691072,9.232464556234916,1.3997955742870465,0.6030307472114895,0,0,0,0,0.24,0
scene-0482,8,13,4.030675130161462,2.0076541360905424,10.23566401142232,1.790755794491801,1.0110374898855194,0,0,0,0,0.52,0
scene-0482,9,13,1.8627120028551964,1.3648120760218956,4.593256570079945,1.891888264755571,1.5663531531960249,0,0,0,0,0.56,0
scene-0482,10,13,2.19590921707315,1.4818600531336115,6.722156718248102,2.2317431104216894,2.148193809787728,0,0,0,1,0.72,0
scene-0482,11,13,0.33638030177492967,0.5799830185228958,1.0153861818135754,2.3325016916342958,2.3268647767189843,0,0,1,1,0.84,1
scene-0482,12,13,0.3608599255580538,0.6007161772068851,0.8134517038990936,2.2619772738300545,2.257073481715635,0,0,0,1,0.8,1
scene-0482,13,13,1.6631005431397086,1.2896125554365965,4.550673295223855,2.441531808739578,2.413076770945351,0,0,1,1,0.92,1
scene-0482,14,13,3.594958181801721,1.8960374948301315,10.505707902715043,2.2215500124385725,1.8550447367000806,0,0,0,1,0.68,0
scene-0482,15,13,2.7772321313269734,1.6665029646919245,8.148575467326499,1.3385245235553427,0.5807732610385082,0,0,0,0,0.16,0
scene-0482,16,13,12.611366199201788,3.5512485408940035,34.050975185735325,2.3849783439285144,1.54042224343637,0,0,1,1,0.88,1
scene-0482,17,13,0.693661190671385,0.832863248481637,2.367984020432282,1.543554993456119,1.4857841444632796,0,0,0,0,0.32,0
scene-0482,18,13,2.3513058116689813,1.5333968213313152,7.718273033355259,1.9351422886497416,1.8725547408838583,0,0,0,0,0.6,0
scene-0482,19,13,2.3949501719131168,1.5475626552463446,7.784093128087833,2.2330970740957032,2.201647040058941,0,0,0,1,0.76,0
scene-0482,20,13,0.6681926765499903,0.8174305331647395,1.913533322957956,1.458583754755261,1.4115920047746406,0,0,0,0,0.28,0
scene-0482,21,13,0.3359581736879651,0.5796189901029513,1.0619582126232585,2.095222440243978,2.06466193811205,0,0,0,0,0.64,0
scene-0482,22,13,0.9964602346052938,0.9982285482820523,2.9394724724229437,1.7870931412909934,1.7725844328248168,0,0,0,0,0.48,0
scene-0482,23,13,0.9493726289544441,0.9743575467734851,2.959712564680572,1.0059620149537802,0.7931265705175452,0,0,0,0,0.08,0
scene-0482,24,13,0.7135044225280378,0.844691909827505,1.9727920381692157,0.8719879251719375,0.661862380476649,0,0,0,0,0.04,0
scene-0482,25,13,1.0793755174568502,1.0389299867925894,3.6355506057846148,0.7258448406404244,0.3983750646825504,0,0,0,0,0.0,0
scene-0483,0,13,0.8531220540909027,0.9236460653794302,2.9225954888459333,1.9127683788989,1.8195903089126604,0,0,0,0,0.56,0
scene-0483,1,13,3.134107127942592,1.770340963753195,9.76398994171779,2.013494467385779,1.684442097472906,0,0,0,0,0.6,0
scene-0483,2,13,3.517627577651877,1.875533944681321,10.660024296901696,2.1998398127839205,1.9541428293487675,0,0,0,1,0.84,1
scene-0483,3,13,3.554509433522631,1.8853406677634232,9.740836533370336,2.0758826446825265,1.723245916527114,0,0,0,0,0.72,0
scene-0483,4,13,5.1839663270102285,2.2768325206326065,15.279743393837625,2.3823539946648506,1.7701994680532698,0,0,1,1,1.0,1
scene-0483,5,13,4.119104047606487,2.0295575989871506,12.380316580359551,2.071369854956422,1.6366902053702332,0,0,0,0,0.68,0
scene-0483,6,13,4.560510097078631,2.135535084487874,13.826433445336104,1.4436162612981165,0.4425822178839098,0,0,0,0,0.16,0
scene-0483,7,13,5.536085837398656,2.3528888281001836,16.102363344474824,1.6393578422908648,0.23173235071032483,0,0,0,0,0.32,0
scene-0483,8,13,4.044724686581657,2.0111500905157866,11.83476523422766,1.450013605926106,0.4664242881899199,0,0,0,0,0.2,0
scene-0483,9,13,4.401469501073822,2.09796794567358,12.89557199513836,1.505916750188373,0.4140867532585093,0,0,0,0,0.24,0
scene-0483,10,13,3.441082834103915,1.8550155886417545,10.094097586847154,1.3683324428932233,0.5331909763192344,0,0,0,0,0.08,0
scene-0483,11,13,2.9680959358835595,1.7228162803629292,9.503591600826455,1.3184418498439006,0.7865793068928394,0,0,0,0,0.04,0
scene-0483,12,13,2.8565736311828687,1.6901401217599885,8.676458281853671,1.232075286727356,0.6188251869921371,0,0,0,0,0.0,0
scene-0483,13,13,2.818382372958855,1.6788038518417971,8.311986676178288,1.3699978785586284,0.8536615761418411,0,0,0,0,0.12,0
scene-0483,14,13,2.141418271373736,1.4633585587181757,6.596017117830304,1.7289757341993177,1.6185937498262397,0,0,0,0,0.44,0
scene-0483,15,13,1.8094142258603554,1.345144685846231,5.547456369952851,2.2301461046311526,2.2098395974545717,0,0,0,1,0.88,1
scene-0483,16,13,1.8780405626448415,1.370416200518967,6.1437096731557554,2.291168825581649,2.2856970246804114,0,0,0,1,0.96,1
scene-0483,17,13,2.1443058306776166,1.4643448469119618,7.008801692442012,2.275087079839415,2.257000108017181,0,0,0,1,0.92,1
scene-0483,18,13,3.2796689278494155,1.8109856233138395,11.116435217515116,2.09143018950846,1.888161295827371,0,0,0,0,0.76,0
scene-0483,19,13,3.1153782425400345,1.7650434109505733,10.138321084766748,2.0196205455009815,1.8551761462192722,0,0,0,0,0.64,0
scene-0483,20,13,3.0224599332133337,1.7385223418792564,9.876830496045407,1.7385525576127405,1.5846893950113043,0,0,0,0,0.48,0
scene-0483,21,13,4.075160673010318,2.018702720315777,12.45281860988391,2.1562354724668324,2.059198941093344,0,0,0,1,0.8,1
scene-0483,22,13,2.3428523793609752,1.5306378994918999,7.800993137157771,1.6566024317720154,1.5592735933843962,0,0,0,0,0.36,0
scene-0483,23,13,2.4146980667424454,1.5539298783221993,7.930281061314817,1.8754297985172157,1.8410143453040446,0,0,0,0,0.52,0
scene-0483,24,13,3.603292830471131,1.898234134787153,11.801610440802316,1.70256037873152,1.5049920215778696,0,0,0,0,0.4,0
scene-0483,25,13,3.59795141042058,1.8968266685231363,11.509386935086143,1.620326933755026,1.1608617804944086,0,0,0,0,0.28,0
scene-0484,0,13,0.2696324429694467,0.5192614399023354,0.8642989704175263,0.858111966363003,0.7776787772542432,0,0,0,0,0.0,0
scene-0484,1,13,0.12009339766405684,0.346544943209473,0.4420832428211275,1.2909302543260068,1.274640693544576,0,0,0,0,0.08,0
scene-0484,2,13,0.027841135707275515,0.16685663219445462,0.08860899290094414,1.8958046198701106,1.8918399891353694,0,0,0,0,0.4,0
scene-0484,3,13,2.255138917042006,1.501711995371285,7.175717342550834,3.477675987537683,3.4399830282559782,1,1,1,1,0.92,1
scene-0484,4,13,2.1050822916268372,1.4508901721449619,7.248164277072194,3.826325149537376,3.7819151383894023,1,1,1,1,0.96,1
scene-0484,5,13,5.661670193855438,2.3794264422031284,17.679989239884296,3.114549772817511,2.9990347785737694,1,1,1,1,0.88,1
scene-0484,6,13,9.18391601704412,3.0304976517140085,29.271544096870553,3.856558423181798,3.601815714286969,1,1,1,1,1.0,1
scene-0484,7,13,7.288654064518515,2.6997507411830663,23.714314173289818,2.2808714127891503,1.5214074971586198,0,0,0,1,0.76,0
scene-0484,8,13,5.050444426078881,2.247319386753668,15.342361619780764,1.907155836613699,1.3936699602450993,0,0,0,0,0.44,0
scene-0484,9,13,5.8194760432709565,2.4123590203928926,18.897316162458715,1.6222971339269097,0.5584990935993471,0,0,0,0,0.12,0
scene-0484,10,13,1.733290499005059,1.3165449096043245,5.587692903090735,1.2453887429424593,0.7875461973990535,0,0,0,0,0.04,0
scene-0484,11,13,8.998854198766198,2.999809027049255,29.633543594967826,2.2440630899993295,2.1430970054779275,0,0,0,1,0.72,0
scene-0484,12,13,5.791353711178065,2.406523158246782,18.751415199498002,2.0280387313714026,1.9532205278247063,0,0,0,0,0.52,0
scene-0484,13,13,6.370828489920018,2.52405001731741,20.895724031333977,1.8168171709411145,1.687486538798422,0,0,0,0,0.36,0
scene-0484,14,13,7.448550797962379,2.7292033266069384,25.24182894973878,1.732171437456698,1.2952577213436076,0,0,0,0,0.24,0
scene-0484,15,13,10.724940192188981,3.2748954475202687,35.620246129862295,2.0318010464443863,1.2587410824734626,0,0,0,0,0.56,0
scene-0484,16,13,9.98701231298278,3.160223459343149,31.354912164016337,2.066692495149814,1.198446965397841,0,0,0,0,0.64,0
scene-0484,17,13,12.12702440369515,3.482387744593521,38.412462098042575,2.5052207891037477,1.0937483456204637,0,0,1,1,0.84,1
scene-0484,18,13,7.631657205236831,2.7625454213889102,24.886053203297358,2.2319079074738424,0.8465110150272809,0,0,0,1,0.68,0
scene-0484,19,13,11.621129963251477,3.408977847280835,37.057206116647194,2.454554945451534,0.2212560975463407,0,0,1,1,0.8,1
scene-0484,20,13,8.161217111239928,2.8567844005524687,24.791100267405515,2.0395220014383746,0.45881589352564117,0,0,0,0,0.6,0
scene-0484,21,13,8.787619297078109,2.9643918933025892,27.291258791104006,1.9785126524894283,0.23563101541432552,0,0,0,0,0.48,0
scene-0484,22,13,5.239078315510754,2.2889032997290983,16.10543485255515,1.6905601044576417,0.5626830878509165,0,0,0,0,0.16,0
scene-0484,23,13,6.5424380005226865,2.5578189929161694,19.81167226681932,1.7973328736296124,0.5175182248345159,0,0,0,0,0.32,0
scene-0484,24,13,5.6974524120175545,2.386933684042679,16.996271658618596,1.7239672452418136,0.46408988952102587,0,0,0,0,0.2,0
scene-0484,25,13,6.259110845946943,2.501821505612849,17.797547355444053,1.7767742692298631,0.17468434132980237,0,0,0,0,0.28,0
scene-0485,0,13,3.4485303745949643,1.8570219101009455,11.8751245910903,1.4924474175301605,0.9452288265807812,0,0,0,0,0.038461538461538464,0
scene-0485,1,13,5.5537028794672105,2.356629559236498,18.16449107152035,2.2852181022169513,1.5791362234406663,0,0,0,1,0.2692307692307692,0
scene-0485,2,13,1.8187184879980751,1.348598712737809,5.940822347024693,3.314674506015402,3.253160308543394,1,1,1,1,0.6153846153846154,0
scene-0485,3,13,6.359251761853938,2.5217556903581952,20.200525015366598,3.6694213280548746,3.1670441895950585,1,1,1,1,0.6923076923076923,0
scene-0485,4,13,10.935048565496546,3.306818496001337,33.85043299646417,2.9857684600892567,1.9549640668792663,0,1,1,1,0.4230769230769231,0
scene-0485,5,13,11.793724710993743,3.4341992823646303,35.25919985544947,2.795916267021787,1.594769920967522,0,1,1,1,0.38461538461538464,0
scene-0485,6,13,9.180638993988344,3.0299569293949284,27.107777461683586,2.5093885247441765,1.5051712985184122,0,0,1,1,0.34615384615384615,0
scene-0485,7,13,11.53808826434824,3.3967761575276403,32.484047390834846,3.69230811722039,2.9473892340493815,1,1,1,1,0.7692307692307693,0
scene-0485,8,13,9.691248718696793,3.1130770499132834,26.648367886454295,3.700325396504536,3.23701091813524,1,1,1,1,0.8076923076923077,1
scene-0485,9,13,8.456722093571551,2.908044376135198,22.00224240073539,4.151660834823643,4.130768171038964,1,1,1,1,0.9230769230769231,1
scene-0485,10,13,11.633560241681558,3.4108005279818925,31.34267816808746,4.03109703324537,3.8618830887017865,1,1,1,1,0.8846153846153846,1
scene-0485,11,13,13.825432620842369,3.718256664196592,34.2165906282344,4.224947939743889,4.085249590464316,1,1,1,1,0.9615384615384616,1
scene-0485,12,13,15.689248940324072,3.9609656575542376,38.956420462150966,3.049546825005311,2.438253572515517,1,1,1,1,0.46153846153846156,0
scene-0485,13,13,16.401534924394685,4.049880853110951,38.08146026468275,3.1941014447725613,1.354349705533207,1,1,1,1,0.5769230769230769,0
scene-0485,14,13,14.239550825121585,3.773532936800948,32.93888602411858,3.107070790555862,1.2038079267326047,1,1,1,1,0.5384615384615384,0
scene-0485,15,13,8.137467776039026,2.8526247169999466,17.327392565500347,4.450256866541769,3.8781783235953107,1,1,1,1,1.0,1
scene-0485,16,13,6.028945940464577,2.4553911990688118,16.580295809971435,3.611983690795447,3.516461980861934,1,1,1,1,0.6538461538461539,0
scene-0485,17,13,3.6680809112860673,1.9152234624936244,11.02747855080123,3.96668084837792,3.9576030461432357,1,1,1,1,0.8461538461538461,1
scene-0485,18,13,8.277486529231673,2.877062135100956,23.392290499773598,3.675375784903962,3.468306510036965,1,1,1,1,0.7307692307692307,0
scene-0485,19,13,10.69005084560663,3.269564320457181,31.308990907028488,3.068848756273174,1.9207526851434447,1,1,1,1,0.5,0
scene-0485,20,13,6.373261419538873,2.5245319208793684,18.376697864438242,2.37892666316736,1.53489696888762,0,0,1,1,0.3076923076923077,0
scene-0485,21,13,1.440130954016056,1.2000545629328927,4.661429869037509,1.7786927909612276,1.6934761437882357,0,0,0,0,0.15384615384615385,0
scene-0485,22,13,2.08170278477125,1.442810723820436,6.608695800060963,1.3736996510774966,0.9354005330852706,0,0,0,0,0.0,0
scene-0485,23,13,1.4537238440265075,1.2057047084699086,4.515181265740792,1.5761961501743529,1.5500404730305888,0,0,0,0,0.07692307692307693,0
scene-0485,24,13,1.1234286714225814,1.0599191815523397,3.391002937709689,1.794173123013067,1.7619566752812952,0,0,0,0,0.19230769230769232,0
scene-0485,25,13,1.333122385760687,1.154609191787718,3.8991838386108078,2.0402553079792964,2.039773809013879,0,0,0,0,0.23076923076923078,0
scene-0485,26,13,2.9560850088757404,1.719326905761595,9.128906363905326,1.7293544995325643,1.3947596840103451,0,0,0,0,0.11538461538461539,0
scene-0486,0,13,3.431254618068801,1.8523646018181197,9.464240407719053,2.2810941719525917,2.1795495578455655,0,0,0,1,0.88,1
scene-0486,1,13,7.056264377821704,2.6563629981276473,19.36347473815218,1.9913351704928022,1.5271582441245917,0,0,0,0,0.8,1
scene-0486,2,13,4.622773628801646,2.1500636336633496,12.499371477357515,1.4340044516804487,0.5688252088315481,0,0,0,0,0.52,0
scene-0486,3,13,3.0464801490451108,1.7454168983498215,8.938205970721384,1.1427680946031509,0.6449068015721845,0,0,0,0,0.2,0
scene-0486,4,13,1.3372382346589804,1.1563901740584708,4.401757261413644,0.8367380712318495,0.592896795353331,0,0,0,0,0.12,0
scene-0486,5,13,1.5848542366059455,1.2589099398312595,4.585879419657297,1.4939427764953672,1.4398707139228453,0,0,0,0,0.56,0
scene-0486,6,13,2.6105119191819477,1.6157078693816984,8.505725299871202,1.6383128561782525,1.6329238449071024,0,0,0,0,0.6,0
scene-0486,7,13,1.527188186620983,1.2357945568018105,4.00916626965186,1.7161950019739416,1.705606758395091,0,0,0,0,0.64,0
scene-0486,8,13,2.247326489245234,1.4991085648628768,6.25665094132851,1.2772093864634602,0.7639772196335234,0,0,0,0,0.4,0
scene-0486,9,13,0.9679836306555533,0.9838615912086177,2.6341089551889505,1.3062467478164455,1.2409070156547657,0,0,0,0,0.44,0
scene-0486,10,13,2.273367688074776,1.5077691096699044,6.3125148992561355,1.2172387777021234,0.5945561279523156,0,0,0,0,0.32,0
scene-0486,11,13,1.7490623367716598,1.3225212046586095,5.328566918331865,1.0982134491573428,0.696689755232743,0,0,0,0,0.16,0
scene-0486,12,13,1.7813234887143061,1.3346623126148074,5.243661748134526,2.0535137425359875,1.9059602104382891,0,0,0,0,0.84,1
scene-0486,13,13,1.2520254974571083,1.1189394520960947,3.254639269194543,2.568353862609819,2.4920419409402137,0,0,1,1,0.92,1
scene-0486,14,13,0.3802981064027408,0.6166831491152818,1.0053334972865133,2.88045107534033,2.87816174327474,0,1,1,1,0.96,1
scene-0486,15,13,1.124561701956344,1.0604535359723894,3.9027217336907114,3.1188680440820535,3.1115910789140404,1,1,1,1,1.0,1
scene-0486,16,13,6.743752410284745,2.596873583808951,18.939466730416523,1.97091809886418,0.7800211509613137,0,0,0,0,0.76,0
scene-0486,17,13,4.584908326738096,2.1412399040598173,11.459034119589548,1.748522457772523,0.7790667099561134,0,0,0,0,0.72,0
scene-0486,18,13,4.459759657045844,2.111814304584057,11.930972696833246,1.726060013075758,1.0538762926736804,0,0,0,0,0.68,0
scene-0486,19,13,1.7610152788019444,1.3270325085701347,5.51744619797107,1.2614585262519415,0.9110783404130599,0,0,0,0,0.36,0
scene-0486,20,13,2.5871904686110803,1.6084745781674885,7.673705277157975,1.1967478339025834,0.49391887227751824,0,0,0,0,0.28,0
scene-0486,21,13,1.068226736917201,1.033550548796333,2.6800961366969074,1.1621552595395483,0.886967115409576,0,0,0,0,0.24,0
scene-0486,22,13,0.9040066443103459,0.9507926400169208,2.4457218855260594,1.309566659833964,1.1067570820703978,0,0,0,0,0.48,0
scene-0486,23,13,0.11201770367982922,0.3346904594992651,0.311562248266284,0.42577753991808964,0.34602072309309295,0,0,0,0,0.0,0
scene-0486,24,13,0.3764152481363931,0.613526892757272,1.053333898659181,0.7580956454528361,0.6372518022440471,0,0,0,0,0.08,0
scene-0486,25,13,0.4672729826336062,0.6835736848603859,1.4041390498567712,0.6056254379526312,0.341608198495196,0,0,0,0,0.04,0
scene-0487,0,13,0.6160082357942798,0.7848619214831866,1.9701958544231952,1.6657555134290223,1.6375655762640262,0,0,0,0,0.3076923076923077,0
scene-0487,1,13,0.5593885367161525,0.7479228146781942,1.6934630702745332,1.7914967723740898,1.7684805665509338,0,0,0,0,0.5384615384615384,0
scene-0487,2,13,0.5512178168115079,0.7424404466430341,1.6007335609265576,1.7662876748609264,1.7019800996248418,0,0,0,0,0.46153846153846156,0
scene-0487,3,13,2.221831562148173,1.4905809478683716,5.452573094070555,1.4608565956423847,0.9276851796392623,0,0,0,0,0.11538461538461539,0
scene-0487,4,13,5.1786626027704346,2.275667507077964,12.920668419722515,2.620488237893635,1.9537624960454554,0,1,1,1,0.9230769230769231,1
scene-0487,5,13,2.9241246165497294,1.7100071978064098,7.315219211208548,2.882185477303001,2.6985252685797376,0,1,1,1,1.0,1
scene-0487,6,13,0.970047946445313,0.9849101209985168,2.858939232698338,2.3473396562981272,2.3161756979249475,0,0,1,1,0.8461538461538461,1
scene-0487,7,13,4.024017945818554,2.0059954999497265,11.914808343578605,2.472986803266421,2.4373944704750308,0,0,1,1,0.8846153846153846,1
scene-0487,8,13,0.7154974809140388,0.8458708417447895,2.003254121340424,1.679735087694783,1.6617735425428262,0,0,0,0,0.38461538461538464,0
scene-0487,9,13,7.284542866442262,2.698989230516169,22.601045741049163,1.9532280911546922,0.9896977556760134,0,0,0,0,0.6538461538461539,0
scene-0487,10,13,5.34849898293416,2.3126822053481884,16.9265881516206,1.4300803076472621,0.6928504949558704,0,0,0,0,0.07692307692307693,0
scene-0487,11,13,4.171432180495562,2.0424084264650793,12.490520689558904,1.4740307796019356,0.7219647950735872,0,0,0,0,0.15384615384615385,0
scene-0487,12,13,10.400744311226822,3.225018497811574,33.59538521709886,2.1678814703357108,0.388909173753131,0,0,0,1,0.7692307692307693,0
scene-0487,13,13,6.419868994565422,2.53374603987168,20.49268823133503,1.6677721765062137,0.30601127590007887,0,0,0,0,0.34615384615384615,0
scene-0487,14,13,4.700436912987636,2.1680491029927427,14.186312852046358,1.9691843166181262,1.3166167832286286,0,0,0,0,0.6923076923076923,0
scene-0487,15,13,2.213199596573841,1.4876826262929337,7.053060508498903,2.109964698247732,1.7974401521957868,0,0,0,1,0.7307692307692307,0
scene-0487,16,13,0.4986137251780854,0.706125856471837,1.396603267167658,2.861831150717018,2.856436932097022,0,1,1,1,0.9615384615384616,1
scene-0487,17,13,2.8032359834288734,1.6742867088491367,8.5507724311872,1.8522112134994126,1.47362597300863,0,0,0,0,0.5769230769230769,0
scene-0487,18,13,3.767910933512128,1.9411107473588745,10.551657848637108,1.7150985435498616,1.3295992082962074,0,0,0,0,0.4230769230769231,0
scene-0487,19,13,5.850769149768413,2.418836321409205,15.44846610782979,1.7867686665963265,0.4625112739331847,0,0,0,0,0.5,0
scene-0487,20,13,5.563339121910615,2.358673169794962,14.370393346939624,2.2135785414254197,1.781388423086811,0,0,0,1,0.8076923076923077,1
scene-0487,21,13,3.32508488634454,1.823481528928807,7.907977153378197,1.6409106107525626,1.4781556463328087,0,0,0,0,0.2692307692307692,0
scene-0487,22,13,5.664994263487664,2.3801248419962477,15.052490618289461,1.8791320271676009,1.1832466133385358,0,0,0,0,0.6153846153846154,0
scene-0487,23,13,3.6574701466745103,1.9124513449169132,10.211158790127476,1.3292179789627725,0.7639155473877302,0,0,0,0,0.038461538461538464,0
scene-0487,24,13,2.8481135504219974,1.6876354909819826,6.6416063765443205,1.5003133567002171,0.7355836848854084,0,0,0,0,0.19230769230769232,0
scene-0487,25,13,2.499030189759067,1.5808321194102386,7.134055364611514,1.266646856750934,0.9534052021125422,0,0,0,0,0.0,0
scene-0487,26,13,1.4099705690492061,1.1874218159732481,4.576205561003895,1.5011309396912422,1.4904557309683593,0,0,0,0,0.23076923076923078,0
scene-0488,0,13,4.65334170605253,2.1571605656632356,15.229571810257958,1.372661908502381,1.3189580123402742,0,0,0,0,0.36,0
scene-0488,1,13,2.3965754100136194,1.5480876622509525,8.556486903483183,0.9633640934323512,0.3836703081201309,0,0,0,0,0.16,0
scene-0488,2,13,2.6715035592453424,1.6344734807409211,9.024694564228088,1.1385519385941643,0.44298854311700336,0,0,0,0,0.28,0
scene-0488,3,13,0.16037123862910505,0.40046377942219075,0.5360396613248528,1.5166708961629414,1.5107090328373018,0,0,0,0,0.4,0
scene-0488,4,13,7.881903780447151,2.8074728458966707,26.057588671134422,2.2468342226543574,0.9786186691472661,0,0,0,1,0.64,0
scene-0488,5,13,6.252231032408052,2.500446166668671,19.93206802966076,2.256620672732386,1.36076578327614,0,0,0,1,0.68,0
scene-0488,6,13,7.521225633145652,2.742485302266113,22.892759670898048,2.190307621892159,1.459426895218166,0,0,0,1,0.6,0
scene-0488,7,13,5.632250168936149,2.373236222742302,15.926381567531594,2.5559342965196468,2.183322296012405,0,0,1,1,0.72,0
scene-0488,8,13,8.948536272133415,2.9914104151943803,24.621241026880213,3.264484137407869,2.6542257034318966,1,1,1,1,0.92,1
scene-0488,9,13,9.328746786629308,3.05429972115202,25.706769801323617,3.6032390242958092,2.9593600950517303,1,1,1,1,0.96,1
scene-0488,10,13,7.460191892524132,2.7313351849460243,21.240268245860456,3.885930858030854,3.596246910313821,1,1,1,1,1.0,1
scene-0488,11,13,8.521164784150224,2.9191034212837037,28.49942165584611,2.5928272958211127,2.0483992499949975,0,1,1,1,0.76,0
scene-0488,12,13,7.568196216452622,2.751035480769491,25.145400903222406,2.768597529487385,2.2358503917208954,0,1,1,1,0.84,1
scene-0488,13,13,9.55549166452918,3.091195830828125,25.043025115538033,3.0278916006158285,2.426098503386883,0,1,1,1,0.88,1
scene-0488,14,13,6.742550517482869,2.596642162001316,22.612402105154374,1.9647076110496353,1.1576286657008337,0,0,0,0,0.56,0
scene-0488,15,13,6.187445013896841,2.487457540119397,19.715695586758752,1.5751700774807724,0.4702824577131082,0,0,0,0,0.44,0
scene-0488,16,13,1.5629255244883116,1.2501701982083526,5.089216659653389,0.9285870774769129,0.23365272872036505,0,0,0,0,0.12,0
scene-0488,17,13,1.7436172460932848,1.3204609975661095,5.240898107813489,1.0220233907055456,0.5236919526122493,0,0,0,0,0.2,0
scene-0488,18,13,0.7298720693936028,0.8543255055267885,2.103963702321957,0.7123480410167715,0.4198486795969547,0,0,0,0,0.04,0
scene-0488,19,13,1.3103481497742129,1.1447043940573536,4.360394174790351,0.7493041954660445,0.43016573258668034,0,0,0,0,0.08,0
scene-0488,20,13,0.10684497861485724,0.32687150168660656,0.32423229346128274,0.6999032678603362,0.6592370936004325,0,0,0,0,0.0,0
scene-0488,21,13,4.092473857788428,2.022986371132645,12.216650528582086,1.7027460621968078,1.529025705259432,0,0,0,0,0.52,0
scene-0488,22,13,0.5587493137812917,0.7474953603744251,1.830285510425036,1.5760527427291846,1.5343798582566992,0,0,0,0,0.48,0
scene-0488,23,13,3.586501138001076,1.8938059927038662,11.678055371673736,2.7326530438511827,2.720627334296264,0,1,1,1,0.8,1
scene-0488,24,13,1.3352322529280158,1.1555225021296711,4.124364407676827,1.361614430978489,1.117223546354471,0,0,0,0,0.32,0
scene-0488,25,13,1.4620428675220076,1.2091496464548992,4.165721278877904,1.086929748388757,0.8249562035945739,0,0,0,0,0.24,0
scene-0489,0,13,4.146063629331056,2.036188505352846,11.55881701820975,1.6732794689883552,1.1266127719272843,0,0,0,0,0.7692307692307693,0
scene-0489,1,13,5.701886373433214,2.3878623020252263,13.924080719609261,1.7062857663275064,0.47620839474764115,0,0,0,0,0.8076923076923077,1
scene-0489,2,13,3.2245672548171562,1.795708009342598,10.282844325192618,1.2260870343963217,0.39586611317050346,0,0,0,0,0.4230769230769231,0
scene-0489,3,13,5.730579918569276,2.3938629698813747,19.202839556885515,1.4024949490345888,0.7596857723541914,0,0,0,0,0.5769230769230769,0
scene-0489,4,13,3.548452850724311,1.8837337526105729,11.503173696782103,1.0192755402754188,0.816994187548098,0,0,0,0,0.19230769230769232,0
scene-0489,5,13,0.5281364053250844,0.7267299397472795,1.6779181390592053,0.686765921489346,0.5679838959114346,0,0,0,0,0.038461538461538464,0
scene-0489,6,13,0.07364224800750045,0.27137105226516045,0.21165470079626952,0.6434851865529707,0.6183702378382339,0,0,0,0,0.0,0
scene-0489,7,13,0.1946291413232911,0.4411679287111554,0.6465380320445102,1.1000453064920181,1.0820087680195412,0,0,0,0,0.34615384615384615,0
scene-0489,8,13,0.1005617860007506,0.31711478363638396,0.31560549455439035,1.9115542084957655,1.9103033204222866,0,0,0,0,0.8846153846153846,1
scene-0489,9,13,1.0964084218225654,1.0470952305414085,3.433122791483812,2.1090930495625733,2.0316868662190566,0,0,0,1,0.9230769230769231,1
scene-0489,10,13,1.0730266895298206,1.0358700157499592,2.6839886647659017,2.196266864668217,2.191496807874163,0,0,0,1,0.9615384615384616,1
scene-0489,11,13,5.833532113992246,2.4152706088536426,16.61002686040517,2.5247204183988363,1.9775769684499458,0,0,1,1,1.0,1
scene-0489,12,13,3.151980923280321,1.7753819091340097,7.816831570193145,1.623357907234123,1.4386256440374774,0,0,0,0,0.7307692307692307,0
scene-0489,13,13,7.615084028831732,2.7595441704802863,21.547649280702544,1.8650988724351842,0.2491586728086506,0,0,0,0,0.8461538461538461,1
scene-0489,14,13,3.1604323214332943,1.7777604792078414,8.87154743433692,1.3259611910337594,0.7887501124617994,0,0,0,0,0.5384615384615384,0
scene-0489,15,13,2.9904598634471955,1.7292946144157146,8.706038658308053,1.29224243099209,0.6476199816853152,0,0,0,0,0.5,0
scene-0489,16,13,1.4876419168558286,1.2196892706160158,4.351595086754452,0.939322517909065,0.6560019599884542,0,0,0,0,0.07692307692307693,0
scene-0489,17,13,2.932289368490285,1.7123928779606288,8.409509146059584,1.1958962859463393,0.46374371700150246,0,0,0,0,0.38461538461538464,0
scene-0489,18,13,3.161748198587316,1.7781305347435312,8.73549026276156,1.4163503698023936,1.0379196210947552,0,0,0,0,0.6153846153846154,0
scene-0489,19,13,2.3842162069472193,1.544090737925469,6.161800408555024,1.5165169765298556,1.2745036782372579,0,0,0,0,0.6538461538461539,0
scene-0489,20,13,1.8854963284998032,1.3731337620566335,5.442884898833167,1.06079013853459,0.5642666757591887,0,0,0,0,0.2692307692307692,0
scene-0489,21,13,4.669685937167221,2.1609456118022083,12.754284272140941,1.5848031530324853,0.5870108513909114,0,0,0,0,0.6923076923076923,0
scene-0489,22,13,2.1252233835682963,1.4578145916296408,5.589198387281074,1.043958346123305,0.6847997278951953,0,0,0,0,0.23076923076923078,0
scene-0489,23,13,3.1770902889793913,1.7824394208441956,7.790212866897164,1.2643248494310007,0.4650298013934993,0,0,0,0,0.46153846153846156,0
scene-0489,24,13,1.8663957791895391,1.3661609638653636,5.3553815106541,0.9926353215337737,0.3757212937211016,0,0,0,0,0.11538461538461539,0
scene-0489,25,13,1.6321988335406798,1.2775753729391781,4.151954492639929,1.006076772768008,0.7295576324432772,0,0,0,0,0.15384615384615385,0
scene-0489,26,13,1.5404652487493635,1.2411548045064176,4.380123216348711,1.0645831366536052,0.9420938224015928,0,0,0,0,0.3076923076923077,0
scene-0490,0,13,4.353914287349819,2.0866035290274527,11.850888860363325,1.5837002451195388,0.5045757590726924,0,0,0,0,0.84,1
scene-0490,1,13,5.293457813322312,2.3007515757513484,13.403679995548215,1.7257087285475032,0.4325539946862858,0,0,0,0,0.92,1
scene-0490,2,13,2.9307966839722295,1.7119569749185373,7.203085036072478,1.3687779807320224,0.4870959551203647,0,0,0,0,0.6,0
scene-0490,3,13,1.6990057279015074,1.3034591393294641,4.759688065012062,1.2854459616282017,1.0389419709137326,0,0,0,0,0.52,0
scene-0490,4,13,1.6007506339058388,1.2652077433788647,4.911928665907977,0.9764990731874423,0.6294467423343676,0,0,0,0,0.08,0
scene-0490,5,13,2.2279734104160602,1.492639745690855,6.937147248350055,1.0091031516709257,0.43071750001121073,0,0,0,0,0.12,0
scene-0490,6,13,1.7030959756486261,1.3050271934517788,5.620551636989439,1.2300821349873534,0.7561321306705261,0,0,0,0,0.36,0
scene-0490,7,13,0.748990623031237,0.8654424435115469,2.444831707290335,1.3794359987312947,1.2377499710839397,0,0,0,0,0.64,0
scene-0490,8,13,1.5695029076692801,1.2527980314756566,5.079461005540649,1.4380719087528286,1.1441934195272556,0,0,0,0,0.68,0
scene-0490,9,13,2.6970853177594436,1.6422805234671218,7.875068715955383,1.27788474053619,0.5621307814212416,0,0,0,0,0.48,0
scene-0490,10,13,3.424446635053703,1.8505260427926171,9.220700387409163,1.453188185344748,0.5935505092585805,0,0,0,0,0.72,0
scene-0490,11,13,2.816285765710448,1.6781793008229031,7.192650839956267,1.360517968445045,0.42678546098061715,0,0,0,0,0.56,0
scene-0490,12,13,3.6733490474817043,1.9165983010223357,9.113778870642223,1.8151829855078718,0.8390615287978115,0,0,0,0,0.96,1
scene-0490,13,13,2.788189899866928,1.669787381634838,7.556750269390512,1.5358878623152974,0.9955805815506995,0,0,0,0,0.8,1
scene-0490,14,13,2.1382043909015636,1.462260028483841,6.4264304759965665,1.1924223383378867,0.9065021760927223,0,0,0,0,0.32,0
scene-0490,15,13,1.7149181459268197,1.3095488329676064,5.4393083349137745,1.246664453608934,1.1517872682898906,0,0,0,0,0.4,0
scene-0490,16,13,0.9502533211836311,0.9748093768443301,3.122383195976867,1.0513547320719114,1.0401586001668577,0,0,0,0,0.2,0
scene-0490,17,13,1.2088513334177098,1.0994777548535075,3.9896253801619688,0.8540653746779506,0.7033447916746964,0,0,0,0,0.04,0
scene-0490,18,13,1.2449885084513097,1.1157905307230878,3.8591274189369447,1.2577685528588776,1.2480627512824143,0,0,0,0,0.44,0
scene-0490,19,13,1.5000492056506423,1.2247649593496062,4.852785762969408,1.0465414268694744,0.9537941382268175,0,0,0,0,0.16,0
scene-0490,20,13,1.4219118808474605,1.1924394663241655,4.614946472571542,1.0886735397224063,0.8262987005948027,0,0,0,0,0.24,0
scene-0490,21,13,1.0188059887254879,1.0093591970777736,3.373603347221051,0.7949124794410126,0.3988159024405344,0,0,0,0,0.0,0
scene-0490,22,13,1.7206621782501716,1.3117401336584056,5.152513944848727,1.1242829884310046,0.6020965648542801,0,0,0,0,0.28,0
scene-0490,23,13,2.0968174099200514,1.4480391603544607,6.141983588455241,1.5135752290498001,1.2687818124610752,0,0,0,0,0.76,0
scene-0490,24,13,2.0175457823861658,1.4204033872059605,6.022655181180127,2.355533909346752,2.3551993547236916,0,0,1,1,1.0,1
scene-0490,25,13,3.463543793476839,1.8610598575749355,8.644158697239762,1.5944001072797236,1.394529733782832,0,0,0,0,0.88,1
scene-0491,0,13,0.0,0.0,0.0,3.049800769643113e-05,3.0498007696431134e-05,0,0,0,0,0.44,0
scene-0491,1,13,0.0,0.0,0.0,2.8030717591492373e-05,2.8030717591492373e-05,0,0,0,0,0.4,0
scene-0491,2,13,0.20044378698224855,0.44770948949318523,0.6390532544378699,0.09941347844791665,0.09941347709860743,0,0,0,0,0.72,0
scene-0491,3,12,0.29521122685185186,0.543333439843207,1.07421875,0.12160884184272186,0.12160884107677516,0,0,0,0,0.84,1
scene-0491,4,13,0.2744082840236686,0.5238399412260091,0.9985207100591716,0.11219402980064622,0.11219003440593629,0,0,0,0,0.76,0
scene-0491,5,13,2.517805719921105,1.5867595028614465,8.147928994082841,0.4262971661052132,0.2916539913768978,0,0,0,0,1.0,1
scene-0491,6,13,0.0,0.0,0.0,2.181691889691448e-05,2.1816918896914484e-05,0,0,0,0,0.24,0
scene-0491,7,13,0.0,0.0,0.0,1.6288605334663922e-05,1.6288605334663922e-05,0,0,0,0,0.12,0
scene-0491,8,13,0.0,0.0,0.0,2.72367115792154e-05,2.72367115792154e-05,0,0,0,0,0.36,0
scene-0491,9,13,0.0,0.0,0.0,2.0632004178416478e-05,2.0632004178416475e-05,0,0,0,0,0.2,0
scene-0491,10,13,0.0,0.0,0.0,2.3135601889629165e-05,2.3135601889629165e-05,0,0,0,0,0.32,0
scene-0491,11,13,0.38207175103376634,0.6181195281122951,0.5907901590316962,0.16912255917945737,0.16911077482896197,0,0,0,0,0.92,1
scene-0491,12,13,0.2262080867850099,0.4756133795269114,0.7056213017751479,0.14745721239118423,0.1474557646767322,0,0,0,0,0.88,1
scene-0491,13,13,0.0,0.0,0.0,3.951252470265297e-05,3.951252470265296e-05,0,0,0,0,0.56,0
scene-0491,14,13,0.0,0.0,0.0,3.777995330836745e-05,3.777995330836745e-05,0,0,0,0,0.52,0
scene-0491,15,13,0.5030818540433926,0.7092826334003903,1.8306213017751483,0.22440031055449694,0.22439621761253603,0,0,0,0,0.96,1
scene-0491,16,13,0.0,0.0,0.0,6.088847764257461e-05,6.0888477642574605e-05,0,0,0,0,0.64,0
scene-0491,17,13,0.0,0.0,0.0,5.9498317884858795e-05,5.9498317884858795e-05,0,0,0,0,0.6,0
scene-0491,18,13,0.0,0.0,0.0,3.4226143472806214e-05,3.422614347280621e-05,0,0,0,0,0.48,0
scene-0491,19,13,0.10798816568047331,0.3286155286660588,0.4437869822485204,0.06415344190308812,0.06415344189587217,0,0,0,0,0.68,0
scene-0491,20,13,0.27423175382552173,0.5236714178046399,0.997949530467844,0.11221372386796023,0.11208792744171141,0,0,0,0,0.8,1
scene-0491,21,13,0.0,0.0,0.0,1.41196206854379e-05,1.4119620685437898e-05,0,0,0,0,0.0,0
scene-0491,22,13,0.0,0.0,0.0,1.568398473574814e-05,1.568398473574814e-05,0,0,0,0,0.08,0
scene-0491,23,13,0.0,0.0,0.0,1.940874229757643e-05,1.940874229757643e-05,0,0,0,0,0.16,0
scene-0491,24,13,0.0,0.0,0.0,2.3012657623123826e-05,2.301265762312383e-05,0,0,0,0,0.28,0
scene-0491,25,13,0.0,0.0,0.0,1.4232864960952125e-05,1.4232864960952123e-05,0,0,0,0,0.04,0
scene-0492,0,13,1.0976331360946745,1.0476798824520182,3.994082840236686,0.22444669582973667,0.22427791033549915,0,0,0,0,0.92,1
scene-0492,1,13,0.0,0.0,0.0,4.3152640429742776e-05,4.315264042974278e-05,0,0,0,0,0.4,0
scene-0492,2,13,0.0,0.0,0.0,1.642515971181097e-05,1.6425159711810965e-05,0,0,0,0,0.08,0
scene-0492,3,13,0.0,0.0,0.0,2.4759831920364694e-05,2.4759831920364694e-05,0,0,0,0,0.12,0
scene-0492,4,13,0.0,0.0,0.0,3.6577366083832335e-05,3.6577366083832335e-05,0,0,0,0,0.36,0
scene-0492,5,13,0.0,0.0,0.0,5.175413134556373e-05,5.1754131345563724e-05,0,0,0,0,0.48,0
scene-0492,6,13,0.0,0.0,0.0,8.227051011904828e-05,8.227051011904826e-05,0,0,0,0,0.64,0
scene-0492,7,13,0.0,0.0,0.0,3.5151503206107286e-05,3.515150320610728e-05,0,0,0,0,0.32,0
scene-0492,8,13,0.0,0.0,0.0,4.690239032563785e-05,4.6902390325637865e-05,0,0,0,0,0.44,0
scene-0492,9,13,0.0,0.0,0.0,6.35195265895075e-05,6.35195265895075e-05,0,0,0,0,0.52,0
scene-0492,10,13,0.0,0.0,0.0,0.00011842427109513422,0.00011842427109513423,0,0,0,0,0.68,0
scene-0492,11,13,0.0,0.0,0.0,7.210900733306701e-05,7.210900733306703e-05,0,0,0,0,0.6,0
scene-0492,12,13,0.0,0.0,0.0,7.119674190770599e-05,7.119674190770599e-05,0,0,0,0,0.56,0
scene-0492,13,13,0.0,0.0,0.0,2.5469217678509566e-05,2.5469217678509562e-05,0,0,0,0,0.2,0
scene-0492,14,13,0.0,0.0,0.0,1.4066919502589274e-05,1.4066919502589274e-05,0,0,0,0,0.04,0
scene-0492,15,13,0.0,0.0,0.0,1.3895622697699417e-05,1.389562269769942e-05,0,0,0,0,0.0,0
scene-0492,16,13,0.001627218934911243,0.04033880185269814,0.004437869822485208,0.009631937216211263,0.009618347831050311,0,0,0,0,0.76,0
scene-0492,17,13,0.0,0.0,0.0,2.5027034340060112e-05,2.502703434006012e-05,0,0,0,0,0.16,0
scene-0492,18,13,0.2744082840236686,0.5238399412260091,0.9985207100591716,0.1121981283059976,0.11218911368731092,0,0,0,0,0.88,1
scene-0492,19,13,0.0,0.0,0.0,3.323619617240891e-05,3.3236196172408916e-05,0,0,0,0,0.28,0
scene-0492,20,13,0.0,0.0,0.0,2.5666071522724566e-05,2.5666071522724563e-05,0,0,0,0,0.24,0
scene-0492,21,13,0.20044378698224852,0.44770948949318523,0.6390532544378698,0.0993792315077962,0.09937408734022968,0,0,0,0,0.84,1
scene-0492,22,13,0.0,0.0,0.0,0.003381943632442568,0.0033819436324425676,0,0,0,0,0.72,0
scene-0492,23,13,0.011913214990138069,0.10914767514765521,0.042159763313609475,0.09102114725049003,0.09102055614356497,0,0,0,0,0.8,1
scene-0492,24,13,0.0,0.0,0.0,0.24466297987676977,0.24466297987676974,0,0,0,0,0.96,1
scene-0492,25,13,0.0,0.0,0.0,0.6216110196533453,0.6216110196533453,0,0,0,0,1.0,1
scene-0493,0,13,1.3613575185879183,1.166772265092001,3.195013465162648,0.8101051048034305,0.8069830638713236,0,0,0,0,1.0,1
scene-0493,1,13,0.6010811668896766,0.7752942453608672,1.3780887469629834,0.4078250322354907,0.40474311678676633,0,0,0,0,0.96,1
scene-0493,2,13,0.15144124286710245,0.38915452312301657,0.359463769690614,0.10481462547381597,0.10106274737573329,0,0,0,0,0.84,1
scene-0493,3,13,0.037860576923076934,0.19457794562353908,0.08986686390532553,0.05374355895881474,0.05061962349235186,0,0,0,0,0.68,0
scene-0493,4,13,0.009289940828402368,0.09638433912416668,0.051301775147928996,0.016996139225305844,0.015768876830129962,0,0,0,0,0.48,0
scene-0493,5,13,0.0,0.0,0.0,0.0025607216724948217,0.0025607216724948217,0,0,0,0,0.4,0
scene-0493,6,13,1.4491321499013807,1.2037990488039856,5.653846153846154,0.31409742167998583,0.13668411992039586,0,0,0,0,0.92,1
scene-0493,7,13,0.001627218934911243,0.04033880185269814,0.004437869822485208,0.011356713707639795,0.009901501135762105,0,0,0,0,0.44,0
scene-0493,8,13,0.0,0.0,0.0,0.0016075395519562312,0.0016075395519562308,0,0,0,0,0.36,0
scene-0493,9,13,0.0,0.0,0.0,0.0013801493494565889,0.0013801493494565887,0,0,0,0,0.32,0
scene-0493,10,13,0.0,0.0,0.0,0.0011851391247134479,0.0011851391247134479,0,0,0,0,0.28,0
scene-0493,11,13,0.0,0.0,0.0,0.0010181964836230785,0.001018196483623079,0,0,0,0,0.24,0
scene-0493,12,13,0.0,0.0,0.0,0.0008756308287513412,0.0008756308287513415,0,0,0,0,0.2,0
scene-0493,13,12,0.0,0.0,0.0,0.0007523942393709611,0.0007523942393709611,0,0,0,0,0.16,0
scene-0493,14,13,0.040680473372781065,0.20169400926349068,0.11094674556213016,0.04867684010713606,0.04811594074434425,0,0,0,0,0.6,0
scene-0493,15,13,0.040680473372781065,0.20169400926349068,0.11094674556213016,0.04859320790054356,0.04811466535927314,0,0,0,0,0.56,0
scene-0493,16,13,0.0,0.0,0.0,0.00047892934662451913,0.0004789293466245191,0,0,0,0,0.12,0
scene-0493,17,13,0.30621301775147963,0.5533651757668525,1.437869822485209,0.09654456534146817,0.09628666832524203,0,0,0,0,0.8,1
scene-0493,18,13,0.0,0.0,0.0,0.0003547933295717732,0.0003547933295717732,0,0,0,0,0.08,0
scene-0493,19,13,0.052011834319526606,0.22806103200574754,0.2563313609467454,0.038751105273990435,0.038563983509911366,0,0,0,0,0.52,0
scene-0493,20,13,0.052559171597633125,0.22925787139732656,0.17482248520710056,0.062413341720745454,0.03398846389803851,0,0,0,0,0.72,0
scene-0493,21,13,0.08951183431952665,0.29918528426299085,0.3359171597633137,0.082890538292198,0.028866273070232682,0,0,0,0,0.76,0
scene-0493,22,13,0.05403353057199212,0.23245113588019337,0.2665384615384616,0.050818847316000997,0.05070645751210681,0,0,0,0,0.64,0
scene-0493,23,13,0.2744082840236686,0.5238399412260091,0.9985207100591716,0.11233409294736264,0.11218168989037304,0,0,0,0,0.88,1
scene-0493,24,13,0.0,0.0,0.0,0.00014381257743942586,0.0001438125774394259,0,0,0,0,0.04,0
scene-0493,25,13,0.0,0.0,0.0,0.00012427587191478096,0.00012427587191478102,0,0,0,0,0.0,0
scene-0494,0,13,3.7577735598412034,1.9384977585339642,11.639313624219009,1.518958702066071,0.2678314451192447,0,0,0,0,0.76,0
scene-0494,1,13,4.590496307802188,2.1425443537537765,13.870384228800239,1.733136966466198,0.7593006747626955,0,0,0,0,0.88,1
scene-0494,2,13,6.234600565048168,2.496918213528062,17.477252241346143,1.9698050008372525,0.4198138606572315,0,0,0,0,0.92,1
scene-0494,3,13,4.6165717365795444,2.1486208917767566,12.26951151106628,1.670812733131607,0.4124070449199111,0,0,0,0,0.84,1
scene-0494,4,13,7.344748181731046,2.710119588086667,18.295810780187765,2.366077769430915,0.9084591507814318,0,0,1,1,1.0,1
scene-0494,5,13,4.123075957137758,2.030535879303234,9.86794998914518,2.0136426697110257,1.1899312814397762,0,0,0,0,0.96,1
scene-0494,6,13,0.8537800423701302,0.9240021874271349,2.066923191021891,0.7091077545967595,0.2560558690673806,0,0,0,0,0.32,0
scene-0494,7,13,0.7548951389300168,0.8688470169886162,2.3616846241615588,0.6008658415845795,0.20183193863522822,0,0,0,0,0.16,0
scene-0494,8,13,0.26133117788602583,0.5112056121425369,0.8447117510103676,0.3411844317218302,0.15551795654765085,0,0,0,0,0.04,0
scene-0494,9,13,0.17830782622417907,0.4222651136717063,0.5421421781646198,0.3350216508134998,0.2004862507184776,0,0,0,0,0.0,0
scene-0494,10,13,0.6442310731754065,0.8026400645217049,2.055261086980563,0.5268565891689831,0.24937795214361744,0,0,0,0,0.08,0
scene-0494,11,13,0.16063362407126935,0.40079124749833217,0.5063608907755172,0.5461752052148712,0.4672671964309311,0,0,0,0,0.12,0
scene-0494,12,13,0.5197566755071321,0.7209415201714575,1.6848242325820413,0.8389740483028725,0.6700392733652986,0,0,0,0,0.4,0
scene-0494,13,13,0.032662145436057825,0.1807267147824522,0.09715363358887347,1.4614370723391106,1.4605303093547721,0,0,0,0,0.72,0
scene-0494,14,13,0.23763504394852633,0.48747824971841186,0.653639554001616,1.6392893281289662,1.6390125946536915,0,0,0,0,0.8,1
scene-0494,15,13,1.0027212865819117,1.0013597188732488,2.723380494848487,1.4275570464632887,1.3826623475976492,0,0,0,0,0.68,0
scene-0494,16,13,1.2986791340861221,1.1395960398694451,3.4306482541756216,0.9491875133218461,0.6462254814427263,0,0,0,0,0.48,0
scene-0494,17,13,1.689925346696704,1.2999712868739464,4.008507605259173,0.9808579472386186,0.6379904734090716,0,0,0,0,0.52,0
scene-0494,18,13,2.125419933953839,1.45788200275394,5.685864348875489,1.3271014154515146,0.9936265478482551,0,0,0,0,0.6,0
scene-0494,19,13,1.3539177926630865,1.1635797319750316,3.069262047940784,0.8593051210632772,0.30903411044268686,0,0,0,0,0.44,0
scene-0494,20,13,0.9564808235507579,0.9779983760470965,2.4911140839441117,0.6812594570200888,0.13533076949704864,0,0,0,0,0.28,0
scene-0494,21,13,0.7479792948535838,0.8648579622421151,1.7395244830723184,0.7584800840261743,0.166323904638931,0,0,0,0,0.36,0
scene-0494,22,13,0.6750997908758755,0.821644564806386,1.75296395509253,0.6133715501562682,0.2177371582727987,0,0,0,0,0.2,0
scene-0494,23,13,0.4235882735945455,0.6508365951562232,1.2140917495028978,0.6623721202540234,0.5211581301507567,0,0,0,0,0.24,0
scene-0494,24,13,0.1931907955192318,0.4395347489325864,0.6253162813207195,1.0677044048906228,1.0675473218011333,0,0,0,0,0.56,0
scene-0494,25,13,0.5344934061298873,0.7310905594588726,1.6766594244751185,1.3373623996107964,1.248268474296564,0,0,0,0,0.64,0
scene-0495,0,13,1.631581367596721,1.2773336946924718,4.469920434280833,0.9723328948421508,0.7354238062996991,0,0,0,0,0.04,0
scene-0495,1,13,0.8958487538560748,0.9464928704729237,2.3100471073349658,0.7372704634590084,0.5291572758876691,0,0,0,0,0.0,0
scene-0495,2,13,0.9507750979619608,0.9750769702756602,2.8491429063949445,1.3238308814257835,1.1411300661586514,0,0,0,0,0.24,0
scene-0495,3,13,0.45121637370476675,0.6717264128384165,1.3807482317524697,1.2450952144326928,1.2327046916378184,0,0,0,0,0.16,0
scene-0495,4,13,0.5153382401178391,0.7178706290954096,1.5502188301016724,1.2432703662430673,1.2265523420845288,0,0,0,0,0.12,0
scene-0495,5,13,0.45439996942485594,0.6740919591753457,1.137721054295987,1.6502736205147102,1.6494019402190734,0,0,0,0,0.48,0
scene-0495,6,13,0.41979655113324066,0.6479170866192994,1.2047441785659034,1.5984788081929746,1.5968653858192365,0,0,0,0,0.44,0
scene-0495,7,13,0.5397576731050319,0.7346820217652205,1.4925389320895972,1.5823130848898008,1.5813600569768649,0,0,0,0,0.4,0
scene-0495,8,13,4.104545602886076,2.0259678188179784,13.323015323643197,2.2206269433736243,2.131494407914196,0,0,0,1,0.96,1
scene-0495,9,13,12.815153141546071,3.5798258535222174,41.10256267309744,2.294450911957813,0.6743475121717003,0,0,0,1,1.0,1
scene-0495,10,13,12.123872725326763,3.481935198323881,36.51543912770439,2.1688551582307003,0.4818444253934833,0,0,0,1,0.92,1
scene-0495,11,13,6.861804375769864,2.61950460502933,21.23570572128492,1.9188560972023458,0.2573120036106152,0,0,0,0,0.8,1
scene-0495,12,13,6.764420963545589,2.600850046339771,19.974233651364823,1.958033776817103,0.11981374559488024,0,0,0,0,0.84,1
scene-0495,13,13,5.443673717882302,2.3331681717960886,15.55143339911487,1.7360421811730453,0.31740172330037103,0,0,0,0,0.64,0
scene-0495,14,13,5.196820858513725,2.279653670738984,14.945967222981276,1.6934108638748895,0.7184465251918914,0,0,0,0,0.6,0
scene-0495,15,13,4.317133870726402,2.077771371139376,11.725497618443123,1.6746300883688516,0.244656214439088,0,0,0,0,0.56,0
scene-0495,16,13,5.045511617674713,2.246221631467989,12.583328511869716,1.7368709591537788,0.30518835921782694,0,0,0,0,0.68,0
scene-0495,17,13,3.440610511337488,1.8548882746239699,9.206363415960814,1.4492169154055512,0.25024067553040713,0,0,0,0,0.28,0
scene-0495,18,13,3.0115258218627723,1.7353748361269885,8.371692983417985,1.3158756631705937,0.2230283767547163,0,0,0,0,0.2,0
scene-0495,19,13,3.423699826513879,1.8503242490206626,8.959416130052748,1.5375995199929429,0.3597090773359009,0,0,0,0,0.36,0
scene-0495,20,13,2.2186751071028072,1.4895217712751994,5.527857631109423,1.187281546766034,0.4342028251477787,0,0,0,0,0.08,0
scene-0495,21,13,2.3297357878293905,1.5263472042197315,5.617547140522816,1.4756623142397183,0.8724316458666287,0,0,0,0,0.32,0
scene-0495,22,13,2.679400143302472,1.6368873337229022,6.995283046603624,1.6724489930207806,1.244708781825966,0,0,0,0,0.52,0
scene-0495,23,13,1.5188733372645544,1.2324257938166316,3.6703116318535263,1.8890688352837701,1.7715431577369554,0,0,0,0,0.76,0
scene-0495,24,13,0.48071418702970875,0.6933355515403121,1.360280550485581,1.987126888707944,1.9803089944592005,0,0,0,0,0.88,1
scene-0495,25,13,1.2198343856112477,1.1044611290630593,3.6965071941740577,1.8174444925702629,1.7563348880617522,0,0,0,0,0.72,0
scene-0496,0,13,0.0,0.0,0.0,0.004281422601760614,0.004281422601760614,0,0,0,0,0.5384615384615384,0
scene-0496,1,13,0.010976331360946745,0.10476798824520181,0.03994082840236686,0.025864368599652895,0.023059043383333987,0,0,0,0,0.6538461538461539,0
scene-0496,2,13,0.0,0.0,0.0,0.003049650942611178,0.003049650942611178,0,0,0,0,0.5,0
scene-0496,3,13,0.3503846153846153,0.5919329483857232,1.670236686390532,0.10440768594368305,0.10280321538734218,0,0,0,0,0.8461538461538461,1
scene-0496,4,13,0.010976331360946745,0.10476798824520181,0.03994082840236687,0.024525043280108735,0.02271018285182391,0,0,0,0,0.6153846153846154,0
scene-0496,5,13,1.1714201183431951,1.0823216335005021,4.891597633136095,0.21078753958049298,0.2093162222714291,0,0,0,0,0.9615384615384616,1
scene-0496,6,13,0.0,0.0,0.0,0.0016653488323288388,0.001665348832328839,0,0,0,0,0.46153846153846156,0
scene-0496,7,13,0.2653550295857987,0.5151262268471668,1.282544378698224,0.08917828950205514,0.08829646897644151,0,0,0,0,0.8076923076923077,1
scene-0496,8,13,0.040680473372781065,0.20169400926349068,0.11094674556213016,0.04922129705621409,0.04818348241787864,0,0,0,0,0.7307692307692307,0
scene-0496,9,13,0.0,0.0,0.0,0.0010592001417469852,0.001059200141746985,0,0,0,0,0.4230769230769231,0
scene-0496,10,13,16.913897041420118,4.1126508533329345,31.89784792899409,1.1100776454555006,1.1092852448275783,0,0,0,0,1.0,1
scene-0496,11,13,0.9718934911242602,0.9858465859981765,3.9940828402366835,0.19303991984821228,0.19242932238338806,0,0,0,0,0.9230769230769231,1
scene-0496,12,13,0.0409516765285996,0.20236520582501233,0.11168639053254438,0.058271069060717745,0.05775127165123925,0,0,0,0,0.7692307692307693,0
scene-0496,13,13,0.0,0.0,0.0,0.0005779865847715429,0.000577986584771543,0,0,0,0,0.38461538461538464,0
scene-0496,14,13,0.0,0.0,0.0,0.0004971116399278786,0.0004971116399278786,0,0,0,0,0.34615384615384615,0
scene-0496,15,13,0.2744082840236686,0.5238399412260091,0.9985207100591716,0.11257522257818874,0.11221051459463487,0,0,0,0,0.8846153846153846,1
scene-0496,16,13,0.0,0.0,0.0,0.00036527968618858825,0.00036527968618858825,0,0,0,0,0.3076923076923077,0
scene-0496,17,13,0.0,0.0,0.0,0.00031307754083697426,0.00031307754083697426,0,0,0,0,0.2692307692307692,0
scene-0496,18,13,0.0,0.0,0.0,0.0002686987016710584,0.00026869870167105833,0,0,0,0,0.23076923076923078,0
scene-0496,19,13,0.0,0.0,0.0,0.00024041698179708132,0.0002404169817970813,0,0,0,0,0.19230769230769232,0
scene-0496,20,13,0.001627218934911243,0.04033880185269814,0.004437869822485208,0.009799343932983921,0.009634051309955913,0,0,0,0,0.5769230769230769,0
scene-0496,21,13,0.0,0.0,0.0,0.00017922786347747286,0.00017922786347747288,0,0,0,0,0.15384615384615385,0
scene-0496,22,13,0.040680473372781065,0.20169400926349068,0.11094674556213016,0.04822150608777458,0.048109031374982826,0,0,0,0,0.6923076923076923,0
scene-0496,23,13,0.0,0.0,0.0,0.00013101124385769516,0.00013101124385769513,0,0,0,0,0.11538461538461539,0
scene-0496,24,13,0.0,0.0,0.0,0.00011287782096845288,0.00011287782096845288,0,0,0,0,0.07692307692307693,0
scene-0496,25,13,0.0,0.0,0.0,9.675206079288121e-05,9.675206079288121e-05,0,0,0,0,0.038461538461538464,0
scene-0496,26,13,0.0,0.0,0.0,8.444603735488108e-05,8.444603735488108e-05,0,0,0,0,0.0,0
scene-0497,0,13,0.0,0.0,0.0,0.0005821127767827319,0.0005821127767827319,0,0,0,0,0.24,0
scene-0497,1,13,1.510750694602556,1.2291259880917642,4.7783262853140975,0.3158333699752269,0.2558916320897411,0,0,0,0,0.76,0
scene-0497,2,13,0.17579971611749748,0.41928476733301134,0.5854553830794841,0.09648788215957042,0.09607615420783533,0,0,0,0,0.44,0
scene-0497,3,13,0.040680473372781065,0.20169400926349068,0.11094674556213016,0.04841546941976339,0.04811098101095404,0,0,0,0,0.32,0
scene-0497,4,13,0.0,0.0,0.0,0.00031186522004857987,0.0003118652200485799,0,0,0,0,0.2,0
scene-0497,5,13,0.9430307393984069,0.9710976981737763,3.8001601717550466,0.34741328961279644,0.34646210317655085,0,0,0,0,0.84,1
scene-0497,6,13,0.0,0.0,0.0,0.00024013204836841558,0.0002401320483684155,0,0,0,0,0.16,0
scene-0497,7,13,0.10798816568047336,0.32861552866605886,0.4437869822485205,0.06429707435550981,0.0641357340114402,0,0,0,0,0.36,0
scene-0497,8,13,0.32396449704142016,0.5691787918057208,1.2248520710059174,0.1443895868249026,0.08012825840993261,0,0,0,0,0.52,0
scene-0497,9,13,8.953490993351574,2.9922384586378765,15.77544836356995,1.3664616520680268,1.2452892965528537,0,0,0,0,1.0,1
scene-0497,10,13,1.4039475296679569,1.1848829181264944,4.487588558611284,0.36876860026611796,0.3670554622243311,0,0,0,0,0.88,1
scene-0497,11,13,0.2978303747534517,0.545738375738276,1.0539940828402368,0.16035908293607617,0.16029197103646534,0,0,0,0,0.6,0
scene-0497,12,13,0.38207175103376634,0.6181195281122951,0.5907901590316962,0.16917862263423789,0.16903212473070284,0,0,0,0,0.64,0
scene-0497,13,13,0.0,0.0,0.0,8.326207690493406e-05,8.326207690493406e-05,0,0,0,0,0.12,0
scene-0497,14,13,0.0,0.0,0.0,7.225904752303085e-05,7.225904752303085e-05,0,0,0,0,0.08,0
scene-0497,15,13,0.0,0.0,0.0,6.609556198832625e-05,6.609556198832622e-05,0,0,0,0,0.04,0
scene-0497,16,13,3.203532491022571,1.7898414709193022,9.569614029132048,0.42007164411340486,0.42002236956711875,0,0,0,0,0.92,1
scene-0497,17,13,3.268968994461874,1.8080290358459052,9.990241995595419,0.5770221097125114,0.5729375632571491,0,0,0,0,0.96,1
scene-0497,18,13,0.11171104536489157,0.33423202324865814,0.4556213017751483,0.07376476872562843,0.05574675440358807,0,0,0,0,0.4,0
scene-0497,19,13,0.2744082840236686,0.5238399412260091,0.9985207100591715,0.11224492091805977,0.11223617766096174,0,0,0,0,0.48,0
scene-0497,20,13,1.5806854043392509,1.2572531186436766,6.505917159763317,0.3237477947476772,0.10577331095998983,0,0,0,0,0.8,1
scene-0497,21,13,0.772805719921104,0.8790936923451925,3.2071005917159736,0.20835948559483708,0.11860794432537307,0,0,0,0,0.72,0
scene-0497,22,12,0.0,0.0,0.0,2.686355295312669e-05,2.686355295312669e-05,0,0,0,0,0.0,0
scene-0497,23,13,0.010976331360946745,0.10476798824520181,0.03994082840236686,0.022461888535966444,0.022414002118131073,0,0,0,0,0.28,0
scene-0497,24,13,0.7690532544378703,0.876956814465724,3.1400591715976365,0.1705430198057298,0.17053489147243006,0,0,0,0,0.68,0
scene-0497,25,13,0.7056213017751478,0.8400126795323675,3.0,0.16027942586891605,0.16026497057227723,0,0,0,0,0.56,0
scene-0498,0,13,4.766919987135659,2.1833277324157403,15.885094795961207,1.696632638171483,0.9925538469292473,0,0,0,0,0.76,0
scene-0498,1,13,4.301785389695304,2.0740745863385204,15.314235332046875,1.5697567706988795,0.9803724370713695,0,0,0,0,0.64,0
scene-0498,2,13,7.232001182448845,2.6892380300837715,23.45795505290673,1.8449084359430996,0.6469430647396446,0,0,0,0,0.84,1
scene-0498,3,13,2.391131443720821,1.5463283751263253,7.207668249480003,1.025078193361586,0.36235213909877,0,0,0,0,0.28,0
scene-0498,4,13,2.5281832837420293,1.5900261896402932,8.016388503635982,1.0909796720761529,0.17056846302274456,0,0,0,0,0.36,0
scene-0498,5,13,1.0459533202023092,1.0227185928701548,3.1841547396510204,0.6963586037865833,0.31508585597675287,0,0,0,0,0.12,0
scene-0498,6,13,0.5531721197397659,0.7437554166120512,2.031679562687984,0.6902146785827872,0.4665381798959359,0,0,0,0,0.08,0
scene-0498,7,13,0.21539119766172543,0.46410257234982594,0.802483776828505,0.48257305784098,0.3697117566237919,0,0,0,0,0.0,0
scene-0498,8,13,1.4275798650027756,1.194813736530835,4.7054546362972385,0.7397620329613571,0.509445960858789,0,0,0,0,0.2,0
scene-0498,9,13,0.20840664452394883,0.45651576590951254,0.8713142770217221,0.5193373860629898,0.4265396757629898,0,0,0,0,0.04,0
scene-0498,10,13,0.23244979323255133,0.48213047324614455,0.8052069211213563,0.734520764876022,0.6532518377035035,0,0,0,0,0.16,0
scene-0498,11,13,0.10227408221859897,0.3198031929462227,0.35174386103251015,0.8304231108823289,0.8123531099867293,0,0,0,0,0.24,0
scene-0498,12,13,0.4944964671454731,0.7032044277061067,1.6698218455912068,1.0633599484345184,0.9468349362864257,0,0,0,0,0.32,0
scene-0498,13,13,0.7599570102894911,0.8717551320694884,2.2485979477871876,1.405280065619294,1.2869101297557728,0,0,0,0,0.52,0
scene-0498,14,13,5.615665313916704,2.36973950338781,17.681639230720986,1.7071733305290653,0.7812176496093034,0,0,0,0,0.8,1
scene-0498,15,13,3.4156859137503353,1.8481574374901981,10.148450094227004,1.5362250312128363,0.996961404359805,0,0,0,0,0.56,0
scene-0498,16,13,1.472951393300729,1.2136520890686626,3.8664991781107045,1.3966006018979906,1.354407145874822,0,0,0,0,0.48,0
scene-0498,17,13,2.8727235647922593,1.6949110787272172,7.894079061821131,1.3646616638222657,0.8264593587296463,0,0,0,0,0.4,0
scene-0498,18,13,7.009118125856875,2.647473914103192,20.239547756507623,1.8674868388501211,0.7165490959719341,0,0,0,0,0.88,1
scene-0498,19,13,3.1007772526288018,1.760902397246594,9.078066365083421,1.6416103289112427,1.3735359650359165,0,0,0,0,0.72,0
scene-0498,20,13,6.818719646412969,2.6112678235701847,19.50582788569169,2.0822148024569547,0.9839115559505783,0,0,0,0,1.0,1
scene-0498,21,13,4.932785951625693,2.2209876072652213,13.504881491152776,1.9575725098084367,1.2749763268765297,0,0,0,0,0.92,1
scene-0498,22,13,3.8959371518488055,1.973812846206247,11.590166183118846,2.0604460021431055,1.7074159349643716,0,0,0,0,0.96,1
scene-0498,23,13,4.075045051716266,2.018674082588932,11.566306857331686,1.5570582011171714,1.1081859069691884,0,0,0,0,0.6,0
scene-0498,24,13,3.700643889907307,1.9237057700977316,10.511581496795268,1.3682821553445037,0.5273986476973889,0,0,0,0,0.44,0
scene-0498,25,13,4.4727139135246015,2.11487917232276,12.939352795294145,1.6145314116621547,0.5858823417343859,0,0,0,0,0.68,0
scene-0547,0,13,10.036732605981003,3.168080271391652,33.09762979527042,1.866063053734306,0.5284396259740911,0,0,0,0,0.48,0
scene-0547,1,13,3.5643415750569893,1.8879463909383098,13.443685268768796,1.4728581517305726,0.9940825366168897,0,0,0,0,0.36,0
scene-0547,2,13,0.9930549641009453,0.9965214318322237,3.157954373761671,1.3096808746961028,1.1444859107362504,0,0,0,0,0.28,0
scene-0547,3,13,1.3951230729016137,1.1811532808664646,4.975832168782252,1.224759976670924,0.8293620695080572,0,0,0,0,0.24,0
scene-0547,4,13,2.629429438051346,1.6215515526961657,10.355247437137269,1.49485335629088,0.8397915756812199,0,0,0,0,0.4,0
scene-0547,5,13,1.5549971316805624,1.246995241242148,4.889670436432823,1.038303291431161,0.5450852349217176,0,0,0,0,0.16,0
scene-0547,6,13,0.8909340612947947,0.9438930348799035,2.9008365073697666,1.377315567603689,1.1695361754811535,0,0,0,0,0.32,0
scene-0547,7,13,0.5371223058536855,0.7328862843945747,1.816890884787369,1.5201825838320422,1.4399061135053577,0,0,0,0,0.44,0
scene-0547,8,13,0.5107875208424701,0.7146940050416473,1.5663834798842504,1.9245687668756521,1.8548698076002792,0,0,0,0,0.52,0
scene-0547,9,13,4.596658127613953,2.143981839385295,17.565880936524675,2.8692598649783703,2.7994825277585917,0,1,1,1,0.64,0
scene-0547,10,13,11.333050884934002,3.3664596960210296,36.83032211943715,5.161450880564614,5.078667670225715,1,1,1,1,1.0,1
scene-0547,11,13,14.726982571499434,3.8375750900144525,46.450222988259235,4.7642580276914055,4.664541956041772,1,1,1,1,0.96,1
scene-0547,12,13,13.715539797829924,3.7034497158500645,46.078664839386605,4.2931495037750365,4.199689632888622,1,1,1,1,0.92,1
scene-0547,13,13,9.839611621380659,3.1368155223698855,33.55077579984029,3.4047908876254827,3.2080041926828895,1,1,1,1,0.84,1
scene-0547,14,13,15.99149319963661,3.9989365085778257,52.350317249765084,3.067698160776231,2.1103454165032685,1,1,1,1,0.72,0
scene-0547,15,13,16.20556226667576,4.025613278331112,53.70984536178761,3.185076981709103,1.9772986831541892,1,1,1,1,0.76,0
scene-0547,16,13,21.80235018280342,4.669298682115272,67.31125314333617,3.735960531549464,2.2751618874414636,1,1,1,1,0.88,1
scene-0547,17,13,15.956090950343741,3.9945075979829783,52.107484252916,2.8596641898177237,1.52970836351472,0,1,1,1,0.6,0
scene-0547,18,13,18.210462917821875,4.267371898232199,56.74337820855406,3.0150258961736784,1.9909661797359373,0,1,1,1,0.68,0
scene-0547,19,13,18.52042504631135,4.303536341929896,55.01016452645547,3.226825995037113,2.5847517270091607,1,1,1,1,0.8,1
scene-0547,20,13,10.919941899883968,3.3045335374124996,35.03722399212283,2.0119525651743846,1.6184095253377506,0,0,0,0,0.56,0
scene-0547,21,13,1.2619596606757113,1.1233697791358424,4.10974882886182,0.7082447311671488,0.3615972020964782,0,0,0,0,0.08,0
scene-0547,22,13,0.09316253322130637,0.3052253810240989,0.3291050852573219,0.49019319744706824,0.44499335762938763,0,0,0,0,0.0,0
scene-0547,23,13,0.22435359465703986,0.473659787882653,0.8186742982915423,0.6327503519031222,0.5306792694343886,0,0,0,0,0.04,0
scene-0547,24,13,0.20032202153552645,0.44757348171616074,0.652371370401171,0.893419460040605,0.8288971132453172,0,0,0,0,0.12,0
scene-0547,25,13,0.12785276281349645,0.3575650469683753,0.39884680053490407,1.1326188915583113,1.1103375647492786,0,0,0,0,0.2,0
scene-0548,0,13,6.132708789281739,2.476430655052093,19.973470958455785,1.466078890139516,1.0517894054530468,0,0,0,0,0.56,0
scene-0548,1,13,6.651424863547571,2.579035646040506,21.09535518787649,1.5133732024085254,1.2282007741891265,0,0,0,0,0.64,0
scene-0548,2,13,4.076464530455954,2.019025638880288,13.256811641753016,1.0014119546569638,0.9349738909774464,0,0,0,0,0.4,0
scene-0548,3,13,0.5008530742991798,0.7077097387341648,1.4607985479945087,0.5594932108654944,0.2963475050250677,0,0,0,0,0.08,0
scene-0548,4,13,0.5337628990808543,0.7305907877059868,1.7301341221180375,0.5888629922498084,0.5246316873139019,0,0,0,0,0.16,0
scene-0548,5,13,0.36576359611994774,0.6047839251500884,1.2524081886211664,0.49966551514809876,0.3031548296977058,0,0,0,0,0.04,0
scene-0548,6,13,0.5301225500080329,0.7280951517542421,1.7600400672485987,0.5787221776945046,0.3902222581783967,0,0,0,0,0.12,0
scene-0548,7,13,0.8733671802061774,0.9345411602525474,2.667011859075297,0.8522000106009523,0.6490330985189071,0,0,0,0,0.28,0
scene-0548,8,13,1.5704992468252579,1.2531956139506943,4.905472780287559,0.870263953098821,0.8388977468282461,0,0,0,0,0.32,0
scene-0548,9,13,1.4166789240924273,1.1902432205614226,4.628754734264766,0.7141177366659347,0.47011906399689013,0,0,0,0,0.24,0
scene-0548,10,13,4.967828659589465,2.228862638116011,16.20140443060758,0.9671091208491052,0.6299223490906309,0,0,0,0,0.36,0
scene-0548,11,13,6.956619980995967,2.6375405174131386,23.436320655696246,1.3965131414054934,1.3519269138290457,0,0,0,0,0.52,0
scene-0548,12,13,0.4694934434502806,0.6851959161074157,1.4567224027579764,0.4734819903521643,0.2858943191416245,0,0,0,0,0.0,0
scene-0548,13,13,0.4346705906886581,0.6592955260644942,1.3194195104736108,0.7081487005295615,0.6038167984599497,0,0,0,0,0.2,0
scene-0548,14,13,0.6505242406154507,0.8065508295299502,2.099738099849871,1.0582573404826463,1.0324995171263711,0,0,0,0,0.44,0
scene-0548,15,13,5.257479282878461,2.2929193799343364,17.032690461148814,1.7557275322010257,0.956432554444706,0,0,0,0,0.68,0
scene-0548,16,13,0.10570401286818287,0.32512153553430273,0.36135983898263,2.2115080948630026,2.211380998372037,0,0,0,1,0.8,1
scene-0548,17,13,6.378864274029489,2.5256413589481563,20.35147874981542,2.4070544382650847,1.767898104730642,0,0,1,1,0.88,1
scene-0548,18,13,5.855997457863093,2.4199168287077746,18.217561811265156,2.520870983844243,1.892446774851961,0,0,1,1,0.96,1
scene-0548,19,13,6.946060536177375,2.6355379974831274,20.296517639207277,2.525570676458971,1.8662888420464607,0,0,1,1,1.0,1
scene-0548,20,13,2.556429061582027,1.5988836923247505,7.02512073185545,2.4521450152535396,2.344327201725574,0,0,1,1,0.92,1
scene-0548,21,13,9.567541342067122,3.093144248506222,31.140218889239666,2.2524436855106043,0.8497551376949479,0,0,0,1,0.84,1
scene-0548,22,13,5.970897363748638,2.4435419709406747,15.16625941543208,1.804224901896408,0.960920639736189,0,0,0,0,0.72,0
scene-0548,23,13,4.43843818471186,2.106760115606867,13.080186958459915,1.4801647704375456,0.6579582193764456,0,0,0,0,0.6,0
scene-0548,24,13,6.512030838523404,2.551868107587734,22.349558058367563,1.9721022543604438,1.6485487249537922,0,0,0,0,0.76,0
scene-0548,25,13,3.334565182043138,1.826079182851373,10.75599490958602,1.2517205546502193,1.027703817761996,0,0,0,0,0.48,0
scene-0549,0,13,3.361942725413471,1.8335601232066188,10.966333320975954,2.4708162927862434,2.4368295062650653,0,0,1,1,0.8461538461538461,1
scene-0549,1,13,2.3399186466078556,1.529679262658632,7.696113775888455,2.8829486991733764,2.8432843708248527,0,1,1,1,0.9230769230769231,1
scene-0549,2,13,2.1390985066119703,1.4625657272792805,7.069521221715525,2.8526962564592364,2.7163849621164715,0,1,1,1,0.8846153846153846,1
scene-0549,3,13,4.770474584231046,2.1841416126778608,14.64714847911374,4.455893927801911,4.429020578092374,1,1,1,1,1.0,1
scene-0549,4,13,8.730257144129178,2.9547008552693077,29.92148348083949,3.0167271296427076,2.6090045922255385,0,1,1,1,0.9615384615384616,1
scene-0549,5,13,4.12296102635593,2.0305075785024616,11.804261238802384,1.9435679517056674,1.5309786335363975,0,0,0,0,0.8076923076923077,1
scene-0549,6,13,4.111028250228628,2.027567076628694,11.662086040996874,1.7660162451617887,1.3831708326812973,0,0,0,0,0.7692307692307693,0
scene-0549,7,13,2.4028717449983232,1.5501199131029584,6.051807596471699,1.102305182658653,0.36731498580869165,0,0,0,0,0.3076923076923077,0
scene-0549,8,13,1.7945935996578395,1.3396244248511744,5.03173078465614,1.3179034683296476,0.8794618329977215,0,0,0,0,0.5,0
scene-0549,9,13,0.9765417420844571,0.9882012659799911,3.03528626431927,1.1294188109185204,0.9124017733040909,0,0,0,0,0.34615384615384615,0
scene-0549,10,13,0.8757987948955045,0.9358412231225468,3.2621976774082757,1.0498656290793797,1.0046230595540797,0,0,0,0,0.23076923076923078,0
scene-0549,11,13,0.2641772956455761,0.5139818047806519,0.943172748843701,0.42149115269322884,0.3173407174443451,0,0,0,0,0.0,0
scene-0549,12,13,1.228804429679471,1.108514514870902,4.337188189403322,0.8338172614005211,0.33043814858532056,0,0,0,0,0.07692307692307693,0
scene-0549,13,13,0.6432076000730497,0.8020022444314291,2.330452303478079,0.7457679703702028,0.5140842152897873,0,0,0,0,0.038461538461538464,0
scene-0549,14,13,3.860427526678427,1.9647970701012425,12.7033709567773,1.175720602966488,0.25889909614054174,0,0,0,0,0.38461538461538464,0
scene-0549,15,13,9.627835729451062,3.1028753970230682,29.15500345765502,1.7461587231797056,0.28022801183058405,0,0,0,0,0.6923076923076923,0
scene-0549,16,13,9.034390334409785,3.005726257397667,29.170116589446668,1.7404646408622595,0.519976974847646,0,0,0,0,0.6538461538461539,0
scene-0549,17,13,1.4972288917611494,1.2236130482146508,4.556089799567295,0.9945479800496442,0.4302088908939608,0,0,0,0,0.15384615384615385,0
scene-0549,18,13,1.6108725129127717,1.2692015257289804,3.7029315669090725,0.9960553386894948,0.35763876285002505,0,0,0,0,0.19230769230769232,0
scene-0549,19,13,8.834530346180257,2.972293785307949,27.636383865992762,1.7623653501819343,0.9401896349186788,0,0,0,0,0.7307692307692307,0
scene-0549,20,13,2.9041298834170433,1.7041507807166134,8.754594140622185,1.1000628226752271,0.3295573616544083,0,0,0,0,0.2692307692307692,0
scene-0549,21,13,3.0543241631153273,1.7476624854688982,9.439375986222798,1.1918670096944435,0.6760601023561296,0,0,0,0,0.4230769230769231,0
scene-0549,22,13,4.414492824638128,2.1010694478379643,13.666061140147061,1.4567192646007852,0.9535755471441861,0,0,0,0,0.5384615384615384,0
scene-0549,23,13,5.777643760862385,2.4036729729441952,17.307184495534585,1.3022667061838753,0.9141344260049635,0,0,0,0,0.46153846153846156,0
scene-0549,24,13,1.3535577451207257,1.1634250062297637,4.369731283860999,0.8523752418601787,0.4556653584973655,0,0,0,0,0.11538461538461539,0
scene-0549,25,13,7.310969983282123,2.7038805416072145,23.06998975388645,1.512316433699524,0.6153276890576208,0,0,0,0,0.5769230769230769,0
scene-0549,26,13,5.7357993568810555,2.394952892413764,18.579406351434542,1.6097889041191418,0.5227819420917134,0,0,0,0,0.6153846153846154,0
scene-0550,0,13,1.471621620224891,1.2131041258790982,4.868977010449225,1.60909067743178,1.4297530305179713,0,0,0,0,0.56,0
scene-0550,1,13,1.975889625592439,1.4056634112021409,7.658740785888804,1.7317550749836879,1.427206208101808,0,0,0,0,0.68,0
scene-0550,2,13,1.2153612156187743,1.1024342228082247,4.63835136838373,2.0659254300920127,1.9333045656081014,0,0,0,0,0.8,1
scene-0550,3,13,3.248974315327223,1.802491141539182,12.612870111645035,2.7087466784959084,2.4500121781366975,0,1,1,1,0.92,1
scene-0550,4,13,2.6427904596835785,1.6256661587434176,9.427336887038773,2.8548687555775065,2.7392620613695544,0,1,1,1,0.96,1
scene-0550,5,13,2.760425157535385,1.661452725037756,10.533817379764942,1.865546158755425,1.6155993200414762,0,0,0,0,0.72,0
scene-0550,6,13,2.9012195894687185,1.7032966827504592,10.344441673542864,1.5186628801364177,1.3350455082467099,0,0,0,0,0.48,0
scene-0550,7,13,2.6814596032533182,1.6375162909886785,9.245194546834595,1.4839983814069992,1.1275986425916857,0,0,0,0,0.36,0
scene-0550,8,13,0.9062659551094594,0.9519800182301409,2.8704477097533307,0.9549623275169683,0.7886823748045974,0,0,0,0,0.04,0
scene-0550,9,13,0.9481955456922128,0.9737533289761904,3.600409974907049,0.7939969924878584,0.5123125468791415,0,0,0,0,0.0,0
scene-0550,10,13,0.9768248053828027,0.9883444770841807,3.2326960883554676,1.5150423674471676,1.4593206811540476,0,0,0,0,0.44,0
scene-0550,11,13,0.4239233606304726,0.6510939721963893,1.4497002898180347,1.2008393389002587,1.1016783592601425,0,0,0,0,0.16,0
scene-0550,12,13,2.7660785951682096,1.6631532085674516,8.746466832823463,1.5746576233701208,1.2348858939220826,0,0,0,0,0.52,0
scene-0550,13,13,2.2024505698303436,1.484065554424852,7.2240339147544,1.4553587095355536,1.2062446766577892,0,0,0,0,0.32,0
scene-0550,14,13,8.578606826091898,2.9289258826559434,26.95185252893527,2.6948642041647544,2.4260976040142963,0,1,1,1,0.88,1
scene-0550,15,13,0.616188740615791,0.784976904511076,1.9434247048554736,1.6546762111977498,1.5874222916066412,0,0,0,0,0.6,0
scene-0550,16,13,7.261840026847376,2.694780144436161,22.47648834038225,3.0820234679246563,3.0538245021265915,1,1,1,1,1.0,1
scene-0550,17,13,3.583382892601834,1.8929825389056905,11.940222032514056,2.67231796875682,2.6700939038361713,0,1,1,1,0.84,1
scene-0550,18,13,1.3679581139366472,1.1695974153257382,4.031849329579029,1.9222692160852015,1.8972602073809834,0,0,0,0,0.76,0
scene-0550,19,13,0.4198028913080973,0.6479219793370937,1.165788496510889,1.1077220491257387,1.1019881488737333,0,0,0,0,0.12,0
scene-0550,20,13,1.4668667312729555,1.2111427377782338,4.361363549111655,1.0659406957142459,0.7258061775964011,0,0,0,0,0.08,0
scene-0550,21,13,1.248711504778952,1.117457607598137,3.2109597240379246,1.453144331139078,1.4087077158532573,0,0,0,0,0.28,0
scene-0550,22,13,1.819856987677058,1.3490207513885981,5.068622089285423,1.2721144876520964,1.0562958884017448,0,0,0,0,0.2,0
scene-0550,23,13,0.5910855425300139,0.7688208780528881,1.688974788181306,1.6959014439085582,1.641623798105788,0,0,0,0,0.64,0
scene-0550,24,13,0.15502562566909162,0.393732936987867,0.4163357867760898,1.4849626256062167,1.4725864036967122,0,0,0,0,0.4,0
scene-0550,25,13,0.7616471141382762,0.8727239621657448,2.2458982794445315,1.3416773317308806,1.3115316756443711,0,0,0,0,0.24,0
scene-0551,0,13,3.3093464420804204,1.8191609170385177,10.785471829876743,1.4435698925473335,0.7893400827830285,0,0,0,0,0.15384615384615385,0
scene-0551,1,13,4.390353145372903,2.095316955826231,14.482086003159225,1.2588885573389688,0.6999311056136209,0,0,0,0,0.11538461538461539,0
scene-0551,2,13,0.6535289089733151,0.8084113488647442,1.9868827246037881,0.6895347493601551,0.3855755531638137,0,0,0,0,0.0,0
scene-0551,3,13,5.094124582411626,2.2570167439369224,17.937857543622133,0.9673465351701194,0.5037275809710916,0,0,0,0,0.038461538461538464,0
scene-0551,4,13,4.745360922519485,2.17838493442263,15.0256179820727,1.1915957681992235,0.5041495831884706,0,0,0,0,0.07692307692307693,0
scene-0551,5,13,3.0930109374116364,1.7586958058207895,10.102253757892871,1.620881182261803,1.0345307203444831,0,0,0,0,0.19230769230769232,0
scene-0551,6,13,0.47721246262424244,0.6908056619804461,1.5550053956674432,1.7233469544512308,1.6860547894297468,0,0,0,0,0.2692307692307692,0
scene-0551,7,13,4.917131364022206,2.2174605665089526,15.7273964333591,2.2587439918950136,1.4750710370859323,0,0,0,1,0.46153846153846156,0
scene-0551,8,13,5.007692423083722,2.2377873945224827,15.668081855169287,2.362276786915283,1.6671611959661419,0,0,1,1,0.5384615384615384,0
scene-0551,9,13,11.3859534195008,3.374307843025114,35.393538904063,2.668297027565307,0.9321033085564229,0,1,1,1,0.8461538461538461,1
scene-0551,10,13,17.895849511314974,4.23034862763283,52.70575684966913,2.9462009048060582,0.489582936016631,0,1,1,1,0.9230769230769231,1
scene-0551,11,13,11.389020486480542,3.3747622859218604,35.8901993063262,2.224895300036291,0.7225231838054421,0,0,0,1,0.4230769230769231,0
scene-0551,12,13,11.879134534941679,3.446612037195611,37.39370271897967,2.3284246020882864,0.42080061820906933,0,0,1,1,0.5,0
scene-0551,13,13,12.108976285061408,3.479795437243604,38.207513444177295,2.6513960330904327,0.42206555426245845,0,1,1,1,0.8076923076923077,1
scene-0551,14,13,11.149510752952237,3.3390883116432,33.53003880423515,2.362284063297454,0.266382247427807,0,0,1,1,0.5769230769230769,0
scene-0551,15,13,11.518635338507162,3.3939115101173694,34.16111035686475,2.5206991676440853,0.22755917262105288,0,0,1,1,0.7307692307692307,0
scene-0551,16,13,16.865842196909934,4.1068043777260606,47.7834185322487,3.155921775829242,0.5631894717420244,1,1,1,1,0.9615384615384616,1
scene-0551,17,13,10.016238294454824,3.164844118508023,28.403832164800768,2.469642951186392,1.412015247795133,0,0,1,1,0.6538461538461539,0
scene-0551,18,13,9.25995174580023,3.043016882273286,24.607493378931476,2.1673480268726975,1.446496891950287,0,0,0,1,0.38461538461538464,0
scene-0551,19,13,10.716313751428237,3.2735781266724393,29.270060670136118,2.458289184315997,1.868446425686222,0,0,1,1,0.6153846153846154,0
scene-0551,20,13,5.6035393085598075,2.3671796105407394,14.517595419530826,1.9733287465408629,1.8541870433035639,0,0,0,0,0.3076923076923077,0
scene-0551,21,13,9.420113710169666,3.069220374976301,23.32654144399439,2.617501739192244,2.4066309405822115,0,1,1,1,0.7692307692307693,0
scene-0551,22,13,7.078527775844248,2.660550276887142,15.458806105452556,3.1718596781967747,3.171563186581768,1,1,1,1,1.0,1
scene-0551,23,13,8.478297740219048,2.9117516618384625,19.803025105830574,2.8800923341855666,2.8383628784692703,0,1,1,1,0.8846153846153846,1
scene-0551,24,13,5.663796191437496,2.379873146081004,12.052298050079806,2.096581304970106,1.8641439489792726,0,0,0,0,0.34615384615384615,0
scene-0551,25,13,8.859737034165455,2.9765310403497316,20.20029862056784,2.477343258908713,2.065589231637481,0,0,1,1,0.6923076923076923,0
scene-0551,26,13,3.89546741551012,1.9736938505021797,7.665873509352659,1.667018931718201,0.7630229149070152,0,0,0,0,0.23076923076923078,0
scene-0601,0,13,16.482115384615387,4.059817161476042,53.533846153846156,1.9391042002772019,1.939104127331752,0,0,0,0,0.8461538461538461,1
scene-0601,1,13,16.980281065088757,4.120713659681871,54.94230769230769,1.7564108697677878,1.7564088109978038,0,0,0,0,0.7692307692307693,0
scene-0601,2,13,3.437051282051282,1.853928607592882,11.577115384615384,0.7858987563665439,0.7858940026855619,0,0,0,0,0.5384615384615384,0
scene-0601,3,13,4.532914203825775,2.1290641615098815,15.175850604184474,0.8301294387383785,0.8301283388530188,0,0,0,0,0.5769230769230769,0
scene-0601,4,13,18.307135108481265,4.278683805620751,59.43405325443788,2.2724366028284653,2.272435436269433,0,0,0,1,0.8846153846153846,1
scene-0601,5,13,6.095108481262327,2.4688273494236745,20.258254437869823,0.9378228040123299,0.9378213565608301,0,0,0,0,0.6538461538461539,0
scene-0601,6,13,2.835061652371484,1.6837641320480383,9.229171669214953,0.7192328064309497,0.7192287013563204,0,0,0,0,0.4230769230769231,0
scene-0601,7,13,58.31638313609468,7.63651642675472,189.89866863905326,2.4519263962865097,2.4519250543261166,0,0,1,1,0.9615384615384616,1
scene-0601,8,13,3.6368445754367946,1.9070512776107502,11.806939484203733,0.8397213854981295,0.839707997771491,0,0,0,0,0.6153846153846154,0
scene-0601,9,13,58.75302021696252,7.6650518730770845,191.51294378698225,2.275647339064207,2.2756473390637697,0,0,0,1,0.9230769230769231,1
scene-0601,10,13,60.42042652859961,7.773057733517718,197.0147928994083,2.532054688657823,2.5320532883434237,0,0,1,1,1.0,1
scene-0601,11,13,6.326060157790927,2.5151660298658074,19.557692307692307,1.0320542600945726,1.032045751400728,0,0,0,0,0.7307692307692307,0
scene-0601,12,13,59.553870808678504,7.717115446115764,193.78402366863904,1.8910294705985533,1.8910190715965953,0,0,0,0,0.8076923076923077,1
scene-0601,13,13,18.446846007743442,4.2949791626669676,60.04635108481261,1.0292084282343354,1.0291940786951022,0,0,0,0,0.6923076923076923,0
scene-0601,14,13,0.21118343195266256,0.45954698557673357,0.9985207100591709,0.0794929767272397,0.07948756320300726,0,0,0,0,0.11538461538461539,0
scene-0601,15,13,6.159270216962525,2.481787705860943,17.00147928994083,0.7692344463915146,0.7692254577788075,0,0,0,0,0.5,0
scene-0601,16,13,3.6607001972386612,1.9132956376991668,12.033905325443799,0.5391051164426037,0.5391046003823798,0,0,0,0,0.38461538461538464,0
scene-0601,17,13,0.010970019972537931,0.10473786312760983,0.0399067941211834,0.022435689753311935,0.02242690341491386,0,0,0,0,0.038461538461538464,0
scene-0601,18,13,4.339802761341222,2.083219326269133,14.135325443786975,0.7653871926085368,0.7653871926081347,0,0,0,0,0.46153846153846156,0
scene-0601,19,13,1.3572205125212964,1.1649980740418828,4.3568220082834594,0.4521049366137272,0.23821724373267972,0,0,0,0,0.34615384615384615,0
scene-0601,20,13,0.9588782051282054,0.9792232662310498,3.2851331360946765,0.3326960357549678,0.332695887384017,0,0,0,0,0.23076923076923078,0
scene-0601,21,13,0.7465483234714004,0.8640302792561152,2.494082840236687,0.33333817502341445,0.3333381750226116,0,0,0,0,0.2692307692307692,0
scene-0601,22,13,2.3673570019723855,1.538621786525976,7.600591715976329,0.41987518782412636,0.41987518782219885,0,0,0,0,0.3076923076923077,0
scene-0601,23,13,0.034023668639053255,0.18445505858895075,0.15976331360946744,0.03205360854332744,0.032050341156441196,0,0,0,0,0.07692307692307693,0
scene-0601,24,13,0.5385848126232742,0.7338833780807916,2.2366863905325447,0.22756617735523774,0.04166723687403012,0,0,0,0,0.15384615384615385,0
scene-0601,25,13,0.0007396449704142016,0.027196414661021066,0.00443786982248521,0.0032094520295158817,0.0032080248455479007,0,0,0,0,0.0,0
scene-0601,26,13,1.0451084812623272,1.0223054735558874,3.4571005917159754,0.24615726196036172,0.24614961962283677,0,0,0,0,0.19230769230769232,0
scene-0602,0,13,2.648337931584267,1.627371479283162,7.437490501351007,1.0806091583129627,0.1537458008226669,0,0,0,0,0.48,0
scene-0602,1,13,1.0005200528490121,1.000259992626423,2.512995094855947,0.9186155849709065,0.7524266259991484,0,0,0,0,0.36,0
scene-0602,2,13,0.5717390631554362,0.756134289101768,1.4526489454311433,0.9919292244316485,0.9316040455595612,0,0,0,0,0.4,0
scene-0602,3,13,1.559022851864869,1.2486083660879697,4.824933050730068,1.0072705384832614,0.49072169696104245,0,0,0,0,0.44,0
scene-0602,4,13,1.525672790512749,1.2351812784011702,4.772487113761733,1.557673689003145,1.2604126429954714,0,0,0,0,0.8,1
scene-0602,5,13,2.0388835272646815,1.4278947885837674,5.949891294474022,1.5787545186613285,1.3255196880754527,0,0,0,0,0.88,1
scene-0602,6,13,2.423265646032473,1.5566841831381448,6.7185509618940245,1.6532872041774975,1.4262968532844174,0,0,0,0,1.0,1
scene-0602,7,13,3.153033392343661,1.7756782907789521,8.02186505301535,1.5075953115133154,1.280127532252709,0,0,0,0,0.72,0
scene-0602,8,13,3.378234377642901,1.8379973823819502,8.968943484050298,1.6017598645841749,1.3904109062440575,0,0,0,0,0.96,1
scene-0602,9,13,2.7100238934683247,1.6462150204236154,6.533476534084814,1.5054580806343423,1.4248198144659938,0,0,0,0,0.68,0
scene-0602,10,13,2.9621438175293164,1.7210879749534351,7.053704669563897,1.5649868703265548,1.5104610100172058,0,0,0,0,0.84,1
scene-0602,11,13,1.3439052949868773,1.159269293558178,3.1981127789532637,1.5348814655006524,1.5348447857808434,0,0,0,0,0.76,0
scene-0602,12,13,3.39468571629745,1.842467290428096,8.004979186761473,1.597440592814955,1.4909135970576883,0,0,0,0,0.92,1
scene-0602,13,13,2.756491127337361,1.6602683901518336,5.755510834910374,1.2476629947911915,1.1355332025434646,0,0,0,0,0.64,0
scene-0602,14,13,1.5946144641094147,1.2627804496860944,3.647926562992869,1.1713375458273385,1.097432429606746,0,0,0,0,0.56,0
scene-0602,15,13,2.1765131786587113,1.4753010467896752,5.0721974550185855,1.149044172428736,1.1446048868235057,0,0,0,0,0.52,0
scene-0602,16,13,1.9713649764345345,1.4040530532834343,5.2244520871007145,1.2187491133132669,1.2186038364136682,0,0,0,0,0.6,0
scene-0602,17,13,0.5182563261749523,0.7199002195964052,1.2215307157385147,0.5763096238693637,0.5740727230401316,0,0,0,0,0.28,0
scene-0602,18,13,0.3332392975315957,0.5772688260521225,0.8511263897613343,0.4383695146039424,0.43341550497518333,0,0,0,0,0.24,0
scene-0602,19,13,0.11882208377896138,0.3447057930742699,0.2769904358799374,0.2554201170968125,0.254531924969085,0,0,0,0,0.16,0
scene-0602,20,13,0.07075943047337278,0.26600644818006347,0.24432692307692305,0.15573581441411022,0.15491021499899157,0,0,0,0,0.08,0
scene-0602,21,13,0.0,0.0,0.0,0.0010649603597348112,0.001064960359734811,0,0,0,0,0.0,0
scene-0602,22,13,0.27440828402366846,0.5238399412260089,0.9985207100591709,0.11302840952113571,0.11223754777802164,0,0,0,0,0.04,0
scene-0602,23,13,3.456252465483235,1.8590999073431302,11.307692307692308,0.7724038739072753,0.7717985289187435,0,0,0,0,0.32,0
scene-0602,24,13,0.37973794859591914,0.6162288118839617,1.4267713079091766,0.199258238839443,0.15389143621327883,0,0,0,0,0.12,0
scene-0602,25,13,0.8076923076923075,0.898717034272917,2.722633136094674,0.2921697779559287,0.2916675928893693,0,0,0,0,0.2,0
scene-0603,0,13,3.714797049651478,1.9273808782001232,11.081035710351332,2.895969738553316,2.8687446133715433,0,1,1,1,1.0,1
scene-0603,1,13,6.901124028878658,2.6269990538404575,20.262736920597362,2.1157879732189464,1.8378654757906123,0,0,0,1,0.88,1
scene-0603,2,13,5.190639224456859,2.278297439856539,16.558576397858772,2.5445630742701693,2.5346180343136715,0,0,1,1,0.96,1
scene-0603,3,13,3.772130236920591,1.942197270341144,13.02725905429142,2.3829753324651834,2.3188430211370523,0,0,1,1,0.92,1
scene-0603,4,13,2.390268129617209,1.5460492002576143,7.458087115058221,1.9999615660652785,1.9786264303795689,0,0,0,0,0.84,1
scene-0603,5,13,1.4891371831993176,1.220302086861822,4.407729789806885,1.6488453431713095,1.6379649518410886,0,0,0,0,0.76,0
scene-0603,6,13,2.0215061926957056,1.4217968183589755,6.690689328707899,1.342262838120835,1.3349079791963863,0,0,0,0,0.6,0
scene-0603,7,13,1.4722343042793262,1.2133566269977374,4.00672447435495,1.2639395155034012,1.1698844720622616,0,0,0,0,0.52,0
scene-0603,8,13,5.619108948031447,2.370465976982468,17.82764584201104,1.4616193183964685,0.5341946801779318,0,0,0,0,0.68,0
scene-0603,9,13,0.8150454674556212,0.9027986860068091,2.4190543668639055,0.7847349821249652,0.5577117539316735,0,0,0,0,0.12,0
scene-0603,10,13,5.008426290394103,2.2379513601493,16.344040943189096,1.2524950962908639,1.0128296290063834,0,0,0,0,0.44,0
scene-0603,11,13,4.600568508269272,2.1448935890316965,14.948732075285054,1.2155457358510957,1.1834839347898558,0,0,0,0,0.36,0
scene-0603,12,13,1.1952515225501328,1.0932755931374911,3.8222634102511828,0.755591033729091,0.5924262141235374,0,0,0,0,0.08,0
scene-0603,13,13,1.6400093712382133,1.2806285063351563,5.2576570528926885,0.6360489309054247,0.47249053130028634,0,0,0,0,0.04,0
scene-0603,14,13,10.336759059432088,3.215083056381606,34.00806117531681,1.7620825455377742,1.2897291709606917,0,0,0,0,0.8,1
scene-0603,15,13,4.597512343517923,2.1441810426169527,14.98247483229395,0.8522722674898184,0.41225480616483773,0,0,0,0,0.16,0
scene-0603,16,13,4.471175083717266,2.1145153306886346,14.552519616880373,1.004065512684229,0.8121104516365648,0,0,0,0,0.28,0
scene-0603,17,13,5.586562383232355,2.363590993220349,17.455008841167885,0.96967387128242,0.6687848519732293,0,0,0,0,0.24,0
scene-0603,18,13,0.30406205180492396,0.5514182186008402,0.9599631683531484,0.4043680932818211,0.20300113003533746,0,0,0,0,0.0,0
scene-0603,19,13,4.775661143321835,2.1853286122050006,15.681413408988792,1.1222218304134992,0.3589515670555751,0,0,0,0,0.32,0
scene-0603,20,13,4.638397584875343,2.1536939394619985,15.111619006754978,1.2621822205700572,0.2001180048698381,0,0,0,0,0.48,0
scene-0603,21,13,1.2518242491107807,1.1188495203157487,3.6952489630190635,0.9567553012900673,0.36719371609765156,0,0,0,0,0.2,0
scene-0603,22,13,4.319799400889475,2.0784127118764153,13.736536425540253,1.269441186231749,0.46208446817209853,0,0,0,0,0.56,0
scene-0603,23,13,5.347385655333568,2.312441492304955,16.1169097486266,1.4679378504658978,0.577321186563026,0,0,0,0,0.72,0
scene-0603,24,13,4.209636237695634,2.0517398075037767,13.235875563503118,1.2299903987060956,0.43894732846336826,0,0,0,0,0.4,0
scene-0603,25,13,6.00622232175954,2.4507595397671187,19.103797791251875,1.3991496659315639,0.7600694639728115,0,0,0,0,0.64,0
scene-0604,0,13,1.5349158139441872,1.238917194143413,4.5698317625844,1.1148157664513143,0.7813818033615293,0,0,0,0,0.88,1
scene-0604,1,13,0.6210397316457846,0.7880607410890258,1.7676820242814815,0.6185915186233445,0.38828582351542673,0,0,0,0,0.44,0
scene-0604,2,13,0.09154164620388977,0.30255850046543026,0.24810263551219705,0.6044400487994802,0.5615615217974153,0,0,0,0,0.4,0
scene-0604,3,13,0.2774653439563699,0.5267497925546529,0.924500712350502,0.6689973594913207,0.577460360781093,0,0,0,0,0.48,0
scene-0604,4,13,0.31712990639397143,0.5631428827517679,1.0451775745115024,0.9151211764644192,0.8311892605144061,0,0,0,0,0.68,0
scene-0604,5,13,0.20480857929117022,0.45255781872725415,0.7772352332680839,0.9927097834903154,0.9641841808762134,0,0,0,0,0.8,1
scene-0604,6,13,0.6946575744860722,0.8334612015481417,2.638762384268036,0.7827978725351771,0.5721043944144678,0,0,0,0,0.56,0
scene-0604,7,13,0.4814430940584442,0.6938610048550389,1.5541082559485089,0.893792129864964,0.8073373602131076,0,0,0,0,0.64,0
scene-0604,8,13,1.910705595973645,1.3822827482008322,6.662279232168488,1.443623139738218,1.1234219894733684,0,0,0,0,0.96,1
scene-0604,9,13,2.305333998678554,1.5183326376912782,8.881987621337784,1.132535816694201,0.9803019752228496,0,0,0,0,0.92,1
scene-0604,10,13,0.8357546453204115,0.9141961744179482,2.8820548055011916,0.9746901937330524,0.6951601807709263,0,0,0,0,0.76,0
scene-0604,11,13,0.27298637604634796,0.5224809815164069,1.005184642787084,0.9444763020299554,0.8307677335971108,0,0,0,0,0.72,0
scene-0604,12,13,0.5099519706131815,0.7141092147656278,1.72686387165658,0.5054088286683045,0.3888878525588358,0,0,0,0,0.16,0
scene-0604,13,13,0.28344452396448505,0.532395082588565,1.0810002267019396,0.445946797008575,0.31211957731657947,0,0,0,0,0.04,0
scene-0604,14,13,0.09716356910582742,0.31171071381302795,0.3609248343257046,0.4575112160146284,0.4023949181849062,0,0,0,0,0.12,0
scene-0604,15,13,0.7110546492129828,0.8432405642596795,2.6522805279088155,0.7666962893840216,0.5611652157048722,0,0,0,0,0.52,0
scene-0604,16,13,0.6218611175541967,0.7885817126678736,2.2569077033788254,0.5900104817905307,0.29708872001786685,0,0,0,0,0.36,0
scene-0604,17,13,0.4354921912243143,0.659918321631029,1.381200310034429,0.4558722865151021,0.21985531456373078,0,0,0,0,0.08,0
scene-0604,18,13,0.6063343527363682,0.7786747412985529,2.103216300220374,0.5093966905370251,0.34500031065539644,0,0,0,0,0.2,0
scene-0604,19,13,0.16281344528564964,0.4035014811443071,0.5058282165164409,0.2711411449747492,0.10712921000350069,0,0,0,0,0.0,0
scene-0604,20,13,2.9768455787462837,1.7253537546678026,12.560992414208176,0.5543585912509387,0.30195237688759785,0,0,0,0,0.28,0
scene-0604,21,13,0.2662192138733655,0.5159643532971687,1.0125499966363116,0.5577023018766176,0.5084513574585711,0,0,0,0,0.32,0
scene-0604,22,13,4.132143671371451,2.0327674907306665,16.19908528406713,0.8680748555971912,0.663334864728149,0,0,0,0,0.6,0
scene-0604,23,13,14.44685218653605,3.8009014965578958,53.0733157042157,1.5067074248227716,0.9026455744335781,0,0,0,0,1.0,1
scene-0604,24,13,0.45574999545845474,0.6750925828791594,1.4308675697237025,0.5373110311265626,0.2334289556740852,0,0,0,0,0.24,0
scene-0604,25,13,3.1410780883206093,1.7723086887787378,11.107492861567719,1.0482726751595843,0.2191797590416367,0,0,0,0,0.84,1
scene-0606,0,13,7.558191825040879,2.7492165838727365,23.990341373785164,1.7742036102450138,0.90432936887025,0,0,0,0,0.48,0
scene-0606,1,13,9.99419658569159,3.1613599266283474,31.909575374566465,2.2698718205320167,0.34395953352895875,0,0,0,1,0.88,1
scene-0606,2,13,8.635133875516393,2.9385598301747056,27.781026244377703,2.0609623023494335,0.24913309979489592,0,0,0,0,0.6,0
scene-0606,3,13,8.888865532684152,2.9814200530425348,28.188898259444077,2.10152430998943,0.18764354281031068,0,0,0,1,0.64,0
scene-0606,4,13,10.750224079537835,3.2787534337820885,33.08721309455263,2.478661523710037,0.37703851417148276,0,0,1,1,0.96,1
scene-0606,5,13,7.020955595824184,2.6497085869627597,20.662105338714852,1.9506732919055334,0.8311651510302814,0,0,0,0,0.56,0
scene-0606,6,13,9.259679881442564,3.042972211743407,27.115429372238683,2.1874317918458748,0.30126963759308384,0,0,0,1,0.76,0
scene-0606,7,13,10.028127319183087,3.1667218569339313,30.719399084271892,2.2227809895866475,0.2276470849429303,0,0,0,1,0.8,1
scene-0606,8,13,7.413876712272299,2.7228434975724,22.071209050837677,2.11647722980134,1.2152416717868062,0,0,0,1,0.68,0
scene-0606,9,13,5.559254124666322,2.3578070584053994,16.445895350208144,1.7711055525774333,1.081444193971434,0,0,0,0,0.44,0
scene-0606,10,13,8.009086106939172,2.830032880893643,24.23779467104919,2.4727314839965238,1.6196144342583219,0,0,1,1,0.92,1
scene-0606,11,13,11.858188714608135,3.4435720864544326,30.06737614712993,2.577603873082207,0.6846927822975418,0,1,1,1,1.0,1
scene-0606,12,13,9.348614743327234,3.0575504482064124,25.7169525634918,2.223392909758819,1.2763391370992043,0,0,0,1,0.84,1
scene-0606,13,13,7.634691560504279,2.763094562352921,19.153147975116223,1.9025980607240547,0.8948979005003231,0,0,0,0,0.52,0
scene-0606,14,13,8.126397888815553,2.85068375812112,20.7853982488391,2.1237273474274767,1.6545606350008581,0,0,0,1,0.72,0
scene-0606,15,13,3.2972530577351216,1.8158339840786992,8.086712468201945,1.0879271129729267,0.7548557280672984,0,0,0,0,0.28,0
scene-0606,16,13,3.6317816043449125,1.905723380856968,7.3130852027149205,1.2064887746789812,0.22809767651028648,0,0,0,0,0.32,0
scene-0606,17,13,3.3586224707919388,1.832654487564947,7.189129873429379,1.2545416558618376,0.9513696256635352,0,0,0,0,0.36,0
scene-0606,18,13,4.137613704404399,2.034112510262006,8.088395269568924,1.4372183088556094,1.1411365592091423,0,0,0,0,0.4,0
scene-0606,19,13,1.3176423789962135,1.1478860479142576,2.6122120789698187,0.8005590032691369,0.6730815927186734,0,0,0,0,0.2,0
scene-0606,20,13,1.2070861378801072,1.098674718868195,2.421510941486374,0.6775577509483705,0.6319912953454833,0,0,0,0,0.16,0
scene-0606,21,13,0.5183310710059358,0.7199521310517358,0.862161985394033,0.3619572287832833,0.3602451931262792,0,0,0,0,0.12,0
scene-0606,22,13,1.5866852693718572,1.2596369593545027,3.384291802500727,0.8788521825933121,0.8766826235809079,0,0,0,0,0.24,0
scene-0606,23,13,0.22149424480117083,0.4706317507363595,0.3498195849134411,0.2039931949272421,0.17646172315214217,0,0,0,0,0.08,0
scene-0606,24,13,0.1426775665705988,0.3777268412101512,0.3386501759618415,0.10210982351050862,0.09802152466421911,0,0,0,0,0.04,0
scene-0606,25,13,0.06464153166578471,0.2542469894920778,0.15343400014825448,0.06943301676897548,0.06605414466248638,0,0,0,0,0.0,0
scene-0607,0,13,3.573724900646956,1.8904298190218425,11.622989118646927,1.7116514189150918,1.5567587399698652,0,0,0,0,0.72,0
scene-0607,1,13,2.0784999730169447,1.4417003756040798,7.115641755918144,1.8060274311221438,1.5799496638144255,0,0,0,0,0.84,1
scene-0607,2,12,5.582709148521071,2.362775729628411,17.17140765407991,2.0576076543446598,1.631665086183516,0,0,0,0,0.96,1
scene-0607,3,13,4.254978823586808,2.0627600014511644,12.97304282227593,1.390925334655241,1.2081487828380155,0,0,0,0,0.28,0
scene-0607,4,13,0.8019429077314841,0.895512650793658,2.6062053073239677,0.7762096279798019,0.6821022939003806,0,0,0,0,0.0,0
scene-0607,5,13,3.406645281191217,1.8457099667041994,10.828897622086789,1.0177592719296582,0.9308901941372283,0,0,0,0,0.08,0
scene-0607,6,13,0.8174805088193219,0.904146287289464,2.615136420360781,0.7948850324648131,0.6101852653485863,0,0,0,0,0.04,0
scene-0607,7,13,2.62109305600922,1.6189790165438278,8.439659743582096,1.499016479133603,1.4660408803341358,0,0,0,0,0.44,0
scene-0607,8,13,1.2301550421014256,1.1091235468158747,4.137771619564673,1.717504895201266,1.709343179324275,0,0,0,0,0.76,0
scene-0607,9,13,2.7869612323092325,1.6694194297147833,9.042660366533958,1.660444790822475,1.6581773452836872,0,0,0,0,0.6,0
scene-0607,10,13,1.6911700274564758,1.3004499326988623,5.402588358481113,1.640686396768992,1.6373311017496235,0,0,0,0,0.56,0
scene-0607,11,13,1.7027164490296987,1.3048817758822822,5.510777268263207,1.2995873487248504,1.220090938982378,0,0,0,0,0.2,0
scene-0607,12,13,7.918706303498701,2.8140195989897974,26.29201431798611,1.8404490488075267,1.65785960720509,0,0,0,0,0.88,1
scene-0607,13,13,8.451019299926001,2.907063690380037,27.661711404936188,1.9580467803082453,1.8440443303437883,0,0,0,0,0.92,1
scene-0607,14,13,6.073745709803085,2.464497050069869,20.032625373101215,1.5664614895945719,1.4902632021314721,0,0,0,0,0.52,0
scene-0607,15,13,5.987134876712875,2.4468622512746556,19.444982079606074,1.167713634028811,0.7657834998403468,0,0,0,0,0.16,0
scene-0607,16,13,7.284513393102652,2.698983770440766,23.700795105999266,1.522797244999329,0.7341809462538781,0,0,0,0,0.48,0
scene-0607,17,13,6.553023331138276,2.5598873668851674,20.489947834549803,1.4422987542533479,0.7918335917840599,0,0,0,0,0.4,0
scene-0607,18,13,5.594580627365154,2.365286584616155,17.722868331485746,1.4202249432468952,0.2812857140577458,0,0,0,0,0.32,0
scene-0607,19,13,5.875564172548356,2.4239563058249125,17.99916685873455,1.4241890828909562,0.2560255541045269,0,0,0,0,0.36,0
scene-0607,20,13,2.067449403534448,1.4378627902322418,6.539686644003289,1.0231200461157732,0.3168264355218922,0,0,0,0,0.12,0
scene-0607,21,13,3.1107821044307067,1.763740940283098,10.067035481839428,1.3670431730681742,0.625174509301615,0,0,0,0,0.24,0
scene-0607,22,13,5.874291836493644,2.4236938413284883,19.106928658077486,1.6732089863440778,0.06959027661890256,0,0,0,0,0.64,0
scene-0607,23,13,5.5854729994426355,2.363360530990275,18.08763051878175,1.6869832727316405,0.23963547704844587,0,0,0,0,0.68,0
scene-0607,24,13,5.5184316626346295,2.3491342368273953,17.845097139824485,1.781538127219307,0.4907841888270368,0,0,0,0,0.8,1
scene-0607,25,13,17.053714816894956,4.129614366607972,41.36285924905902,2.765761742380676,0.7492505709297781,0,1,1,1,1.0,1
scene-0608,0,13,1.3513313609467452,1.1624677892082624,4.403476331360945,0.2730704052528077,0.2692696492255105,0,0,0,0,0.56,0
scene-0608,1,13,1.3513313609467454,1.1624677892082624,4.403476331360946,0.2725219809101889,0.2692586812062767,0,0,0,0,0.52,0
scene-0608,2,13,0.10798816568047331,0.3286155286660588,0.4437869822485204,0.06697090867103729,0.06469736705378616,0,0,0,0,0.32,0
scene-0608,3,13,0.034023668639053255,0.18445505858895075,0.15976331360946744,0.03455386116322584,0.03299143424183673,0,0,0,0,0.24,0
scene-0608,4,13,0.0,0.0,0.0,0.0022744273429018075,0.002274427342901808,0,0,0,0,0.2,0
scene-0608,5,13,0.0,0.0,0.0,0.00187946319889819,0.0018794631988981899,0,0,0,0,0.16,0
scene-0608,6,13,0.9420836857461582,0.9706099555156841,3.187471687804517,0.2930207688463822,0.06743770591646979,0,0,0,0,0.6,0
scene-0608,7,13,0.0,0.0,0.0,0.0013888383298515346,0.0013888383298515346,0,0,0,0,0.12,0
scene-0608,8,13,0.049792899408284,0.22314322622092744,0.2430177514792898,0.03895034298486138,0.03822393595316515,0,0,0,0,0.28,0
scene-0608,9,13,4.292159763313609,2.071752823894204,14.418639053254434,0.47209625414955547,0.4711552720580818,0,0,0,0,0.64,0
scene-0608,10,13,1.1643491124260346,1.0790500972735393,3.994082840236682,0.24375599464973266,0.24295046563256015,0,0,0,0,0.48,0
scene-0608,11,13,0.0,0.0,0.0,0.0007492366967873732,0.0007492366967873733,0,0,0,0,0.08,0
scene-0608,12,13,0.1416568047337278,0.3763732253146175,0.5767455621301776,0.07367745565227894,0.07318814518945348,0,0,0,0,0.36,0
scene-0608,13,13,0.0,0.0,0.0,0.0005488279457309868,0.0005488279457309869,0,0,0,0,0.04,0
scene-0608,14,13,0.0,0.0,0.0,0.0004908457328595594,0.0004908457328595593,0,0,0,0,0.0,0
scene-0608,15,13,0.23899408284023668,0.48887021062878916,0.8208284023668639,0.11618551598414625,0.09523101525153406,0,0,0,0,0.4,0
scene-0608,16,13,0.10798816568047331,0.3286155286660588,0.4437869822485204,0.14578783325424907,0.07397669579565554,0,0,0,0,0.44,0
scene-0608,17,13,6.800064102564103,2.6076932531576835,22.12542159763314,1.5904160197432435,1.2048030503090015,0,0,0,0,0.72,0
scene-0608,18,13,6.408128698224853,2.53142819337718,21.10005177514793,1.7076718264304052,0.8800678328945205,0,0,0,0,0.76,0
scene-0608,19,13,3.4404930966469434,1.8548566242831124,11.437581360946748,1.5631631883635266,0.7759778540934116,0,0,0,0,0.68,0
scene-0608,20,13,5.683683431952662,2.3840476991773176,18.774963017751478,2.1818540107766005,1.3593079732923732,0,0,0,1,0.8,1
scene-0608,21,13,6.610951676528598,2.5711770994096455,21.806871301775143,3.110011569739402,2.7521944335229356,1,1,1,1,0.84,1
scene-0608,22,13,8.364128668071848,2.892080335687764,25.39666791899466,3.409265848378975,3.165900724698412,1,1,1,1,0.96,1
scene-0608,23,13,14.408087415955057,3.795798653242168,42.37584962475193,3.1675075656733904,2.307918137194956,1,1,1,1,0.88,1
scene-0608,24,13,16.612975959307573,4.075901858399877,46.58985989166209,3.2971813473707594,2.4328418551991207,1,1,1,1,0.92,1
scene-0608,25,13,19.041253618299205,4.363628492241199,50.52259366756063,3.599551881211632,3.372216998373069,1,1,1,1,1.0,1
scene-0609,0,13,6.09449070321962,2.468702230569661,19.305089495082168,2.0810599925332456,2.056701895602622,0,0,0,0,1.0,1
scene-0609,1,13,4.0937027036545235,2.023290069084145,13.35442192479683,1.8197398445263415,1.8139709993138877,0,0,0,0,0.96,1
scene-0609,2,13,2.353446376306008,1.5340946438554592,8.029256424819543,1.1303491959267444,1.1115593865146132,0,0,0,0,0.56,0
scene-0609,3,13,0.1639661364303728,0.40492732240535806,0.5130229086793728,0.880135985508286,0.8671425853412735,0,0,0,0,0.28,0
scene-0609,4,13,3.1142956240649586,1.7647367010591009,10.216302532830365,0.9133136475755934,0.5961585976442355,0,0,0,0,0.32,0
scene-0609,5,13,0.7420131985630399,0.8614018798232564,2.4175547275517513,0.6011919497449015,0.30973754009463167,0,0,0,0,0.12,0
scene-0609,6,13,8.763773801580125,2.9603671734398294,27.848159804579474,1.6514862329859716,0.799095286553813,0,0,0,0,0.88,1
scene-0609,7,13,4.017998943879192,2.0044946854205405,13.036449878587954,1.2476119157566419,0.4864702029888705,0,0,0,0,0.68,0
scene-0609,8,13,7.305866248829208,2.7029365972640216,23.288173706312,1.710928002042534,0.8084029900195565,0,0,0,0,0.92,1
scene-0609,9,13,0.7947309157232709,0.8914768172663106,2.240552992810587,0.948925862457295,0.6586433826232655,0,0,0,0,0.36,0
scene-0609,10,13,5.8736324152609285,2.4235578010975782,18.484665635737308,1.4436568645984562,0.9609870310793313,0,0,0,0,0.76,0
scene-0609,11,13,0.9859659505770485,0.9929581816859402,3.079679053436946,0.7364232878251602,0.22317808564740574,0,0,0,0,0.24,0
scene-0609,12,13,0.5196737295738845,0.7208839917586494,1.6989528848116653,0.6597840386893571,0.46265431666243373,0,0,0,0,0.16,0
scene-0609,13,13,0.13942115332980926,0.3733914210715201,0.43513807572711305,0.968345589748648,0.952440234579751,0,0,0,0,0.44,0
scene-0609,14,13,0.10256449805280511,0.32025692506611797,0.3184655882154971,0.9576158580649821,0.9335287398158983,0,0,0,0,0.4,0
scene-0609,15,13,4.62083769342222,2.1496133823137176,14.97696860589676,1.5572446147045087,0.7900254207904288,0,0,0,0,0.84,1
scene-0609,16,13,7.195805966420572,2.682499947142697,21.644825247439165,1.4663713487539611,0.2569284527484376,0,0,0,0,0.8,1
scene-0609,17,13,1.2162297054218707,1.1028280488915172,3.4148511804895514,1.0429978268961095,0.6432385055143804,0,0,0,0,0.52,0
scene-0609,18,13,3.5171468890265962,1.875405793162268,11.09430075398355,1.4255318953103453,0.6439958768512989,0,0,0,0,0.72,0
scene-0609,19,13,0.6771016897471555,0.8228618898376298,2.0131301958053176,1.2154584635222798,1.1383241448919983,0,0,0,0,0.64,0
scene-0609,20,13,0.8450354683404843,0.9192581075739742,2.664400392946606,1.1486488574486493,1.0921653671033582,0,0,0,0,0.6,0
scene-0609,21,13,0.41503318490516095,0.6442306923029676,1.3547783692700728,0.7206101741391497,0.6955840721078625,0,0,0,0,0.2,0
scene-0609,22,13,1.9024075749130966,1.3792779179386208,5.502400466587485,1.0376845756891013,0.30577720900017824,0,0,0,0,0.48,0
scene-0609,23,13,0.49977765625173154,0.7069495429319772,1.3910052880456947,0.5089005368376032,0.25881237081815334,0,0,0,0,0.0,0
scene-0609,24,13,0.46587314493046383,0.6825490055156948,1.399395614351819,0.5738047968925157,0.31637897277385957,0,0,0,0,0.08,0
scene-0609,25,13,0.6770702015856925,0.8228427562941127,2.1731252349866432,0.5414697483198613,0.21744075633732138,0,0,0,0,0.04,0
scene-0610,0,13,1.3740520429946512,1.1721996600386178,4.341942362671731,0.6551613982211334,0.1876505670738137,0,0,0,0,0.16,0
scene-0610,1,13,4.52108371799214,2.1262840163045342,14.531909339730987,1.0176271935062888,0.7855353221480629,0,0,0,0,0.36,0
scene-0610,2,13,4.295804673555547,2.0726323054404867,13.864304336418144,1.3289455690028238,1.2468560309835872,0,0,0,0,0.52,0
scene-0610,3,13,2.428133441120653,1.5582469127582617,7.759522357342221,1.5909059110995198,1.5765766663704186,0,0,0,0,0.8,1
scene-0610,4,13,1.281426018498039,1.132000891562387,4.076103709702713,1.8679003482762664,1.8659197790961617,0,0,0,0,0.88,1
scene-0610,5,13,2.9703678209132107,1.72347550632819,9.6912772887115,1.9757862094313263,1.9635878907726638,0,0,0,0,0.92,1
scene-0610,6,13,3.1052722642363535,1.7621782725468935,9.99323841439673,2.5954468831401245,2.5912147979102906,0,1,1,1,1.0,1
scene-0610,7,13,3.1096855062818634,1.7634300400871772,10.120224653046735,2.2916683734772088,2.2865752871041276,0,0,0,1,0.96,1
scene-0610,8,13,1.3150383371717664,1.146751209797385,4.470223101306855,1.0137312470607713,0.9194163812895818,0,0,0,0,0.32,0
scene-0610,9,13,3.0053507931624197,1.733594760364261,9.570735648107886,1.1164578117219321,0.8635851024328739,0,0,0,0,0.48,0
scene-0610,10,13,4.436644771092086,2.106334439516215,14.327300031087693,1.1143945926934857,0.11607307845586025,0,0,0,0,0.44,0
scene-0610,11,13,6.912328781096178,2.629130803344744,22.201037347733976,1.6162492167809765,0.40984463004950983,0,0,0,0,0.84,1
scene-0610,12,13,4.608164174957263,2.146663498305513,14.335087095763129,1.4581188333755009,0.6603536524983308,0,0,0,0,0.72,0
scene-0610,13,13,3.90559514254333,1.9762578633729277,12.331761684963048,1.4335675897202806,0.6611958545124463,0,0,0,0,0.6,0
scene-0610,14,13,4.350565461913298,2.08580091617424,12.92130996538376,1.4339925289353168,0.6614483949660196,0,0,0,0,0.64,0
scene-0610,15,13,4.103936514337561,2.025817492850124,12.032037682389056,1.3733552701291716,0.5297198817841254,0,0,0,0,0.56,0
scene-0610,16,13,5.92331723160337,2.4337866035466975,17.639927220930765,1.4414046266550158,0.6291734421782923,0,0,0,0,0.68,0
scene-0610,17,13,4.331587345225412,2.0812465844357346,13.09386628500705,1.4819036028502812,0.7145190459328403,0,0,0,0,0.76,0
scene-0610,18,13,0.9293295037962598,0.9640173773310623,2.7515086183812727,0.8818018467008089,0.6688960648188282,0,0,0,0,0.28,0
scene-0610,19,13,2.9562839339361537,1.7193847544793905,9.524328990157667,1.0367708638827398,0.8527096002575157,0,0,0,0,0.4,0
scene-0610,20,13,2.342533951937151,1.530533878075605,7.665702014336564,0.8551909982490593,0.8230040600385148,0,0,0,0,0.24,0
scene-0610,21,13,0.7063234728557676,0.8404305282745074,2.187913497341225,0.5211356735660471,0.2173789642434036,0,0,0,0,0.08,0
scene-0610,22,13,2.9643322457409425,1.721723626410738,9.691198868895565,0.7501701592688517,0.6883339760685577,0,0,0,0,0.2,0
scene-0610,23,13,0.06091585726607501,0.24681137993632915,0.19502488372217122,0.4433769743036835,0.42041934595230873,0,0,0,0,0.04,0
scene-0610,24,13,0.7197740437903715,0.848394981002582,2.264974178041052,0.6386634363751624,0.25136137558972127,0,0,0,0,0.12,0
scene-0610,25,13,0.10133561909649214,0.31833256053456443,0.3129997495853536,0.3119776389708352,0.22541896502533834,0,0,0,0,0.0,0
scene-0611,0,13,2.1107397434232755,1.4528385125069048,6.76340246802014,1.5069839100098124,1.5065701591494214,0,0,0,0,0.6,0
scene-0611,1,13,3.4572412555141967,1.8593658207878827,11.364860106762851,1.1970056729470189,1.0183482965329713,0,0,0,0,0.52,0
scene-0611,2,13,0.8913847419266917,0.9441317397093966,2.8394456604507874,0.7088855578379121,0.49476260469861294,0,0,0,0,0.08,0
scene-0611,3,13,2.717419713977266,1.6484598005342035,8.47992497445124,0.8848412620441419,0.15010931405170458,0,0,0,0,0.24,0
scene-0611,4,13,3.072295429309991,1.7527964597493888,9.55125104998386,1.0093555344363623,0.2553365641752834,0,0,0,0,0.36,0
scene-0611,5,13,0.4999336002198147,0.7070598278928133,1.4703813716274694,0.6941752568297352,0.6395785849032687,0,0,0,0,0.04,0
scene-0611,6,13,2.7814030087216715,1.6677538813391115,8.665734687679135,0.9586793352895542,0.1501860045119761,0,0,0,0,0.28,0
scene-0611,7,13,0.5766196824169251,0.759354780334545,1.877796760309653,0.787324737824949,0.6922668535672628,0,0,0,0,0.12,0
scene-0611,8,13,3.3044016160902907,1.8178013137002325,10.437400738478356,1.1132921619541192,0.331222700834022,0,0,0,0,0.48,0
scene-0611,9,13,2.1707094200313337,1.4733327594373695,6.886322602235941,0.8246807964429957,0.21862839436198733,0,0,0,0,0.16,0
scene-0611,10,13,2.6449328699077177,1.6263249582748578,8.573750933897978,0.8418039373458932,0.3741064872616735,0,0,0,0,0.2,0
scene-0611,11,13,2.881697349543233,1.6975562875920294,9.15626227361241,0.9850098688990416,0.9132391986048193,0,0,0,0,0.32,0
scene-0611,12,13,0.4351803977049286,0.6596820428850012,1.2979095252371187,0.49617486646816705,0.24021031528991887,0,0,0,0,0.0,0
scene-0611,13,13,1.17554783311221,1.084226836557835,3.799236576260005,1.0597424423761679,0.8455523297644877,0,0,0,0,0.44,0
scene-0611,14,13,2.9073893214990147,1.7051068358020898,8.505537869822488,1.0332225138814666,0.44421050065913664,0,0,0,0,0.4,0
scene-0611,15,13,0.8247906027069739,0.9081798294979766,2.592079527842758,1.2100913208752477,0.9891352825570291,0,0,0,0,0.56,0
scene-0611,16,13,1.2367900308900541,1.112110619898063,3.9273790110081723,1.9137598532110733,1.7136247372497948,0,0,0,0,0.72,0
scene-0611,17,13,2.6409888025560417,1.625111935392772,8.414035818657847,2.7087896421160687,2.3970808798090677,0,1,1,1,0.88,1
scene-0611,18,13,1.6001564195836135,1.2649728928256185,5.062229465065771,2.970914407506614,2.8152235422196603,0,1,1,1,0.96,1
scene-0611,19,13,3.300123386363012,1.816624173119749,11.414037809678605,2.784716038330235,2.5778386992721347,0,1,1,1,0.92,1
scene-0611,20,13,3.663493247793379,1.9140254041661462,12.626665102972613,2.681704575281318,2.453189894645118,0,1,1,1,0.84,1
scene-0611,21,13,4.494413230044887,2.120003120291309,14.740503965510012,2.97476905758179,2.740641147398186,0,1,1,1,1.0,1
scene-0611,22,13,4.322333375295629,2.079022216162114,13.919737024316957,2.67715774895568,2.429264047311587,0,1,1,1,0.8,1
scene-0611,23,13,4.110548325970993,2.027448723388829,13.205356147794406,2.3540750636454595,2.151054284390754,0,0,1,1,0.76,0
scene-0611,24,13,1.362166860202783,1.1671190428584322,4.356323100412327,1.9098815168929646,1.8289045037263065,0,0,0,0,0.64,0
scene-0611,25,13,1.5312642045231204,1.2374426065572175,5.124792270054172,1.9109744863731137,1.6964215003300531,0,0,0,0,0.68,0
scene-0612,0,13,0.5236030241198593,0.7236041902309986,1.633034551266765,0.5669544258785927,0.3516937914922247,0,0,0,0,0.15384615384615385,0
scene-0612,1,13,0.15275185811823236,0.39083482203896874,0.46572030066716236,0.7947882216395328,0.7705412230692931,0,0,0,0,0.3076923076923077,0
scene-0612,2,13,0.367211962913115,0.6059801670955205,1.1709513646548242,1.413280766195208,1.3729545544944692,0,0,0,0,0.5,0
scene-0612,3,13,0.4179223452210157,0.6464691370986055,1.2587340096867157,1.7072269790462835,1.6850162848902857,0,0,0,0,0.6538461538461539,0
scene-0612,4,13,5.641542408647147,2.375193130810029,17.305992664446165,2.5379706945980605,1.7567567375962927,0,0,1,1,0.7692307692307693,0
scene-0612,5,13,3.2742737122794057,1.8094954303007802,9.74918145240667,2.6089303491443014,2.448745439198262,0,1,1,1,0.8461538461538461,1
scene-0612,6,13,3.4776811917539514,1.8648542012055396,10.088733284994763,2.5386953874835894,2.209728272829227,0,0,1,1,0.8076923076923077,1
scene-0612,7,13,10.66588310564037,3.2658663637142857,31.343319660688273,3.191526577436883,1.9258178926459617,1,1,1,1,0.9230769230769231,1
scene-0612,8,13,7.223213178368565,2.6876036125828833,19.380933229363695,3.506198335254176,2.6387865983127057,1,1,1,1,1.0,1
scene-0612,9,13,6.626893876721209,2.5742754080947146,20.821489894763467,3.1343472250617235,2.615542859866041,1,1,1,1,0.8846153846153846,1
scene-0612,10,13,4.341935591829851,2.0837311707199304,13.916479884989299,3.3694929896938457,3.089536613844572,1,1,1,1,0.9615384615384616,1
scene-0612,11,13,1.3753801228057696,1.172766013664179,4.837808722309183,1.5103045034898626,1.3509926443701188,0,0,0,0,0.5384615384615384,0
scene-0612,12,13,0.28842086660444105,0.5370482907564654,1.022528287796384,1.405554294593359,1.3662651242211938,0,0,0,0,0.46153846153846156,0
scene-0612,13,13,1.7719588136632776,1.3311494332580687,5.6984308825104,2.2084073333715066,2.0942860320289225,0,0,0,1,0.6923076923076923,0
scene-0612,14,13,1.190319211188771,1.0910175118616434,4.22369188016202,2.3015483560826007,2.2304183685491217,0,0,1,1,0.7307692307692307,0
scene-0612,15,13,1.439676080117555,1.1998650257914658,5.191433067152814,1.5668727956482404,1.495249812739359,0,0,0,0,0.6153846153846154,0
scene-0612,16,13,1.4631129786313226,1.2095920711675165,4.673873429368879,1.330750008080135,1.229149093097144,0,0,0,0,0.4230769230769231,0
scene-0612,17,13,0.4073680286118244,0.6382538904008532,1.347677000754923,1.5285969625160793,1.5111793024941076,0,0,0,0,0.5769230769230769,0
scene-0612,18,13,1.6303046712025646,1.2768338463569036,5.162848434717857,1.2701198527458861,0.9005973987963624,0,0,0,0,0.38461538461538464,0
scene-0612,19,13,0.7680426889478958,0.8763804476070286,2.125013760269897,0.6230874437058553,0.3930772644416333,0,0,0,0,0.23076923076923078,0
scene-0612,20,13,0.34139012769177285,0.5842859981993175,0.9890103678446395,0.5073468733145174,0.3264783332215777,0,0,0,0,0.038461538461538464,0
scene-0612,21,13,0.20251561159167572,0.45001734587866243,0.6364364091623149,0.4113793336346006,0.25272160335502364,0,0,0,0,0.0,0
scene-0612,22,13,0.05442172124382446,0.2332846356788729,0.18525919667923396,0.5317523405695173,0.5221609266133337,0,0,0,0,0.11538461538461539,0
scene-0612,23,13,2.0004391246604616,1.4143688078646466,5.790822209552231,0.6959291374778321,0.2937089630458574,0,0,0,0,0.2692307692307692,0
scene-0612,24,13,0.3454949667313068,0.5877881988703982,0.9353797247026615,0.5149504829255409,0.32864684066560745,0,0,0,0,0.07692307692307693,0
scene-0612,25,13,0.07622508453839866,0.27608890694556826,0.21028237068408,0.594844159614097,0.5882348942129147,0,0,0,0,0.19230769230769232,0
scene-0612,26,13,0.4357499794430953,0.6601136110118434,1.5233384024767338,0.8466200292134665,0.7946659001484608,0,0,0,0,0.34615384615384615,0
scene-0613,0,13,0.3516400368658583,0.5929924425031556,1.0504425831998012,0.6048766948882517,0.3927975880192421,0,0,0,0,0.44,0
scene-0613,1,13,0.16670866806215176,0.4082997282170927,0.48615894630418777,0.6554819119279004,0.5807330488501915,0,0,0,0,0.56,0
scene-0613,2,13,0.46098810325263573,0.6789610469332065,1.423001342724154,0.6083997284080623,0.4148646331979657,0,0,0,0,0.52,0
scene-0613,3,13,0.6757728742886444,0.8220540580087445,2.1662156084255746,0.8106393826250593,0.5656885719058165,0,0,0,0,0.72,0
scene-0613,4,13,4.325940771222549,2.0798896055374065,13.796850486328298,1.0538841150812237,0.19025674168411708,0,0,0,0,0.96,1
scene-0613,5,13,0.5722246248877249,0.7564553026370592,1.6097502616727368,0.554561895088138,0.1824420916269109,0,0,0,0,0.4,0
scene-0613,6,13,3.951544102415989,1.9878491145999964,12.706645919995397,0.8617326139205386,0.36181664681697673,0,0,0,0,0.8,1
scene-0613,7,13,0.1704155788308176,0.41281421830021503,0.4413285850323118,0.4167605427780962,0.2667050746001997,0,0,0,0,0.28,0
scene-0613,8,13,2.8035030374608474,1.6743664585331515,9.14383214039757,0.7121073239145664,0.6930296853216965,0,0,0,0,0.6,0
scene-0613,9,13,0.28051185089638925,0.529633695016083,0.9307033997377382,0.31332205619139536,0.22003253258708755,0,0,0,0,0.12,0
scene-0613,10,13,0.2258458596597892,0.47523242698682633,0.7400873212700435,0.3172895472962403,0.30525460370905977,0,0,0,0,0.16,0
scene-0613,11,13,0.1602242233263715,0.4002801810312016,0.5450157351966832,0.2893835644225006,0.19574289663585062,0,0,0,0,0.08,0
scene-0613,12,13,1.5841639169609802,1.258635736407075,5.153778560341816,0.6060318607114835,0.5105960214117883,0,0,0,0,0.48,0
scene-0613,13,13,0.06046571864809545,0.245897780892987,0.19725194330214915,0.22665608154770694,0.20732258278626084,0,0,0,0,0.0,0
scene-0613,14,13,0.12984617830566977,0.360341752098851,0.42661440009316964,0.264256190381848,0.20376953457935318,0,0,0,0,0.04,0
scene-0613,15,13,0.15703214608982774,0.39627281775290585,0.5121532835248002,0.3296922247620996,0.2299119220686252,0,0,0,0,0.2,0
scene-0613,16,13,0.2287560036676772,0.4782844380362769,0.7447437967969768,0.4271439714532504,0.29316633516172075,0,0,0,0,0.32,0
scene-0613,17,13,0.24465392953744688,0.49462503933529983,0.7691763571507668,0.41111589590878334,0.21742266288527842,0,0,0,0,0.24,0
scene-0613,18,13,0.17192662264543232,0.41464035337317606,0.5616165563472284,0.4414758543967049,0.31100609053832223,0,0,0,0,0.36,0
scene-0613,19,13,0.6733176286115027,0.8205593388728829,2.11331555021519,0.7165500048284552,0.38113541679867047,0,0,0,0,0.64,0
scene-0613,20,13,0.8986941749910935,0.9479948180191142,2.7009546110147875,0.7597285364505292,0.3318266187162076,0,0,0,0,0.68,0
scene-0613,21,13,2.7448425515501422,1.6567566361871444,8.255902864307284,1.2188449923667621,0.6172118370856787,0,0,0,0,1.0,1
scene-0613,22,13,1.0947178801979227,1.0462876660832443,3.032990169047889,0.9047846200681775,0.4306168986806272,0,0,0,0,0.84,1
scene-0613,23,13,0.7688817552036901,0.8768590281246411,2.161181561973372,0.9255181846531021,0.7575380832362297,0,0,0,0,0.88,1
scene-0613,24,13,0.761034053055529,0.8723726572145237,2.3277396991447086,0.9977480083164981,0.7906925272231895,0,0,0,0,0.92,1
scene-0613,25,13,0.47112547070763156,0.6863858031075756,1.4399321196396704,0.8527355743078038,0.6809209621513489,0,0,0,0,0.76,0
scene-0614,0,13,1.8703474689991963,1.367606474465223,4.59539383145894,1.4579213967930225,1.2169670176835934,0,0,0,0,0.48,0
scene-0614,1,13,2.720806581341572,1.6494867630088978,7.012565127651952,1.8626515922336937,1.260426352034931,0,0,0,0,0.84,1
scene-0614,2,13,3.409021835590758,1.8463536594029752,9.839740942337976,2.417717058611833,1.8749890890459309,0,0,1,1,1.0,1
scene-0614,3,13,2.67739139736346,1.6362736315676116,7.767356200668926,2.2062830978007586,1.820626327625882,0,0,0,1,0.88,1
scene-0614,4,13,2.2290956832128,1.4930156339478835,7.27558613232574,1.8284734421932436,1.6129473043281344,0,0,0,0,0.8,1
scene-0614,5,13,1.0090824914396372,1.0045309808261949,3.503860565614368,1.3745937404109474,1.2365106609156604,0,0,0,0,0.36,0
scene-0614,6,13,2.6969592868982004,1.6422421523326578,9.463683735262428,1.6680961773135852,1.560447365674018,0,0,0,0,0.68,0
scene-0614,7,13,0.5547091000867637,0.7447879564592621,1.8186154334817777,1.0190854639655451,0.890660121684097,0,0,0,0,0.04,0
scene-0614,8,13,1.0734782139461878,1.036087937361587,3.486404589584984,1.3566433539496845,1.2887523911597512,0,0,0,0,0.32,0
scene-0614,9,13,2.0655395070037237,1.4371984925554728,6.892697041018157,2.210039074575148,2.1368447026187414,0,0,0,1,0.92,1
scene-0614,10,13,2.7587666526809147,1.6609535371830588,9.214185826634967,2.229070532391078,2.127289270263225,0,0,0,1,0.96,1
scene-0614,11,13,0.7672666113427214,0.8759375613265602,2.7188517558600926,1.4902122852475717,1.385465136921799,0,0,0,0,0.56,0
scene-0614,12,13,1.7911197707410202,1.3383272285734233,5.81956111361788,1.4114662248026795,1.3255494164991266,0,0,0,0,0.44,0
scene-0614,13,13,0.6127203150963574,0.7827645336219299,2.0035080571810777,1.1402231637999887,1.100062443585712,0,0,0,0,0.12,0
scene-0614,14,13,0.7411595561476624,0.8609062412061271,2.26493246592596,1.1728234189799271,1.0383581253075704,0,0,0,0,0.16,0
scene-0614,15,13,3.178559728122199,1.7828515720951643,10.398375806799068,1.6199707175884883,1.2693777520439642,0,0,0,0,0.64,0
scene-0614,16,13,1.492702242666099,1.2217619418962513,4.963717521862405,1.501995872916831,1.4028098043790223,0,0,0,0,0.6,0
scene-0614,17,13,0.8700388231637382,0.9327587164769559,2.796116534172779,1.2955262471900042,1.270374267581886,0,0,0,0,0.28,0
scene-0614,18,13,4.3696615519179725,2.090373543632327,13.978219932560743,1.4619832766815566,1.2691640066860153,0,0,0,0,0.52,0
scene-0614,19,13,4.562755341285344,2.13606070636706,14.916425180997928,1.3772391330465048,1.0909939779436284,0,0,0,0,0.4,0
scene-0614,20,13,6.837010154392206,2.6147677056274437,22.59389074747381,1.8140087556115814,1.1326263735703312,0,0,0,0,0.76,0
scene-0614,21,13,3.4406934756959635,1.8549106381968818,11.201507077749831,1.1374640527651065,0.8071174294385647,0,0,0,0,0.08,0
scene-0614,22,13,0.38470800451213805,0.6202483409991018,1.2053827729320146,0.7900874564400628,0.6471375408436669,0,0,0,0,0.0,0
scene-0614,23,13,5.849387731239425,2.4185507501889276,19.28008741445284,1.7220209573566,0.48675664964251864,0,0,0,0,0.72,0
scene-0614,24,13,2.3203995193376774,1.5232857641748239,7.44878116952495,1.2239801745417234,0.3274648679601944,0,0,0,0,0.24,0
scene-0614,25,13,3.4269085142297926,1.8511911068903157,10.296689093450311,1.203811524924916,0.1837037538751306,0,0,0,0,0.2,0
scene-0615,0,13,3.0646268116625794,1.7506075550112823,5.606622933630201,1.2557173555419827,1.2553739808001325,0,0,0,0,1.0,1
scene-0615,1,13,2.6736067448148275,1.6351167373661208,5.732792065728912,1.0275482816085757,1.0257374858584156,0,0,0,0,0.96,1
scene-0615,2,13,1.398048560658849,1.1823910354273028,2.989979817540302,0.8075890560957691,0.805239702105113,0,0,0,0,0.92,1
scene-0615,3,13,0.7867962596440069,0.887015366069837,1.7981628312926743,0.5258355945152144,0.5231891642948024,0,0,0,0,0.88,1
scene-0615,4,13,0.20991338734488885,0.45816305759509773,0.49013595102351637,0.25243990918935244,0.2507067229302447,0,0,0,0,0.72,0
scene-0615,5,13,0.30621301775147963,0.5533651757668525,1.437869822485209,0.0981602613943341,0.09686641462805508,0,0,0,0,0.52,0
scene-0615,6,13,0.0,0.0,0.0,0.0017935195132124937,0.0017935195132124937,0,0,0,0,0.4,0
scene-0615,7,13,0.0,0.0,0.0,0.0015262481506702168,0.0015262481506702168,0,0,0,0,0.36,0
scene-0615,8,13,0.010976331360946745,0.10476798824520181,0.03994082840236687,0.02364404156000904,0.02256303120515069,0,0,0,0,0.44,0
scene-0615,9,13,2.227186094674556,1.4923759897139044,7.100591715976329,0.3322513428674493,0.33128773123047833,0,0,0,0,0.8,1
scene-0615,10,13,1.0725391678872358,1.035634669121904,3.8682618850011994,0.2232273508928339,0.22228583765101959,0,0,0,0,0.64,0
scene-0615,11,13,0.8787483024985671,0.937415757547614,3.3519692523827507,0.264138096726767,0.24337571677427863,0,0,0,0,0.76,0
scene-0615,12,13,0.29933435913321027,0.547114575873473,0.19956717863044515,0.16464658119931658,0.15053280459335275,0,0,0,0,0.6,0
scene-0615,13,13,0.0,0.0,0.0,0.0006029768981322444,0.0006029768981322443,0,0,0,0,0.32,0
scene-0615,14,13,1.97457041853216,1.4051940857163325,6.75539511097936,0.44882860907793926,0.3723798141293855,0,0,0,0,0.84,1
scene-0615,15,13,0.0,0.0,0.0,0.00044429547009549805,0.00044429547009549805,0,0,0,0,0.28,0
scene-0615,16,13,0.049792899408284,0.22314322622092744,0.2430177514792898,0.03818162064153227,0.03794693301622151,0,0,0,0,0.48,0
scene-0615,17,13,0.0,0.0,0.0,0.0003262485008049099,0.00032624850080490987,0,0,0,0,0.24,0
scene-0615,18,13,0.0,0.0,0.0,0.0002794940060954231,0.0002794940060954231,0,0,0,0,0.2,0
scene-0615,19,13,0.0,0.0,0.0,0.00023935340049709104,0.000239353400497091,0,0,0,0,0.16,0
scene-0615,20,13,0.0,0.0,0.0,0.0002047618229208933,0.00020476182292089335,0,0,0,0,0.12,0
scene-0615,21,13,0.0,0.0,0.0,0.00018313034330071787,0.0001831303433007179,0,0,0,0,0.08,0
scene-0615,22,13,0.33902366863905326,0.5822573903687727,1.6020710059171595,0.10079031664417837,0.10069142677512703,0,0,0,0,0.56,0
scene-0615,23,13,0.0,0.0,0.0,0.000135634277438602,0.000135634277438602,0,0,0,0,0.04,0
scene-0615,24,13,1.05887573964497,1.0290168801555055,3.5794082840236663,0.2347230524593635,0.23461419711493237,0,0,0,0,0.68,0
scene-0615,25,13,0.0,0.0,0.0,0.00010044923104057067,0.00010044923104057068,0,0,0,0,0.0,0
scene-0616,0,13,16.94792668006035,4.116785964810455,47.361816899372734,3.3427151420300727,1.7129277515285215,1,1,1,1,1.0,1
scene-0616,1,13,6.657436997626244,2.5802009607056275,18.60618403899319,1.564524200671852,0.3667560168135034,0,0,0,0,0.56,0
scene-0616,2,13,9.238758453142365,3.039532604388768,24.718707611327662,2.4349808940480213,1.5445134987686011,0,0,1,1,0.96,1
scene-0616,3,13,3.292897963863954,1.814634388482692,9.464153264923626,1.6214515982037967,1.3346435576477829,0,0,0,0,0.68,0
scene-0616,4,13,2.8430824417369926,1.6861442529442707,8.641535900352633,1.7415089510596329,1.4906522844887888,0,0,0,0,0.8,1
scene-0616,5,13,3.0260102473342436,1.7395431145373326,9.34893702012644,1.9615763855617705,1.912026052070324,0,0,0,0,0.92,1
scene-0616,6,13,0.9188806684081577,0.9585826351484559,2.8468401726703805,1.6282898550231668,1.6244331667564724,0,0,0,0,0.72,0
scene-0616,7,13,1.959000490566967,1.3996429868244855,5.928975666177998,1.6543154674433576,1.5926649096940066,0,0,0,0,0.76,0
scene-0616,8,13,2.5432919898725292,1.594770199706694,7.774533581089456,1.1687730662557905,0.6207019251408727,0,0,0,0,0.44,0
scene-0616,9,13,0.6274792687834223,0.7921358903517896,1.9003810195630986,0.7672817453380403,0.601808090300682,0,0,0,0,0.24,0
scene-0616,10,13,2.636924038784328,1.623860843417418,8.169757723256833,1.086055276383655,0.61183763702571,0,0,0,0,0.32,0
scene-0616,11,13,0.9261418755367811,0.9623626528168999,2.9648468269159527,0.5787333955079924,0.32095498541154893,0,0,0,0,0.08,0
scene-0616,12,13,0.3770123063916993,0.6140132786770163,1.1501989374390382,0.4099672837835463,0.15160016893387307,0,0,0,0,0.04,0
scene-0616,13,13,2.2584662892523064,1.502819446657617,7.0820695269281835,0.5977269434315841,0.389612372556535,0,0,0,0,0.16,0
scene-0616,14,13,0.11163726766027955,0.3341216360253845,0.34332843353445563,0.3398075648192662,0.2571997620748257,0,0,0,0,0.0,0
scene-0616,15,13,1.7511717600413608,1.3233184650874334,5.6744635599885855,0.8485975301272851,0.8007103242217578,0,0,0,0,0.28,0
scene-0616,16,13,3.1796664178010374,1.7831619157555596,10.016347637719345,1.7537763936545585,1.749244653523976,0,0,0,0,0.84,1
scene-0616,17,13,0.02825899062931021,0.16810410652125726,0.0906794881560521,1.337215361962654,1.3366785185720869,0,0,0,0,0.52,0
scene-0616,18,13,1.144834911583657,1.0699695844198829,3.8007586701264056,1.9555954439706713,1.9536731667030764,0,0,0,0,0.88,1
scene-0616,19,13,0.31700043193531874,0.5630279139930087,0.7492676017196706,1.569034879911773,1.568158365644387,0,0,0,0,0.6,0
scene-0616,20,13,0.29009185376744373,0.5386017580434024,0.7441308841517014,1.5728179862879705,1.570458883205582,0,0,0,0,0.64,0
scene-0616,21,13,0.16347149917914897,0.4043160882022245,0.5166500670456107,1.174590292524793,1.1717160361905978,0,0,0,0,0.48,0
scene-0616,22,13,0.19447297851830983,0.44099090525577717,0.3381801775865588,1.1377356486751395,1.1338270784195223,0,0,0,0,0.36,0
scene-0616,23,13,0.9140348205807358,0.9560516830071143,2.292075604601806,1.149350517235312,1.1257452875911116,0,0,0,0,0.4,0
scene-0616,24,13,0.4580207437334694,0.6767722982905472,1.2235456938287943,0.6780715328446772,0.5553487000919132,0,0,0,0,0.2,0
scene-0616,25,13,0.5121968846701046,0.7156793169221146,1.7961267579863527,0.5937767410806986,0.41020551074838885,0,0,0,0,0.12,0
scene-0617,0,13,1.1134724893717574,1.0552120589586518,3.6220647750110664,0.5354352081473247,0.2654000970585253,0,0,0,0,0.0,0
scene-0617,1,13,1.5330288798432903,1.2381554344440322,4.848841663596357,0.7153054346712138,0.31204774128950996,0,0,0,0,0.04,0
scene-0617,2,13,5.121797463137706,2.263138851935008,16.33713174337108,1.3807488572486242,0.9724209512917397,0,0,0,0,0.2,0
scene-0617,3,13,3.885937259410244,1.971278077646643,12.400626834397254,1.0808065182510327,0.43666078869033914,0,0,0,0,0.08,0
scene-0617,4,13,6.604020553587787,2.5698288957803763,21.434646680330655,1.632491222005842,0.7388536496084287,0,0,0,0,0.32,0
scene-0617,5,13,6.323926492307341,2.514741834126784,20.355603163015793,1.6378202257229044,0.3425588507360733,0,0,0,0,0.4,0
scene-0617,6,13,4.946263627925738,2.2240197004356186,15.445693395238884,1.5013360991758127,0.4985832230599736,0,0,0,0,0.28,0
scene-0617,7,13,6.22870367616639,2.4957371007713114,20.553523411635936,1.7092966449691582,0.846524614742191,0,0,0,0,0.48,0
scene-0617,8,13,8.371441854491344,2.893344406476931,27.296364261683372,2.1965648024790325,1.4291960230597764,0,0,0,1,0.88,1
scene-0617,9,13,6.777799832340769,2.6034207943282563,21.902558791793634,1.9018077715510295,1.6280002360571404,0,0,0,0,0.6,0
scene-0617,10,13,7.235191397093781,2.6898311093995813,23.083481576144315,2.389276168410413,2.1982357350084576,0,0,1,1,0.96,1
scene-0617,11,13,8.840788334407286,2.973346319285274,27.79546819710093,2.51632189973224,2.0824420331657527,0,0,1,1,1.0,1
scene-0617,12,13,5.755581930473373,2.3990793922822506,18.699691715976336,1.633400016943992,0.3893024278285711,0,0,0,0,0.36,0
scene-0617,13,13,6.8881879538778605,2.6245357596873893,21.744418574133494,1.922671108745258,0.23011653943214636,0,0,0,0,0.64,0
scene-0617,14,13,8.592818362780617,2.931350945004814,26.574425551281436,2.2790390770939797,0.24647466786554184,0,0,0,1,0.92,1
scene-0617,15,13,7.1458051449121855,2.6731638829133137,21.1952399467172,1.9623681037440703,0.6356910333459233,0,0,0,0,0.76,0
scene-0617,16,13,6.112389914204826,2.472324799496382,17.683954086669743,1.8232304483582165,0.4648472419022713,0,0,0,0,0.56,0
scene-0617,17,13,4.424595053120863,2.103472142226006,13.046523982082942,1.4587592996632102,0.5403518722740402,0,0,0,0,0.24,0
scene-0617,18,13,4.377853525640516,2.092332078242007,12.012808733751314,1.678576377493908,1.2553938447639916,0,0,0,0,0.44,0
scene-0617,19,13,5.059668888606787,2.24937077615203,12.817465545206817,1.7572771236488727,1.581091032567663,0,0,0,0,0.52,0
scene-0617,20,13,5.911832390046233,2.4314259992947007,15.732286707877003,1.9530673278217257,1.877007394589933,0,0,0,0,0.68,0
scene-0617,21,13,5.3792609275790015,2.319323377103547,12.846804909332754,2.035672088700638,1.9897265101046973,0,0,0,0,0.8,1
scene-0617,22,13,4.116306647579539,2.028868316963804,10.46480067913016,1.9533889810827223,1.9473256446273794,0,0,0,0,0.72,0
scene-0617,23,13,5.534177504117938,2.352483263302406,11.938399504645476,2.1587200863804936,2.116812249615967,0,0,0,1,0.84,1
scene-0617,24,13,2.8861021135897666,1.6988531759954322,5.322762830379895,1.1516057820664423,1.1189698472071865,0,0,0,0,0.16,0
scene-0617,25,13,2.9082034548310727,1.7053455529103398,5.307331315371294,1.1268264601673046,1.119081749909303,0,0,0,0,0.12,0
scene-0618,0,13,0.5618783953429832,0.7495854823453981,1.7506282219723757,0.7741828793236023,0.7120264198445553,0,0,0,0,0.08,0
scene-0618,1,13,0.5628673096116704,0.7502448331122784,1.7077552418287685,0.5657985554617382,0.33789863032807443,0,0,0,0,0.0,0
scene-0618,2,13,1.5269319121884333,1.2356908643299234,4.710797595463796,1.1485755311777717,0.9592055412778059,0,0,0,0,0.24,0
scene-0618,3,13,1.2632095077090875,1.1239259351527962,3.8921295595086125,1.2701420002776915,1.2442146020540614,0,0,0,0,0.4,0
scene-0618,4,13,0.49044872099094344,0.700320441648638,1.5427989351167422,1.2440281737481427,1.237446284781058,0,0,0,0,0.32,0
scene-0618,5,13,0.4817127695765239,0.6940553072893572,1.4167096390849767,1.3630197388312089,1.3575502915814315,0,0,0,0,0.48,0
scene-0618,6,13,0.8676423619072525,0.931473221250752,2.4698626973372773,0.9820362489486255,0.8225503623430434,0,0,0,0,0.12,0
scene-0618,7,13,1.5721783945812924,1.2538653813632834,3.6510688753869505,1.0420283122279157,0.4511866071319222,0,0,0,0,0.2,0
scene-0618,8,13,1.2157527208659997,1.1026117725047198,3.242836023259152,1.2442934999165784,0.8971671160125391,0,0,0,0,0.36,0
scene-0618,9,13,0.6875823878721019,0.8292058778567009,1.495138869073909,1.8589551256886228,1.6790325009848786,0,0,0,0,0.56,0
scene-0618,10,13,0.422202049451838,0.6497707668492312,0.996433124254837,2.61817658487584,2.552122968818239,0,1,1,1,0.64,0
scene-0618,11,13,0.17523084184612472,0.4186058311181591,0.5350715832389761,3.7575879854316616,3.7529384449534966,1,1,1,1,0.8,1
scene-0618,12,13,2.0895210616350064,1.4455175756921832,5.845627104080019,4.303266754955066,4.266302660670253,1,1,1,1,0.84,1
scene-0618,13,13,5.785056486292781,2.405214436654824,16.079172129354728,4.547474132859212,4.45114142598224,1,1,1,1,0.88,1
scene-0618,14,13,5.536133450282038,2.3528989460412526,13.387307414193998,5.5484323456467655,5.4062572280096,1,1,1,1,0.96,1
scene-0618,15,13,12.6985159257557,3.5634977095201985,33.2726677694672,6.083514884075454,5.7061914238533165,1,1,1,1,1.0,1
scene-0618,16,13,12.770120331300435,3.5735305135538487,36.25711770651141,5.308674221647839,4.897883112077547,1,1,1,1,0.92,1
scene-0618,17,13,6.502536226889551,2.550007103301783,20.531064945404992,3.219463827836387,3.0781544719487357,1,1,1,1,0.76,0
scene-0618,18,13,5.601091718209596,2.366662569571251,18.487041522912406,2.9653845973275463,2.9356542618790216,0,1,1,1,0.72,0
scene-0618,19,13,3.966960005178817,1.9917228735892996,12.00677903713365,2.6485200686121266,2.5947271477758314,0,1,1,1,0.68,0
scene-0618,20,13,4.4767068505869245,2.1158229724121353,12.422832408482906,2.045023650405699,1.9869824320490246,0,0,0,0,0.6,0
scene-0618,21,13,3.9208879477462912,1.9801232152940107,11.959173786134832,1.7761689097535613,1.7302324587616829,0,0,0,0,0.52,0
scene-0618,22,13,2.451368447846102,1.5656846578561412,7.62253456715137,1.275807740547605,0.7711748742918769,0,0,0,0,0.44,0
scene-0618,23,13,1.1105161395832486,1.0538102958233273,3.4065928573966784,1.2257423032360368,1.1452619206546764,0,0,0,0,0.28,0
scene-0618,24,13,1.4710003737597555,1.2128480423201233,4.8769462306939735,1.0216677119328805,0.9037520474207231,0,0,0,0,0.16,0
scene-0618,25,13,0.1853121755700362,0.43047900711885617,0.641460215627222,0.6464064922567551,0.5666473394270218,0,0,0,0,0.04,0
scene-0619,0,13,3.6871325629355076,1.9201907621211773,11.456579259680725,1.8265629442864222,1.2158683712202363,0,0,0,0,0.8,1
scene-0619,1,13,5.476696993196396,2.3402343885167562,16.81125346675773,1.8186038942457583,0.6866616488379248,0,0,0,0,0.76,0
scene-0619,2,13,6.2762457745183795,2.505243655718617,19.127149447933892,1.8624996811820724,0.5851726419229322,0,0,0,0,0.92,1
scene-0619,3,13,6.309072765169094,2.5117867674564045,18.746609230159837,1.8575052861798582,0.6634518029350587,0,0,0,0,0.88,1
scene-0619,4,13,7.2631040337704365,2.6950146629972975,21.498164133352756,2.0386255889653038,0.5312523739398928,0,0,0,0,0.96,1
scene-0619,5,13,4.756151592951588,2.180860287352582,13.342544100192125,1.582501151472196,0.5215919484275662,0,0,0,0,0.6,0
scene-0619,6,13,6.416807259209546,2.5331417763736686,17.9533447763229,1.8326690246212745,0.6143078365284326,0,0,0,0,0.84,1
scene-0619,7,13,4.682205773010982,2.1638405146893294,13.550082464093801,1.5830007789247493,0.43164829851621583,0,0,0,0,0.64,0
scene-0619,8,13,8.822782892892103,2.9703169684214012,20.768937098128035,2.164484565282204,0.04291669799359715,0,0,0,1,1.0,1
scene-0619,9,13,3.9479917967689055,1.9869554088526762,11.697033575003987,1.525373323860767,0.9732646814547783,0,0,0,0,0.56,0
scene-0619,10,13,4.492888323392149,2.1196434425138935,11.669689334355441,1.602126251728064,0.7104614593605424,0,0,0,0,0.68,0
scene-0619,11,13,5.4254941249212445,2.329269010853243,12.909018857457337,1.7071137948609827,0.1295344160316738,0,0,0,0,0.72,0
scene-0619,12,13,3.4544293593155087,1.8586095230885664,7.840192028050423,1.3236715750867136,0.5224806964335494,0,0,0,0,0.44,0
scene-0619,13,13,3.5772048821487146,1.8913500157688197,8.516020010642302,1.4215427701118277,0.8804542213546291,0,0,0,0,0.52,0
scene-0619,14,13,2.4816241902506686,1.5753171713184202,5.368633161948211,1.2757168897762519,1.0626494177253314,0,0,0,0,0.4,0
scene-0619,15,13,2.002377152566984,1.4150537631365756,4.478533339138723,1.3817364168648572,1.380152027614038,0,0,0,0,0.48,0
scene-0619,16,13,2.483074441340016,1.5757774085637908,4.566039166296611,1.1648076214667564,0.9152836347127948,0,0,0,0,0.36,0
scene-0619,17,13,2.172420823647649,1.4739134383157135,4.144885064818351,1.1194044137076093,1.0743227154975317,0,0,0,0,0.32,0
scene-0619,18,13,1.6670374132438672,1.2911380302833106,3.4592511951765172,0.8748305869283405,0.8654368504396809,0,0,0,0,0.28,0
scene-0619,19,13,1.477385147514761,1.2154773331966175,3.204776127756791,0.8422911681964318,0.8393331607211806,0,0,0,0,0.24,0
scene-0619,20,13,0.40578149301300787,0.6370098060571814,0.8540957023646288,0.31193095720876085,0.2858367873986966,0,0,0,0,0.16,0
scene-0619,21,13,0.49887384549017405,0.706310020805435,1.400215735811352,0.4524404894577704,0.44803526662475307,0,0,0,0,0.2,0
scene-0619,22,13,0.18554623210488178,0.43075077725394967,0.4404161762492543,0.21642395946981746,0.21194718720172367,0,0,0,0,0.12,0
scene-0619,23,13,0.03377044141152814,0.183767356762642,0.08555323036121631,0.07765126312179199,0.07396121241827719,0,0,0,0,0.04,0
scene-0619,24,13,0.11516272189349112,0.33935633468890947,0.466715976331361,0.08669893174478387,0.04817364582302605,0,0,0,0,0.08,0
scene-0619,25,13,0.0,0.0,0.0,0.0036056062263459094,0.003605606226345908,0,0,0,0,0.0,0
scene-0620,0,13,0.0,0.0,0.0,4.609680856245024e-05,4.609680856245024e-05,0,0,0,0,0.4,0
scene-0620,1,13,2.4023668639053253,1.5499570522776833,7.828402366863904,0.3590107599464994,0.3589764339356279,0,0,0,0,1.0,1
scene-0620,2,13,0.4810461039415595,0.693574872628442,0.41600925251738413,0.20160891297018232,0.1204113847258625,0,0,0,0,0.88,1
scene-0620,3,13,0.0,0.0,0.0,2.907843424916396e-05,2.9078434249163966e-05,0,0,0,0,0.36,0
scene-0620,4,13,0.7690532544378703,0.876956814465724,3.1400591715976365,0.17053586680172417,0.1705147421716259,0,0,0,0,0.84,1
scene-0620,5,13,0.251543392504931,0.5015410177691662,1.0325443786982251,0.13142877878954368,0.048078251437709524,0,0,0,0,0.8,1
scene-0620,6,13,0.0,0.0,0.0,1.863481977301595e-05,1.863481977301595e-05,0,0,0,0,0.32,0
scene-0620,7,13,0.0,0.0,0.0,1.6462127132703127e-05,1.646212713270313e-05,0,0,0,0,0.28,0
scene-0620,8,13,0.034023668639053255,0.18445505858895075,0.15976331360946744,0.03206505417133631,0.03205684140412937,0,0,0,0,0.44,0
scene-0620,9,13,0.052011834319526606,0.22806103200574754,0.2563313609467454,0.038473292368290675,0.038464903564570406,0,0,0,0,0.52,0
scene-0620,10,13,0.0,0.0,0.0,1.0831062968402031e-05,1.0831062968402031e-05,0,0,0,0,0.24,0
scene-0620,11,13,0.26183431952662745,0.5116974882942337,1.1360946745562137,0.09616243945259188,0.09615643313244517,0,0,0,0,0.72,0
scene-0620,12,13,0.03402366863905326,0.18445505858895078,0.07100591715976333,0.04487951811688599,0.04486964541106834,0,0,0,0,0.56,0
scene-0620,13,13,0.0,0.0,0.0,7.041990222600246e-06,7.041990222600245e-06,0,0,0,0,0.2,0
scene-0620,14,13,0.0,0.0,0.0,7.034054574183168e-06,7.034054574183166e-06,0,0,0,0,0.16,0
scene-0620,15,13,0.19698224852071,0.4438268226692817,0.8698224852071003,0.08333798127488481,0.08333478874500873,0,0,0,0,0.64,0
scene-0620,16,13,0.049792899408284,0.22314322622092744,0.2430177514792898,0.03782478012395648,0.037822460018724524,0,0,0,0,0.48,0
scene-0620,17,13,1.26315175741936,1.1239002435355907,3.781763785750879,0.24996836502520603,0.24996215836185062,0,0,0,0,0.92,1
scene-0620,18,13,0.0,0.0,0.0,3.3890121093347147e-06,3.389012109334715e-06,0,0,0,0,0.08,0
scene-0620,19,13,0.0,0.0,0.0,3.661029915787232e-06,3.661029915787232e-06,0,0,0,0,0.12,0
scene-0620,20,13,0.24571005917159763,0.49569149596457435,1.1646745562130176,0.08525888048201985,0.08525751110866531,0,0,0,0,0.68,0
scene-0620,21,13,0.0,0.0,0.0,2.3965969218507186e-06,2.3965969218507186e-06,0,0,0,0,0.0,0
scene-0620,22,13,0.0,0.0,0.0,2.7945926871239257e-06,2.7945926871239253e-06,0,0,0,0,0.04,0
scene-0620,23,13,0.040680473372781065,0.20169400926349068,0.11094674556213016,0.04807912844346115,0.04807591043143772,0,0,0,0,0.6,0
scene-0620,24,13,1.005454641099938,1.0027236115201128,3.3941862250384807,0.294910805578347,0.26766222907886467,0,0,0,0,0.96,1
scene-0620,25,13,0.2744082840236686,0.5238399412260091,0.9985207100591716,0.11218066706287738,0.11217971506390893,0,0,0,0,0.76,0
scene-0621,0,13,2.4478155217959596,1.5645496226697189,7.387485704167133,1.867859538614429,1.7135042463239853,0,0,0,0,0.6538461538461539,0
scene-0621,1,13,7.680381986708859,2.771350210043628,23.319873618041665,2.222356988094632,1.197387719040925,0,0,0,1,0.7692307692307693,0
scene-0621,2,13,4.749350411911529,2.1793004409469403,13.622740374684296,1.9461213478841268,1.5032724426494337,0,0,0,0,0.6923076923076923,0
scene-0621,3,13,4.9775627424093996,2.231045212990853,14.23240129339738,1.8147018302329379,0.9742449665266882,0,0,0,0,0.6153846153846154,0
scene-0621,4,13,4.148374985161612,2.0367559954893006,11.352534434246504,1.519204673844021,1.0237808329341203,0,0,0,0,0.5769230769230769,0
scene-0621,5,13,3.8363771902262283,1.958667197414157,11.262536237101589,1.3986557068476428,0.35731584143285705,0,0,0,0,0.38461538461538464,0
scene-0621,6,13,3.434756615490817,1.8533096383202718,9.76844436778613,1.4573454212731407,0.8817352017662315,0,0,0,0,0.5,0
scene-0621,7,13,4.0780388001167465,2.0194154600073624,11.401165517646582,1.341421304520673,0.7066345781602476,0,0,0,0,0.2692307692307692,0
scene-0621,8,13,0.8490843096814981,0.9214577091117628,2.4546557323954286,0.88844866068713,0.6776896156795876,0,0,0,0,0.038461538461538464,0
scene-0621,9,13,0.9181064779385935,0.9581787296421235,2.9868259882536594,1.0268777401772202,1.0032639638135923,0,0,0,0,0.11538461538461539,0
scene-0621,10,13,0.25665274677038785,0.5066090670037281,0.5791776929030155,0.5594172251651939,0.4110381783440394,0,0,0,0,0.0,0
scene-0621,11,13,1.8804318186133095,1.3712883790849062,4.812461592807633,0.9329303579178488,0.6065654710809903,0,0,0,0,0.07692307692307693,0
scene-0621,12,13,1.7325315160304717,1.316256630004374,5.370330111879941,1.2332398068636659,1.1701654616236488,0,0,0,0,0.19230769230769232,0
scene-0621,13,13,1.060257862890917,1.0296882357737787,3.3324252333172617,1.4316731437832177,1.3583113921962837,0,0,0,0,0.4230769230769231,0
scene-0621,14,13,1.269677239630784,1.1267995561016095,3.829473932811358,1.4369730344869382,1.3521303230973338,0,0,0,0,0.46153846153846156,0
scene-0621,15,13,3.4866969914879675,1.867269930001543,9.048370313402705,1.387372693703036,0.3900518156689247,0,0,0,0,0.34615384615384615,0
scene-0621,16,13,3.050806111495856,1.7466556934598918,8.385948820076553,1.2498496953641725,0.24008083406139827,0,0,0,0,0.23076923076923078,0
scene-0621,17,13,2.4028274957277,1.550105640183178,7.098631817708858,1.1629005792036846,0.4146869281809678,0,0,0,0,0.15384615384615385,0
scene-0621,18,13,3.9394361881993447,1.9848012969059006,12.354870726369597,1.3551627191160758,0.4406662716558048,0,0,0,0,0.3076923076923077,0
scene-0621,19,13,1.227403482211905,1.1078824315837421,3.8230162720686454,1.4706730360343554,1.4392022617174103,0,0,0,0,0.5384615384615384,0
scene-0621,20,13,1.2378621218998211,1.1125925228491431,3.987260504257562,2.3779818447761465,2.3769931928309807,0,0,1,1,0.8076923076923077,1
scene-0621,21,13,1.8492963789964731,1.359888370049716,5.941323379213591,3.011033924900121,3.004053166133564,0,1,1,1,0.8461538461538461,1
scene-0621,22,13,2.594949282139655,1.6108846271970116,8.131905918703318,4.763595865564626,4.763464693108033,1,1,1,1,1.0,1
scene-0621,23,13,3.3109086188434205,1.819590233773368,9.623603966907632,4.738868436031717,4.738452186320508,1,1,1,1,0.9615384615384616,1
scene-0621,24,13,3.180323221471619,1.7833460745103904,9.636218562072445,4.659524649318603,4.659174168415297,1,1,1,1,0.9230769230769231,1
scene-0621,25,13,10.28514863568241,3.207046715544133,29.59546176660286,3.466810744287741,3.3279889895206014,1,1,1,1,0.8846153846153846,1
scene-0621,26,13,7.242445546156965,2.691179211081448,21.554372036242544,2.2069660142178043,1.737282849950686,0,0,0,1,0.7307692307692307,0
scene-0622,0,13,0.7948181635709005,0.8915257503689394,2.2538519792670866,0.751863558880642,0.39380469481968555,0,0,0,0,0.08,0
scene-0622,1,13,0.6579466820411168,0.8111391261929836,2.0159398940446915,0.7905139094290815,0.6691570764721361,0,0,0,0,0.12,0
scene-0622,2,13,4.423877936277626,2.103301675052256,14.341812703458622,1.035527062846857,0.29758356382192225,0,0,0,0,0.24,0
scene-0622,3,13,0.338278245291516,0.5816169231474579,1.1216636884958708,0.5681552256611044,0.3884363417863539,0,0,0,0,0.0,0
scene-0622,4,13,3.227520255895314,1.7965300598362706,9.73876755525993,0.8674953774453289,0.38778677953924506,0,0,0,0,0.16,0
scene-0622,5,13,0.4920052887186512,0.7014308866300736,1.4851912672249163,0.6516428083632987,0.5305043170044031,0,0,0,0,0.04,0
scene-0622,6,13,3.9033827146256215,1.9756980322472413,12.67536623609922,1.0001899816507236,0.4528474019280308,0,0,0,0,0.2,0
scene-0622,7,13,0.6697076854128721,0.8183566981536059,2.132494829728361,1.4408990695143677,1.3881470450834748,0,0,0,0,0.4,0
scene-0622,8,13,0.2270202136239132,0.4764663824698582,0.7354193859524922,1.8395823433285128,1.8249906463782282,0,0,0,0,0.52,0
scene-0622,9,13,0.3408256630575525,0.5838027604059033,0.9947188779773041,2.659927579083086,2.6415753593635736,0,1,1,1,0.8,1
scene-0622,10,13,2.5905350441059585,1.6095139154744698,7.917361430733243,3.106369252093324,2.9893848801341143,1,1,1,1,0.92,1
scene-0622,11,13,2.99306659051063,1.7300481468764475,9.012013572979537,3.176106194917642,2.987636340453021,1,1,1,1,0.96,1
scene-0622,12,13,3.2399119110513,1.7999755306812646,9.216887573749988,2.7420196433206385,2.38446085201362,0,1,1,1,0.88,1
scene-0622,13,13,7.444715926729111,2.7285006737637265,25.887243169065467,2.6159210561358837,2.0606279068296005,0,1,1,1,0.76,0
scene-0622,14,13,8.64003281523413,2.9393932733191948,26.979034681133953,2.6864899087752576,1.7796234917721072,0,1,1,1,0.84,1
scene-0622,15,13,10.581266400576306,3.2528858572929216,26.496898434803086,3.2555762159095654,2.715754596548566,1,1,1,1,1.0,1
scene-0622,16,13,7.454647321140804,2.7303200034319794,23.232559817176345,2.5475028209416166,2.085754407538463,0,0,1,1,0.72,0
scene-0622,17,13,3.421433520923166,1.849711739953868,9.651411091336662,1.9968608902702074,1.797995476057321,0,0,0,0,0.56,0
scene-0622,18,13,1.7604924215704625,1.326835491525028,5.504329946900602,1.48433737114919,1.4388546314884667,0,0,0,0,0.44,0
scene-0622,19,13,2.6161729281447577,1.6174587871549486,8.313418630962525,2.4873448190763545,2.4536828631716614,0,0,1,1,0.68,0
scene-0622,20,13,1.835340872725174,1.3547475309906174,5.962548430209115,2.177761808264401,2.1031535820344014,0,0,0,1,0.64,0
scene-0622,21,13,0.48082681483072126,0.6934167684954852,1.528311373340617,2.0616137680746367,2.0397688328880403,0,0,0,0,0.6,0
scene-0622,22,13,0.781914086379544,0.8842590606714437,2.799488858173159,1.81327053496051,1.7835809012601487,0,0,0,0,0.48,0
scene-0622,23,13,2.8023703486020577,1.6740281803488428,9.322974464213594,1.3454771590121763,1.0736807497316432,0,0,0,0,0.36,0
scene-0622,24,13,1.3403428617037028,1.1577317745072486,4.136844476991552,1.2340274714967494,1.1692529726405605,0,0,0,0,0.32,0
scene-0622,25,13,0.9260846268424959,0.9623329085313959,2.6387559797332774,1.0642706503941075,0.8662788784261592,0,0,0,0,0.28,0
scene-0623,0,13,0.16490333987527134,0.4060829224127399,0.47600785079452634,0.33120634819293165,0.22889453255460954,0,0,0,0,0.32,0
scene-0623,1,13,0.057702442615459947,0.24021332730608422,0.14963112574523502,0.2373812119320457,0.15138782825557298,0,0,0,0,0.2,0
scene-0623,2,13,0.05709458863375688,0.23894473970723207,0.17982167578315852,0.32391049087950097,0.3119979896323552,0,0,0,0,0.28,0
scene-0623,3,13,0.02198866375741589,0.14828575035186586,0.05227618313012195,0.20464619551945143,0.16131550902282876,0,0,0,0,0.12,0
scene-0623,4,13,0.4262906451939931,0.6529093698163575,1.405697901101039,0.30421079816890245,0.1686027202074032,0,0,0,0,0.24,0
scene-0623,5,13,0.011589211816504873,0.10765320160824235,0.037319406111559913,0.1261904328613817,0.10095392673554633,0,0,0,0,0.0,0
scene-0623,6,13,0.006200383724767405,0.07874251535712715,0.020839570376713155,0.13529045132736156,0.1274321660692559,0,0,0,0,0.04,0
scene-0623,7,13,0.009842295097559796,0.0992083418748635,0.027274886734637124,0.19172829700831412,0.17937400162131292,0,0,0,0,0.08,0
scene-0623,8,13,2.0374486550224478,1.42739225688752,6.677496239754159,0.664413445718297,0.38165979688516766,0,0,0,0,0.44,0
scene-0623,9,13,0.6320869065518159,0.7950389339848809,2.048954734003937,0.37759295121415765,0.21556539963839094,0,0,0,0,0.4,0
scene-0623,10,13,0.09674488400224657,0.311038396347214,0.3017488655780839,0.3514390907770298,0.3079587301525972,0,0,0,0,0.36,0
scene-0623,11,13,0.09320373360072894,0.305292865296143,0.3089611213538322,0.2148909455986169,0.1512625244450603,0,0,0,0,0.16,0
scene-0623,12,13,4.97013015499317,2.229378872016412,15.412437607677287,0.6762889813983523,0.55961454363369,0,0,0,0,0.48,0
scene-0623,13,13,4.324285421649166,2.0794916257703866,13.849542855940316,1.242233777631444,1.2020971949682684,0,0,0,0,0.72,0
scene-0623,14,13,3.749258238359076,1.9363001415997148,12.074618408247487,0.9995118842241978,0.984708823902284,0,0,0,0,0.64,0
scene-0623,15,13,5.8978426218655615,2.4285474304335835,19.499014013000355,1.5319657383131497,1.471671667023471,0,0,0,0,0.92,1
scene-0623,16,13,3.755866626305012,1.938005837531201,12.261462608482068,0.970456416721067,0.7469347164789276,0,0,0,0,0.6,0
scene-0623,17,13,4.272422972756817,2.0669840281813543,14.087167742427798,1.134378300512068,0.6306431546600757,0,0,0,0,0.68,0
scene-0623,18,13,1.4468347756349187,1.2028444519699621,4.810500395888826,0.7016441127692142,0.2407585759439812,0,0,0,0,0.52,0
scene-0623,19,13,8.965905260281232,2.994312151443338,29.309918504439835,1.7777373464561081,0.8108441935700639,0,0,0,0,1.0,1
scene-0623,20,13,4.672516801336678,2.16160051844384,15.196887809040728,1.3216678958957186,0.43135848311724745,0,0,0,0,0.76,0
scene-0623,21,13,3.4448988429705114,1.856043868816282,10.982877691953526,0.8651407604252607,0.6131246229477681,0,0,0,0,0.56,0
scene-0623,22,13,6.969001316064897,2.6398866104560055,22.096998621281653,1.348600778785666,1.0428129267631927,0,0,0,0,0.8,1
scene-0623,23,13,6.272653060746351,2.5045265142829596,19.80472839929314,1.4211309305536848,1.2409112530491317,0,0,0,0,0.84,1
scene-0623,24,13,4.944844195287472,2.2237005633150053,16.412415287893275,1.6468210523191986,1.6360154921021095,0,0,0,0,0.96,1
scene-0623,25,13,5.623925329520927,2.3714816738741473,18.16753953263278,1.469444494108028,1.4547975057638587,0,0,0,0,0.88,1
scene-0624,0,13,3.732930577416172,1.9320793403522982,10.124069630177512,1.3984609332857405,0.4624857413615587,0,0,0,0,0.72,0
scene-0624,1,13,3.4005244980276133,1.844051110470535,9.18753500591716,1.3549040185715941,0.23343676135346011,0,0,0,0,0.68,0
scene-0624,2,13,5.279368580743742,2.297687659527235,13.427029971988755,1.712833161496559,0.3555771896328728,0,0,0,0,0.92,1
scene-0624,3,13,8.280759126769626,2.877630818359024,21.999968726445086,2.03867591269922,0.3532630161559849,0,0,0,0,1.0,1
scene-0624,4,13,4.423195219604835,2.103139372368088,11.404826746897227,1.617894695072875,0.36788442664497417,0,0,0,0,0.88,1
scene-0624,5,13,4.879733615905092,2.209011909407709,10.739607374621439,1.975202356192051,0.8991110297699544,0,0,0,0,0.96,1
scene-0624,6,13,2.797649192624176,1.672617467511378,7.211215389166592,1.2944253276819302,0.2069404034559792,0,0,0,0,0.64,0
scene-0624,7,13,4.815101384731825,2.1943339273528597,12.819104276521129,1.530017319284806,0.22123322441622836,0,0,0,0,0.84,1
scene-0624,8,13,2.2144040329789867,1.4880873741077796,6.01742985803295,1.14001423907397,0.7475806254795413,0,0,0,0,0.6,0
scene-0624,9,13,2.2393911875144155,1.496459550911556,6.142540067063165,1.0675530666461381,0.7063868649105567,0,0,0,0,0.56,0
scene-0624,10,13,1.7271932695504564,1.3142272518672167,4.810824545925571,1.4657961560733648,1.4223408025680166,0,0,0,0,0.76,0
scene-0624,11,13,2.0108490236393735,1.418044083813819,4.73444138194946,1.5030636094596415,1.451479106692089,0,0,0,0,0.8,1
scene-0624,12,13,2.0891498568548568,1.4453891714188456,4.508106785000236,1.034447103316217,1.0063544570683145,0,0,0,0,0.52,0
scene-0624,13,13,0.8244092698844362,0.907969861770993,1.639999555242279,0.5659590167877917,0.5647079814699549,0,0,0,0,0.44,0
scene-0624,14,13,1.0470559907113923,1.0232575388001752,1.6855742020636053,0.6486393792235893,0.642119607633516,0,0,0,0,0.48,0
scene-0624,15,13,1.0937247072748832,1.045812940862219,2.6449581854637354,0.436395539221689,0.4285257491055967,0,0,0,0,0.36,0
scene-0624,16,13,0.5738301682312298,0.7575157874468557,1.200922664966144,0.35974636465950777,0.3534328449737509,0,0,0,0,0.32,0
scene-0624,17,13,0.0758890897927585,0.2754797447957989,0.1801320334220173,0.10347126992764485,0.09782529212423746,0,0,0,0,0.2,0
scene-0624,18,13,0.024981008280676717,0.15805381450846645,0.05928799534583969,0.06553102238846299,0.06074608269882325,0,0,0,0,0.16,0
scene-0624,19,13,0.0,0.0,0.0,0.004968703722348312,0.004968703722348312,0,0,0,0,0.0,0
scene-0624,20,13,0.007620644970414201,0.08729630559430451,0.027736686390532537,0.02260299204121518,0.019520959362202352,0,0,0,0,0.04,0
scene-0624,21,13,0.03402366863905326,0.18445505858895078,0.1597633136094675,0.035442465600334774,0.033366946025018586,0,0,0,0,0.12,0
scene-0624,22,13,0.8915157819637741,0.9442011342737172,3.0322150000712833,0.44761284645966637,0.44537553066564034,0,0,0,0,0.4,0
scene-0624,23,13,0.6004084561540127,0.7748602816985865,1.9565539658209965,0.18183094597007593,0.17954255252170206,0,0,0,0,0.24,0
scene-0624,24,13,0.034023668639053255,0.18445505858895075,0.15976331360946744,0.03410347980751692,0.032781892459543306,0,0,0,0,0.08,0
scene-0624,25,13,0.6688856015779093,0.817854266711319,2.267751479289941,0.27726327568452686,0.27565249226373084,0,0,0,0,0.28,0
scene-0827,0,13,3.820730818847565,1.954668979353682,12.37804047295948,2.878338622146631,2.755484990585096,0,1,1,1,0.56,0
scene-0827,1,13,4.341719105294338,2.083679223223752,15.033454448983246,3.0300548916393484,2.9248870706196093,0,1,1,1,0.72,0
scene-0827,2,13,4.29022498067996,2.071285827856687,13.791472357059595,1.9173496100009806,1.679795470670606,0,0,0,0,0.28,0
scene-0827,3,13,9.497459557742744,3.081794859776157,29.119999603202036,3.370543710846886,3.1463850959533186,1,1,1,1,0.88,1
scene-0827,4,13,3.2504666801067033,1.8029050668592352,10.34423284831123,2.406213847087898,2.23902325868377,0,0,1,1,0.44,0
scene-0827,5,13,4.863710927349925,2.2053822633162543,14.74454010455759,2.4053487041647355,2.1991711233067517,0,0,1,1,0.4,0
scene-0827,6,13,5.247442315330425,2.290729646931393,16.319110025110973,1.8355034098714749,1.0412348546417405,0,0,0,0,0.24,0
scene-0827,7,13,2.748160700366156,1.657757732711917,8.719122024198063,1.191094901356815,0.45227158092631425,0,0,0,0,0.0,0
scene-0827,8,13,1.3174701585427058,1.1478110291083223,4.111988299620366,1.3485168786058268,1.017985508988611,0,0,0,0,0.04,0
scene-0827,9,13,3.729063764804321,1.9310783942668721,10.85004650849896,1.6715245094348925,0.7756115941111416,0,0,0,0,0.16,0
scene-0827,10,13,2.194432071233569,1.4813615599284224,6.365427279876487,1.6652448352677836,1.405370632820378,0,0,0,0,0.12,0
scene-0827,11,13,0.6775876450642864,0.8231571205209163,1.7720740074174932,2.9878247587546474,2.980719023471373,0,1,1,1,0.64,0
scene-0827,12,13,1.7432266005077184,1.3203130691270606,5.0740754498471965,3.3890967072235716,3.380763187667356,1,1,1,1,0.92,1
scene-0827,13,13,4.862043791040803,2.205004261002868,13.689877793167229,3.2201042222931666,3.1720875081194637,1,1,1,1,0.84,1
scene-0827,14,13,10.35545545358811,3.2179893495144,28.820465302625912,3.0229201243631043,2.2461750613919085,0,1,1,1,0.68,0
scene-0827,15,13,13.86994903734413,3.724238047889008,36.92256053246123,2.8042811270508867,1.436233348958412,0,1,1,1,0.52,0
scene-0827,16,13,14.204477130452888,3.768882742995978,33.451489597908726,2.9346766463931235,1.1941881780061117,0,1,1,1,0.6,0
scene-0827,17,13,13.90162495677309,3.7284882937690833,35.69267001769899,3.1314358011328065,1.2229709954862071,1,1,1,1,0.76,0
scene-0827,18,13,10.274157168556796,3.205332614340795,25.10175533047607,3.446992486309007,2.2945849578466535,1,1,1,1,0.96,1
scene-0827,19,13,5.6433412892419215,2.3755717815384827,15.672851321979362,3.5486298476196834,3.515957957250238,1,1,1,1,1.0,1
scene-0827,20,13,4.137607539217099,2.0341109948125,12.988085266756151,2.771463972379607,2.654821688906425,0,1,1,1,0.48,0
scene-0827,21,13,6.888938046897877,2.624678655930641,20.453923955593098,3.2038117233332217,3.1984020855510136,1,1,1,1,0.8,1
scene-0827,22,13,7.366180872308156,2.7140709040679383,23.750046634096968,1.9882378166604726,0.9484658378237198,0,0,0,0,0.32,0
scene-0827,23,13,5.47415948620955,2.3396921776613158,16.501621085836213,1.734062767278182,1.0620236126608242,0,0,0,0,0.2,0
scene-0827,24,13,2.4566849655456657,1.5673815634827615,8.14948771772815,1.6415342517377103,1.2140908362724485,0,0,0,0,0.08,0
scene-0827,25,12,5.498274408166277,2.344839953635701,16.604876818515887,2.293800063224436,1.5940271588564334,0,0,0,1,0.36,0
scene-0828,0,13,8.992633656470312,2.998772024757853,25.026828906100018,2.4645587239059674,1.9334981277015941,0,0,1,1,1.0,1
scene-0828,1,13,5.281248490546699,2.298096710442513,16.65538878687899,1.8655163386231892,1.0950805274146016,0,0,0,0,0.88,1
scene-0828,2,13,6.910694328897878,2.6288199498820526,22.292215754334897,2.0442676460976625,1.396336750366826,0,0,0,0,0.96,1
scene-0828,3,13,3.053054992508077,1.7472993425592758,8.808789720278392,1.7468231458434018,1.1786719373195467,0,0,0,0,0.84,1
scene-0828,4,13,3.211125452178828,1.7919613422668548,10.666935260595904,1.7195436066473457,1.3704608431554102,0,0,0,0,0.8,1
scene-0828,5,13,3.8749775235892145,1.9684962594806257,11.633391297199543,2.0136743409639317,1.9199599766157893,0,0,0,0,0.92,1
scene-0828,6,13,1.769358328657618,1.3301722928469146,6.3866702696081585,1.2311608177987878,1.0965446879701255,0,0,0,0,0.76,0
scene-0828,7,13,2.972498134615685,1.7240934239813355,10.864404746000094,1.1835050150494537,0.7508311389903938,0,0,0,0,0.68,0
scene-0828,8,13,1.648276264799427,1.283852119521336,5.1573960618226655,0.9914733958174298,0.47904053963112253,0,0,0,0,0.4,0
scene-0828,9,13,0.20907560220335983,0.457247856422925,0.7569915490017346,0.8102673085210431,0.785568245333304,0,0,0,0,0.08,0
scene-0828,10,13,0.6071562494227658,0.7792023161045954,2.37930338760475,1.119510877015077,1.0446319755050544,0,0,0,0,0.44,0
scene-0828,11,13,1.6694697022621698,1.2920796036863091,5.888510039528436,0.9022564883270068,0.7113317929281257,0,0,0,0,0.2,0
scene-0828,12,13,0.6206371607664773,0.7878052809968192,2.1279718430870433,0.8605373667520996,0.7423240787066536,0,0,0,0,0.12,0
scene-0828,13,13,1.023091855058732,1.0114800319624366,2.96672498444755,0.9212438001909254,0.6306436037832458,0,0,0,0,0.28,0
scene-0828,14,13,0.44849219891068337,0.6696956016808557,1.4752852279117614,0.8009278333182478,0.7375992814064047,0,0,0,0,0.04,0
scene-0828,15,13,1.1952584199828173,1.0932787476132595,3.6954813145574503,1.139912249079878,1.0447975893979573,0,0,0,0,0.52,0
scene-0828,16,13,0.6733823278457719,0.8205987617866431,2.2925266935448905,1.1346767994927427,1.0620600371682156,0,0,0,0,0.48,0
scene-0828,17,13,1.0258076860113148,1.012821645706348,3.3630576238756196,1.1589526906687597,1.0902989146310529,0,0,0,0,0.56,0
scene-0828,18,13,0.9441584102827312,0.9716781413012907,3.191521115542298,0.9444633852528261,0.8102354886051417,0,0,0,0,0.32,0
scene-0828,19,13,1.5076305178090184,1.2278560655911663,4.992583491293529,0.8935945292411562,0.372990533396173,0,0,0,0,0.16,0
scene-0828,20,13,0.716843206901865,0.8466659358341193,2.578958859852229,0.7094728072901794,0.4267308097473435,0,0,0,0,0.0,0
scene-0828,21,13,0.5009730507163085,0.7077944975176824,1.9815123284183538,0.9137122298477884,0.8074368469317174,0,0,0,0,0.24,0
scene-0828,22,13,1.6245462369459907,1.2745768854588533,5.087246890026571,1.1705131545846297,0.6823968165334439,0,0,0,0,0.6,0
scene-0828,23,13,0.9868355894045759,0.9933959882164695,3.1591043688789067,0.986031422095232,0.7696477708671082,0,0,0,0,0.36,0
scene-0828,24,13,1.3282182384492922,1.1524835089706456,3.614170389196041,1.1954351572969972,0.8612406009409929,0,0,0,0,0.72,0
scene-0828,25,13,1.2813384341857723,1.1319622052815068,3.5272649699443788,1.183295310512126,0.8298677984036357,0,0,0,0,0.64,0
scene-0829,0,13,0.6749167484184476,0.8215331693963718,2.4815648363934724,0.7484571453295483,0.6165683945312416,0,0,0,0,0.11538461538461539,0
scene-0829,1,13,1.0291685882071515,1.0144794666266792,3.6378090631298035,0.7930198524152448,0.433006708722746,0,0,0,0,0.3076923076923077,0
scene-0829,2,13,0.10183616508737052,0.31911779186903777,0.3303676560938958,0.4633126144019074,0.4060236854698327,0,0,0,0,0.0,0
scene-0829,3,13,0.18142626804598339,0.42594162516239636,0.5971028347163607,0.6298632345724575,0.5274943597206309,0,0,0,0,0.038461538461538464,0
scene-0829,4,13,0.5197882790441014,0.7209634380772033,1.5998306355370007,0.8226917498164215,0.6297935739686095,0,0,0,0,0.34615384615384615,0
scene-0829,5,13,0.676091363927147,0.8222477509407654,2.200030155094582,0.863057306099085,0.7409315282046117,0,0,0,0,0.38461538461538464,0
scene-0829,6,13,2.5347802774792236,1.5920993302803765,7.919012575347853,1.289951263722416,1.2081534535784604,0,0,0,0,0.8461538461538461,1
scene-0829,7,13,4.610819793110446,2.1472819547303157,18.583533971538632,1.2748043105902822,0.8307367176706015,0,0,0,0,0.8076923076923077,1
scene-0829,8,13,0.37612061026312876,0.6132867276104454,1.3352387728991202,1.011233669052349,0.9611929835847928,0,0,0,0,0.5384615384615384,0
scene-0829,9,13,0.7327592842550343,0.856013600508213,2.6705008877827363,1.0831386986611695,1.0172465417416126,0,0,0,0,0.6153846153846154,0
scene-0829,10,13,5.040539887210639,2.245114671283104,20.022354419415418,1.0854751921725319,0.6109396165140621,0,0,0,0,0.6538461538461539,0
scene-0829,11,13,2.5137075773242317,1.585467621026753,9.584794536330833,0.9097108284426115,0.4340027755806973,0,0,0,0,0.4230769230769231,0
scene-0829,12,13,0.8603689307985505,0.9275607423767731,3.4869449719132204,0.7600963818868552,0.5950622082890118,0,0,0,0,0.15384615384615385,0
scene-0829,13,13,0.21633858034812772,0.465122113372529,0.861310397753627,0.9811826141178523,0.9491763408573434,0,0,0,0,0.5,0
scene-0829,14,13,0.7116669505851352,0.8436035506001235,2.470452301622849,1.2915955912402284,1.177006393134793,0,0,0,0,0.8846153846153846,1
scene-0829,15,13,0.9022905852933145,0.9498897753388624,2.9860873979373492,1.7295251062242167,1.5698857877435437,0,0,0,0,1.0,1
scene-0829,16,13,0.42980032555384023,0.6555915844135282,1.5583244135481673,0.7849324584561302,0.7438491586812365,0,0,0,0,0.2692307692307692,0
scene-0829,17,13,0.6448811947960613,0.8030449519149356,2.6674714660488896,1.40385336253384,1.384134767172555,0,0,0,0,0.9615384615384616,1
scene-0829,18,13,1.1045716688843312,1.0509860459988662,4.452453482657166,1.0375535631796244,0.9087336040855988,0,0,0,0,0.5769230769230769,0
scene-0829,19,13,3.4814154259583137,1.8658551460277708,13.073132153421968,1.146508856991194,0.572491814702289,0,0,0,0,0.7307692307692307,0
scene-0829,20,13,0.5182082349060854,0.7198668174781259,1.956905238369622,0.6612617010438172,0.3783945523044577,0,0,0,0,0.07692307692307693,0
scene-0829,21,13,1.1908441897333946,1.0912580765948057,4.318914096575199,0.9239182699346318,0.5747132313218081,0,0,0,0,0.46153846153846156,0
scene-0829,22,13,3.269803051194936,1.8082596747134898,12.113549155710972,1.3472505003198099,0.6183106452329333,0,0,0,0,0.9230769230769231,1
scene-0829,23,13,3.1768221747296295,1.7823642093381558,12.786660267245802,1.178429133774271,0.46177892358632994,0,0,0,0,0.7692307692307693,0
scene-0829,24,13,2.896038723852979,1.701775168420605,11.531946907254909,1.1095781637094106,0.34142376922856094,0,0,0,0,0.6923076923076923,0
scene-0829,25,13,1.60123372932412,1.265398644429541,6.653521088476752,0.7613344432166862,0.19931858069127914,0,0,0,0,0.19230769230769232,0
scene-0829,26,13,1.2575575239649874,1.121408722975253,4.895422560092394,0.7733627582539884,0.3844166938654428,0,0,0,0,0.23076923076923078,0
scene-0830,0,13,1.7182531227515456,1.3108215449677143,5.964270119869046,1.0799200921962517,0.8937313942821544,0,0,0,0,0.7307692307692307,0
scene-0830,1,13,0.24298280609753298,0.492932861653119,0.775442229921588,0.879808187488755,0.8707367609850521,0,0,0,0,0.6153846153846154,0
scene-0830,2,13,0.3167978838208105,0.5628480112968425,1.1938936990176459,0.615755030523731,0.5404247573728892,0,0,0,0,0.2692307692307692,0
scene-0830,3,13,0.12942451938127894,0.35975619436123535,0.49913608873171494,0.532415050042961,0.4657330289255885,0,0,0,0,0.19230769230769232,0
scene-0830,4,13,0.41900393439393074,0.6473051323710718,1.5592516506531948,0.6947786107519467,0.5744208911473817,0,0,0,0,0.46153846153846156,0
scene-0830,5,13,0.09780761471000306,0.3127420897640787,0.3427622889976834,1.0779229411759472,1.0634903832745635,0,0,0,0,0.6923076923076923,0
scene-0830,6,13,0.2793371136434221,0.5285235223179968,0.8695916950798134,0.9096688424238862,0.8299189558690422,0,0,0,0,0.6538461538461539,0
scene-0830,7,13,0.41697621240177973,0.64573695294739,1.3847833581802182,0.6632586765365532,0.5084949843467382,0,0,0,0,0.38461538461538464,0
scene-0830,8,13,0.5859661245270665,0.7654842418541785,2.0190500977198313,0.7145690440345513,0.4248488138614652,0,0,0,0,0.5384615384615384,0
scene-0830,9,13,0.3472078183161084,0.5892434287424073,1.0585730415252874,0.5117797658064354,0.23261262628324397,0,0,0,0,0.07692307692307693,0
scene-0830,10,13,0.17238175527733746,0.4151888188250467,0.5582237150102479,0.5263638123924907,0.4173158532203642,0,0,0,0,0.11538461538461539,0
scene-0830,11,13,0.04626923232135052,0.21510284126749818,0.13888378975677035,0.2394136546468382,0.18657282214679638,0,0,0,0,0.0,0
scene-0830,12,13,0.44290578996173907,0.6655116753008463,1.6844724602517867,0.532023700921219,0.34262040995227316,0,0,0,0,0.15384615384615385,0
scene-0830,13,13,0.0213225526120167,0.14602243872780887,0.07049918382668859,0.5961917611000038,0.5867764336860142,0,0,0,0,0.23076923076923078,0
scene-0830,14,13,11.313689561902784,3.3635828459996024,38.66097293702477,1.3952046539532916,0.5064730692058034,0,0,0,0,0.8076923076923077,1
scene-0830,15,13,0.38268820309203716,0.6186179783129788,1.2204915278019182,0.502478747976605,0.3051114555510733,0,0,0,0,0.038461538461538464,0
scene-0830,16,13,0.24264747668174344,0.4925926072138552,0.9748066778915205,0.6442298550904779,0.5461234211074829,0,0,0,0,0.3076923076923077,0
scene-0830,17,13,0.20125150777664813,0.4486106416221623,0.7134933572450819,0.653409973978239,0.5851436870199092,0,0,0,0,0.34615384615384615,0
scene-0830,18,13,0.7885017669912492,0.8879762198343203,2.481884629149036,0.6771178145906218,0.22471824861547937,0,0,0,0,0.4230769230769231,0
scene-0830,19,13,0.1795134551973022,0.42369028216056853,0.506933371888172,0.711547069070489,0.6855030035660018,0,0,0,0,0.5,0
scene-0830,20,13,0.4620376187700746,0.6797334909875153,1.287600596436186,0.8374212436072385,0.6704692328561487,0,0,0,0,0.5769230769230769,0
scene-0830,21,13,0.13419471405086666,0.3663259669350054,0.3669317495746042,1.2168794026907286,1.2033875639921634,0,0,0,0,0.7692307692307693,0
scene-0830,22,13,0.18503997888486176,0.43016273535124094,0.635642000915188,1.6418503629242365,1.61788997546554,0,0,0,0,0.8461538461538461,1
scene-0830,23,13,1.4027226635673493,1.184365933133569,3.965918047080802,1.835604887421358,1.7029363367431483,0,0,0,0,0.8846153846153846,1
scene-0830,24,13,1.080727536608356,1.0395804618250364,3.1194546494410065,2.1799488128386604,2.0734663714404244,0,0,0,1,0.9230769230769231,1
scene-0830,25,13,2.0386348290131653,1.4278077002920124,5.793023966762561,3.0714340289759536,2.9760718262317365,1,1,1,1,1.0,1
scene-0830,26,13,3.642857206307261,1.9086270474629823,11.537268197149347,2.869284167192823,2.614902006294931,0,1,1,1,0.9615384615384616,1
scene-0831,0,13,3.9827841517365647,1.9956913969190138,14.160766994083817,1.3655040924553115,0.621679936471261,0,0,0,0,0.08,0
scene-0831,1,13,2.414035098774744,1.5537165438955538,8.549801404097492,1.5682167896501253,1.1266576579910126,0,0,0,0,0.32,0
scene-0831,2,13,1.8536564449474155,1.3614905232675751,5.858717166555765,1.3754024954492385,0.9808501177767264,0,0,0,0,0.12,0
scene-0831,3,13,6.629184937454757,2.5747203610207374,20.059007017562195,1.6432272102938454,0.6649800497493478,0,0,0,0,0.4,0
scene-0831,4,13,14.909032803857817,3.861221672457801,44.89542515505107,2.158660036055413,1.0144640967049956,0,0,0,1,0.68,0
scene-0831,5,13,5.829251931297965,2.414384379360081,18.027103123468674,1.5357133360805644,1.0005245307659139,0,0,0,0,0.28,0
scene-0831,6,13,8.322886647140454,2.8849413593937148,25.05817538034266,1.7043863671573645,1.4395123241466266,0,0,0,0,0.44,0
scene-0831,7,13,9.75762718942993,3.1237200882009146,31.374824472408527,2.3397579218760463,2.0393249620207867,0,0,1,1,0.84,1
scene-0831,8,13,0.8949206303058427,0.9460024473043622,2.900964476369973,1.7467869229719508,1.6443418407730215,0,0,0,0,0.48,0
scene-0831,9,13,6.743060864605122,2.5967404307333304,21.787961652580183,2.3347139285740437,2.0285887037282415,0,0,1,1,0.8,1
scene-0831,10,13,5.415851517083443,2.327198211816828,17.658556829758634,2.4913502604874327,2.191141275894715,0,0,1,1,0.88,1
scene-0831,11,13,4.577594759630764,2.139531434597483,14.204659402991094,1.313989322996073,0.774167768683124,0,0,0,0,0.0,0
scene-0831,12,13,4.354144223426222,2.0866586264710913,13.419861452825883,1.5183060498906968,0.6968184856461358,0,0,0,0,0.24,0
scene-0831,13,13,2.2289107068991427,1.4929536854501357,7.142529875108537,1.4607242416208601,0.9392803412880223,0,0,0,0,0.16,0
scene-0831,14,13,3.1134423931121766,1.7644949399508565,10.763829097224079,1.5066649256869378,0.9024495242476104,0,0,0,0,0.2,0
scene-0831,15,13,8.176168642568257,2.8594000494104104,26.178345397882023,1.9885102002115527,0.5757847771957051,0,0,0,0,0.64,0
scene-0831,16,13,3.9612154146309995,1.990280235200812,12.445394051489767,1.9263265689775713,1.3943865888149627,0,0,0,0,0.6,0
scene-0831,17,13,7.265117114056632,2.6953881193729097,23.194101693199535,1.8938605352180622,0.3951754874014717,0,0,0,0,0.52,0
scene-0831,18,13,10.801554790955693,3.2865718904286414,34.21450689562421,2.321981260903225,0.7697708775353864,0,0,1,1,0.76,0
scene-0831,19,13,4.587807226693918,2.141916717964057,15.323446676082888,1.5996768559373473,0.8038117921654463,0,0,0,0,0.36,0
scene-0831,20,13,9.420639900909897,3.0693060943656136,29.015270950183695,2.4941224976742475,1.595724711600008,0,0,1,1,0.92,1
scene-0831,21,13,9.919279529493854,3.149488772720718,28.43568362463894,2.522541626829416,1.8916285966304713,0,0,1,1,0.96,1
scene-0831,22,13,9.451848515637124,3.074385876177082,31.603256405735614,2.167745783165441,1.5023206403400338,0,0,0,1,0.72,0
scene-0831,23,13,1.431460897513375,1.1964367503187852,5.059703712299484,1.3283727094461806,0.9667383741166375,0,0,0,0,0.04,0
scene-0831,24,13,0.9940166268900451,0.9970038249124449,3.2547925844893957,1.9071814671323695,1.7645341044277219,0,0,0,0,0.56,0
scene-0831,25,13,2.896873858758798,1.7020205224258602,9.189248559697345,3.0398292137198055,2.8449460633037162,1,1,1,1,1.0,1
scene-0833,0,13,0.7825783767605775,0.884634600702786,3.21963745115656,0.6164453574829987,0.46218462990545,0,0,0,0,0.0,0
scene-0833,1,13,2.308713576317384,1.5194451540998062,8.528659337731177,0.9935109668577733,0.4429466463282629,0,0,0,0,0.04,0
scene-0833,2,13,1.3662430338038931,1.1688639928596882,5.502765614271654,1.155799704857054,0.9609581362190754,0,0,0,0,0.08,0
scene-0833,3,13,0.18749578324804292,0.43300783277908833,0.6087594221467835,1.3182428985569552,1.3031569666488736,0,0,0,0,0.16,0
scene-0833,4,13,2.375051638895623,1.5411202545212437,8.558130090496295,2.0548362475589155,1.7241761574317562,0,0,0,0,0.36,0
scene-0833,5,13,6.448395698312441,2.5393691536112746,20.387204078215078,3.013430798843629,2.298638876807619,0,1,1,1,0.72,0
scene-0833,6,13,7.0634130759195495,2.6577082375459407,22.041575915473516,3.138239641044503,2.7123569616818557,1,1,1,1,0.8,1
scene-0833,7,13,7.798097642709014,2.7925074113973296,23.979208021612656,3.1249186317380175,3.111661497694691,1,1,1,1,0.76,0
scene-0833,8,13,6.3049408794686554,2.5109641334492725,17.363489070051436,3.5710167608416508,3.567886109127562,1,1,1,1,0.88,1
scene-0833,9,13,13.323854549322752,3.650185549985473,36.719690293494075,3.9582710622577624,3.9215340970246015,1,1,1,1,1.0,1
scene-0833,10,13,10.862579972323553,3.2958428318600923,23.026631776227873,2.868742891352971,2.5132724815080625,0,1,1,1,0.68,0
scene-0833,11,12,8.474946682652215,2.9111761682612434,23.00930733205382,2.6112129885424737,2.1031107530720914,0,1,1,1,0.52,0
scene-0833,12,13,12.379873903764832,3.5185044981873808,29.65179449345665,2.7907058303398387,0.9583764873919564,0,1,1,1,0.6,0
scene-0833,13,13,7.271196151336377,2.696515557406702,15.56258001328382,2.101126810283234,0.8696144704370652,0,0,0,1,0.4,0
scene-0833,14,13,4.9485502803159775,2.2245337220001806,12.876812452145542,2.6622869933766173,2.102833113520599,0,1,1,1,0.56,0
scene-0833,15,13,6.583319872226217,2.565798096543494,20.895072416836374,2.8153346371953702,2.2104771611044796,0,1,1,1,0.64,0
scene-0833,16,13,7.9004722977743596,2.810777881258916,21.964251304209924,3.6220896737425656,3.0037088482882375,1,1,1,1,0.96,1
scene-0833,17,13,11.692627653456697,3.419448442871554,30.723146186350217,3.2387648282821746,2.1836708025493112,1,1,1,1,0.84,1
scene-0833,18,13,20.02061884795842,4.4744406184414185,51.73686276821168,3.585805916451375,1.3906717321164612,1,1,1,1,0.92,1
scene-0833,19,13,10.505348219917318,3.241195492394329,28.249723300151537,2.459532630049885,1.2367658433342263,0,0,1,1,0.48,0
scene-0833,20,13,4.636818983198658,2.1533274212712423,12.6098754813698,2.1117658570220055,1.6912676474523127,0,0,0,1,0.44,0
scene-0833,21,13,1.1222060299655263,1.0593422628997327,3.220557122979086,1.1815570334729928,0.9332332685185275,0,0,0,0,0.12,0
scene-0833,22,13,3.5913609880253916,1.895088649120508,11.23029957621504,1.5583888733175795,0.9586252867520395,0,0,0,0,0.2,0
scene-0833,23,13,1.18544277150072,1.0887804055459118,3.7408774981513107,1.9243688636016762,1.7510533151003849,0,0,0,0,0.32,0
scene-0833,24,13,1.234366983255815,1.111020694341836,4.161160846846726,1.7831188683070427,1.6278580595084415,0,0,0,0,0.24,0
scene-0833,25,13,1.752710056725234,1.3238995644403069,5.53545107679608,1.8984548880492627,1.7227177653036805,0,0,0,0,0.28,0
scene-0834,0,13,2.3502104899268725,1.5330396243825117,7.460223768453669,1.112727594136022,0.4188421026314491,0,0,0,0,0.0,0
scene-0834,1,13,2.437087673582017,1.5611174438785882,7.829964722450962,1.288915235921245,0.6823272015277042,0,0,0,0,0.038461538461538464,0
scene-0834,2,13,0.1595215622135798,0.3994015050216759,0.5222995340406391,1.5712074075207982,1.5679136733986532,0,0,0,0,0.19230769230769232,0
scene-0834,3,13,0.3829458571583559,0.6188261930125096,1.186311179042345,1.7710139812516912,1.7655837163520591,0,0,0,0,0.38461538461538464,0
scene-0834,4,13,1.1828531405624805,1.0875905206291936,3.6278878510258794,1.8703503022957337,1.7416618738507168,0,0,0,0,0.5384615384615384,0
scene-0834,5,13,2.6924802719087553,1.640877896709184,7.140332308614036,2.1349657428884266,1.798758142042048,0,0,0,1,0.7692307692307693,0
scene-0834,6,13,2.044314382881144,1.4297952241076846,4.418779157304706,2.390739117911905,2.0257101227783463,0,0,1,1,0.8846153846153846,1
scene-0834,7,13,1.7548683798860054,1.3247144522069674,4.764578716094291,2.6998692138851794,2.462881732107999,0,1,1,1,0.9615384615384616,1
scene-0834,8,13,1.4249479723260015,1.193711846437825,3.8793504858698786,2.8063745654221632,2.6713804056291033,0,1,1,1,1.0,1
scene-0834,9,13,3.9499050516993375,1.9874368044542543,12.264028665278532,2.57408104437844,2.372972670994515,0,1,1,1,0.9230769230769231,1
scene-0834,10,13,2.905945459218207,1.7046833897290743,8.867307536353357,1.8364820921327325,1.616395536540022,0,0,0,0,0.46153846153846156,0
scene-0834,11,13,2.961251280937695,1.7208286611216397,8.589809286628386,1.572953327429077,1.0425799917394907,0,0,0,0,0.23076923076923078,0
scene-0834,12,13,4.066103282380634,2.0164581033040667,11.094054341827562,1.9811082148154628,1.2316312747104383,0,0,0,0,0.6153846153846154,0
scene-0834,13,13,2.078501294313589,1.4417008338464639,6.092129033233655,2.1988635284919833,1.8354674941195122,0,0,0,1,0.8461538461538461,1
scene-0834,14,13,3.0386615066177085,1.743175695854468,11.540262499834395,1.903954481698006,1.5363436848870398,0,0,0,0,0.5769230769230769,0
scene-0834,15,13,2.977402296979705,1.7255150816436537,10.829534619928975,1.7212735595882291,1.3518157662015655,0,0,0,0,0.34615384615384615,0
scene-0834,16,13,2.667991520185193,1.6333987633720044,9.429943959728421,1.8239342160116343,1.6731147951324665,0,0,0,0,0.4230769230769231,0
scene-0834,17,13,1.3773809281433913,1.1736187320179374,5.014892644302129,1.6868977628263053,1.5462562901487622,0,0,0,0,0.2692307692307692,0
scene-0834,18,13,3.098815169104911,1.7603451846455884,10.602340921633983,1.7060607459967854,1.4285686449145552,0,0,0,0,0.3076923076923077,0
scene-0834,19,13,2.0529848959465085,1.432824098047806,6.666869778754061,1.4376240882108808,1.2951371877334328,0,0,0,0,0.11538461538461539,0
scene-0834,20,13,1.7972325510418934,1.3406090224378968,5.453138241996233,1.3150524463090392,1.1976845844584718,0,0,0,0,0.07692307692307693,0
scene-0834,21,13,1.314878696019537,1.1466816018492392,4.296623473316392,2.061705297345683,2.0472915607039877,0,0,0,0,0.7307692307692307,0
scene-0834,22,13,1.729404301625,1.3150681737556422,5.859184585771535,2.018453692821533,1.8804657783078156,0,0,0,0,0.6538461538461539,0
scene-0834,23,13,3.1544085591727473,1.7760654715332842,10.243345052991874,2.0450421007636597,1.796951452607643,0,0,0,0,0.6923076923076923,0
scene-0834,24,13,1.808033423662603,1.3446313337352374,5.9003671472959285,1.8397620047915595,1.7125919276100825,0,0,0,0,0.5,0
scene-0834,25,13,1.3236735040979422,1.1505101060390308,4.211266435770634,2.1350881937071255,2.0559693340701206,0,0,0,1,0.8076923076923077,1
scene-0834,26,13,2.188456514947021,1.479343271504968,6.814312557234833,1.5639524723028868,1.0812224177389957,0,0,0,0,0.15384615384615385,0
scene-0835,0,13,2.8977012351074833,1.7022635621746367,9.385689179942666,1.6748940545635391,1.6576032178647349,0,0,0,0,0.2,0
scene-0835,1,13,0.552439861189611,0.7432629825234208,1.8914966363914134,1.048541915361064,1.037985216917101,0,0,0,0,0.08,0
scene-0835,2,13,0.5930464987665323,0.7700951231935781,1.9449379879172557,0.8201876946159317,0.7519884190842246,0,0,0,0,0.0,0
scene-0835,3,13,0.7645258935612761,0.8743717136099932,2.4095797888377466,1.1849351610879053,1.1719351340149216,0,0,0,0,0.16,0
scene-0835,4,13,2.780680977393544,1.667537399098906,8.900479744312726,1.0266931852344525,0.8875499874188099,0,0,0,0,0.04,0
scene-0835,5,13,0.9073654845480917,0.9525573392442535,3.0195544082137453,1.0847946644938244,0.9140874377956685,0,0,0,0,0.12,0
scene-0835,6,13,12.16910449367458,3.4884243568801345,41.53704686344358,2.228163191761823,0.8548601945566761,0,0,0,1,0.56,0
scene-0835,7,13,5.611407595499038,2.368840981471538,19.722291002096846,2.0565722664733945,1.2314081388554725,0,0,0,0,0.44,0
scene-0835,8,13,3.0858970050392878,1.7566721393132207,9.81770400854425,2.520345368597773,2.211701897588565,0,0,1,1,0.68,0
scene-0835,9,13,5.067825314620649,2.2511830922029974,15.913424474363335,2.910358336616049,2.704709449310066,0,1,1,1,0.72,0
scene-0835,10,13,10.772409328868825,3.2821348736559908,31.112224307651122,3.4794015131266343,2.9055351229490256,1,1,1,1,1.0,1
scene-0835,11,13,9.756489914218225,3.123538044304603,28.377594168598193,2.9480450540952647,2.3407242238868977,0,1,1,1,0.76,0
scene-0835,12,13,16.526645845818976,4.065297756108275,44.31222547879747,3.057939732903714,1.854002923020775,1,1,1,1,0.8,1
scene-0835,13,13,15.092450006919265,3.8849002570103734,38.61405099266179,3.1244595115821765,2.292455811717742,1,1,1,1,0.88,1
scene-0835,14,13,17.633689821902006,4.199248721128817,44.108491729395574,3.153685604199055,1.8056005816616703,1,1,1,1,0.92,1
scene-0835,15,13,17.16464848411498,4.143024074768934,37.41558321448056,3.108239090553791,1.4999344096145097,1,1,1,1,0.84,1
scene-0835,16,13,19.344833309646962,4.398276174781088,45.04670347478631,3.360464036025299,2.3938139478109974,1,1,1,1,0.96,1
scene-0835,17,13,8.386413911923084,2.895930577883918,17.630678554478877,1.9750536719859457,1.343120793132791,0,0,0,0,0.4,0
scene-0835,18,13,9.04475708191861,3.007450262584339,19.714956063800855,2.18624793156581,1.6582273208982405,0,0,0,1,0.52,0
scene-0835,19,13,7.611740426037628,2.758938278765516,15.936916909719326,2.0987875440377275,1.2712926391495685,0,0,0,1,0.48,0
scene-0835,20,13,4.7390506849910805,2.176936077378268,9.14892685253297,1.7738717878872339,0.7608943187866238,0,0,0,0,0.32,0
scene-0835,21,13,3.929422110080458,1.9822770013498259,7.576841266209666,1.8071362251125096,0.6014686374150023,0,0,0,0,0.36,0
scene-0835,22,13,2.650639986038383,1.6280786178923863,7.131061991603445,1.7424689535371425,1.1140369117192663,0,0,0,0,0.28,0
scene-0835,23,13,1.3897385841107326,1.1788717420104413,3.2744649494266485,1.701995481294845,1.5571940054213576,0,0,0,0,0.24,0
scene-0835,24,13,1.0419853815668432,1.0207768519940306,2.9838591098419203,2.375580547065585,2.3740220837942108,0,0,1,1,0.6,0
scene-0835,25,13,1.1787631865946586,1.0857086103530076,3.254842007544804,2.5093841718892116,2.502868189207525,0,0,1,1,0.64,0
scene-0836,0,13,1.677600864817277,1.2952223225443873,5.065379282858375,1.0301415107345258,0.30544070904080706,0,0,0,0,0.15384615384615385,0
scene-0836,1,13,0.9217542377853629,0.9600803288190852,3.12242587817127,1.077275233448324,0.966187244534157,0,0,0,0,0.23076923076923078,0
scene-0836,2,13,0.9999311469569109,0.9999655728858423,3.249179106525239,1.3080181035247809,1.3037525058527892,0,0,0,0,0.34615384615384615,0
scene-0836,3,13,0.7723849830348896,0.8788543582613046,2.507891758753159,0.9263283538050047,0.8793040136213589,0,0,0,0,0.038461538461538464,0
scene-0836,4,13,0.44843287728941844,0.6696513102275082,1.47253207542827,0.5903905732026425,0.49124422954485686,0,0,0,0,0.0,0
scene-0836,5,13,1.6694244685674893,1.2920620993464242,5.471709005009477,0.9492160585181372,0.5060603811346779,0,0,0,0,0.11538461538461539,0
scene-0836,6,13,1.9986613883468707,1.4137402124672236,6.371985659741027,0.9278052216215011,0.27769241620840485,0,0,0,0,0.07692307692307693,0
scene-0836,7,13,4.2288630606352084,2.0564199621271935,12.451515008128704,1.51210507246736,0.4558723610153305,0,0,0,0,0.5,0
scene-0836,8,13,2.1751918409525968,1.4748531591153733,6.8705929880793075,1.3526949527752778,1.07033609264525,0,0,0,0,0.38461538461538464,0
scene-0836,9,13,2.258268088363636,1.5027535021964302,6.295762080427126,1.5326680971017455,1.3206468037196875,0,0,0,0,0.5384615384615384,0
scene-0836,10,13,4.717696628739964,2.172025927271579,12.555292987782309,1.8788050868149815,1.7274155984856316,0,0,0,0,0.7692307692307693,0
scene-0836,11,12,1.8375081574013479,1.3555471800720726,4.824286796304355,1.0610008391482768,0.5235007760113969,0,0,0,0,0.19230769230769232,0
scene-0836,12,13,2.7321179696991647,1.6529119667118284,6.291393273603442,1.4077693561060107,0.7730583133944493,0,0,0,0,0.4230769230769231,0
scene-0836,13,13,3.1904261796233655,1.7861764133543376,8.201642447250466,2.1524261642849707,1.6814506402331197,0,0,0,1,0.8846153846153846,1
scene-0836,14,13,2.3774609441187224,1.5419017297216844,6.217395887775238,2.349295734111883,2.0429172240392175,0,0,1,1,0.9615384615384616,1
scene-0836,15,13,1.624450213130831,1.2745392160035056,4.903254924919021,2.7512164307882916,2.74319220864022,0,1,1,1,1.0,1
scene-0836,16,13,3.019636537095463,1.7377101418520475,9.190888090219309,2.310963183090963,2.005883744111918,0,0,1,1,0.9230769230769231,1
scene-0836,17,13,1.863905390000803,1.3652492043582383,5.793219056708708,1.9650603260677986,1.862468953833375,0,0,0,0,0.8076923076923077,1
scene-0836,18,13,2.2101682741887534,1.4866634703888952,6.517628917902015,1.4874144886100296,1.3067571437459926,0,0,0,0,0.46153846153846156,0
scene-0836,19,13,2.165046090837133,1.4714095591768912,7.150032047499825,1.2599491416318145,0.7609643222924772,0,0,0,0,0.3076923076923077,0
scene-0836,20,13,1.563390253793614,1.2503560508085743,5.071153640094049,1.0973712070929844,0.6413511624180295,0,0,0,0,0.2692307692307692,0
scene-0836,21,13,1.9065447636644537,1.3807768696152372,6.070184737532783,1.682475747891985,1.6349091623457221,0,0,0,0,0.6538461538461539,0
scene-0836,22,13,1.1985809894018875,1.0947972366616054,3.3584659066698466,1.7858263368386043,1.7556565652807519,0,0,0,0,0.7307692307692307,0
scene-0836,23,13,0.617824203846617,0.7860179411734932,1.806449486241024,2.057341555353332,2.0486572606946405,0,0,0,0,0.8461538461538461,1
scene-0836,24,13,1.4157125237776997,1.189837183726286,4.032267822642671,1.5506320108148937,1.4280881800555498,0,0,0,0,0.5769230769230769,0
scene-0836,25,13,4.015945938144783,2.003982519420961,10.65802581651075,1.5612654351043125,0.7614231004284098,0,0,0,0,0.6153846153846154,0
scene-0836,26,13,2.6771972260025656,1.6362142970902576,6.5563278278190165,1.7696350144146178,1.305583580842549,0,0,0,0,0.6923076923076923,0
scene-0837,0,13,8.49292706628537,2.9142626968558223,24.298692991963893,2.0432697283682746,0.4429021019960977,0,0,0,0,0.6538461538461539,0
scene-0837,1,13,4.377025842721182,2.0921342793236724,10.209893812879342,1.4926497046272447,1.0733859050116636,0,0,0,0,0.38461538461538464,0
scene-0837,2,13,7.508035652508169,2.7400794974796203,20.42450302787713,2.137535806517746,0.40026103398231355,0,0,0,1,0.7307692307692307,0
scene-0837,3,13,10.133446374781427,3.183307458411994,27.335814661259185,2.5171626444145785,0.7741512107306289,0,0,1,1,0.8846153846153846,1
scene-0837,4,13,4.470459538516991,2.1143461255236784,11.425192639429376,1.6223019419551659,0.7521844720607346,0,0,0,0,0.46153846153846156,0
scene-0837,5,13,3.6401523071447386,1.907918317733948,9.658470644764334,2.112236491547251,1.6855344583670437,0,0,0,1,0.6923076923076923,0
scene-0837,6,13,0.9942091586004246,0.9971003753887693,2.7901394242041984,2.4359814907860065,2.4177724047984603,0,0,1,1,0.8461538461538461,1
scene-0837,7,13,0.19783215727201856,0.44478327000014123,0.5256891024845614,2.5483617656379183,2.540485505649961,0,0,1,1,0.9230769230769231,1
scene-0837,8,13,0.812749293695885,0.9015260915225277,2.553723025273393,2.8130660709263995,2.809492313674974,0,1,1,1,0.9615384615384616,1
scene-0837,9,13,0.9850700031988876,0.9925069285394876,2.6517205355629647,2.919866155727916,2.9165443852458153,0,1,1,1,1.0,1
scene-0837,10,13,5.082868628518106,2.254521818150826,16.505121740761588,2.4071160125468407,1.8682188097465573,0,0,1,1,0.8076923076923077,1
scene-0837,11,13,4.206874288389083,2.051066622123495,13.739591142842151,1.8168935032362716,1.4408280631702615,0,0,0,0,0.5384615384615384,0
scene-0837,12,12,2.0097791582108435,1.4176668008424418,6.62510403087914,2.150791816944358,2.1355206831442906,0,0,0,1,0.7692307692307693,0
scene-0837,13,13,1.9490779443709911,1.396093816464707,5.899748534809787,1.5090800864295704,1.4267863226604873,0,0,0,0,0.4230769230769231,0
scene-0837,14,13,0.9529550423783887,0.9761941622333073,3.1521909962771395,0.8922442835597614,0.7452539977673852,0,0,0,0,0.038461538461538464,0
scene-0837,15,13,3.5842253794489705,1.8932050547811694,11.65858834511619,1.0040241871330857,0.8080604678638642,0,0,0,0,0.15384615384615385,0
scene-0837,16,13,1.3708733233575554,1.1708429968862415,4.4389067586982955,0.8923408022923195,0.3050550274489213,0,0,0,0,0.07692307692307693,0
scene-0837,17,13,1.3741819637857526,1.1722550762465278,4.467801878945352,0.8957561146944358,0.3970076857736155,0,0,0,0,0.11538461538461539,0
scene-0837,18,13,3.687902846032762,1.9203913262751324,11.905658741480162,1.3020151937124116,0.6063651995690509,0,0,0,0,0.23076923076923078,0
scene-0837,19,13,6.988779123225801,2.643629914194837,22.1515524592787,1.6915463147958314,0.6008783378124809,0,0,0,0,0.5,0
scene-0837,20,13,8.278058963010729,2.87716161572664,24.66613231953289,1.8816684706730524,0.912835217733882,0,0,0,0,0.6153846153846154,0
scene-0837,21,13,1.012791755308548,1.006375553811075,2.7459021245913915,1.009861812313816,0.703046189393795,0,0,0,0,0.19230769230769232,0
scene-0837,22,13,0.8072402401825055,0.8984654919263764,2.1065978349975976,1.3413498172977905,1.178162047711414,0,0,0,0,0.2692307692307692,0
scene-0837,23,13,2.4971311386911883,1.5802313560650505,8.091407179777352,1.8229508997647228,1.7402748887914272,0,0,0,0,0.5769230769230769,0
scene-0837,24,13,1.471066169668352,1.2128751665642892,3.799910083845855,1.469028747180547,1.3891762175139268,0,0,0,0,0.34615384615384615,0
scene-0837,25,13,0.7064835072974329,0.8405257326801083,2.278030398712143,0.765628520385464,0.5230084504525062,0,0,0,0,0.0,0
scene-0837,26,13,3.0342244863511603,1.7419025478915748,9.867141080807237,1.356070379837117,0.7210987676138116,0,0,0,0,0.3076923076923077,0
scene-0838,0,13,6.016323456038624,2.4528194911241683,18.635921716244802,1.4901192237296728,0.7312846075717988,0,0,0,0,0.5384615384615384,0
scene-0838,1,13,6.261938260138565,2.5023865129389113,20.15308274248286,1.7291964303157905,1.3663217884720487,0,0,0,0,0.6923076923076923,0
scene-0838,2,13,6.6069473361371065,2.5703982835617336,20.83766848675628,1.960545566947395,1.3024195341301226,0,0,0,0,0.7692307692307693,0
scene-0838,3,13,5.11834898169586,2.2623768434316727,17.10831654058323,1.6509865938114214,0.585202750081578,0,0,0,0,0.6153846153846154,0
scene-0838,4,13,4.375590877328242,2.0917913082638626,14.725959988915168,1.8751449126452044,1.1694731043236581,0,0,0,0,0.7307692307692307,0
scene-0838,5,13,4.539161175286311,2.1305307262009414,14.476478800977295,2.691182098368917,2.43368720222334,0,1,1,1,0.8461538461538461,1
scene-0838,6,13,9.940472294968517,3.152851454630953,28.664408092590346,2.778959732911476,2.300966351302952,0,1,1,1,0.9230769230769231,1
scene-0838,7,13,11.563413099738286,3.4005018893890187,28.38079146044396,3.9440494447815038,3.542264474262872,1,1,1,1,1.0,1
scene-0838,8,13,9.490317024791912,3.080635815021294,22.28187693194659,3.8048417666003633,3.804403636490479,1,1,1,1,0.9615384615384616,1
scene-0838,9,13,12.524827318372617,3.5390432772675466,25.87143770612067,2.718741236353306,2.3371006192109856,0,1,1,1,0.8846153846153846,1
scene-0838,10,13,13.840368283219204,3.720264544789685,29.989604859276124,2.5017491510369894,2.335150205781279,0,0,1,1,0.8076923076923077,1
scene-0838,11,13,8.405234570634368,2.8991782578231318,16.361307939511484,1.7063056121055047,1.6770256161777162,0,0,0,0,0.6538461538461539,0
scene-0838,12,13,5.141153632616855,2.267411218243584,8.93975016248945,1.598725876116968,1.5948492418566165,0,0,0,0,0.5769230769230769,0
scene-0838,13,13,1.6198362033935005,1.2727278591252336,2.159474903171138,0.9294723915450439,0.9093801087098773,0,0,0,0,0.4230769230769231,0
scene-0838,14,13,3.4028457606278635,1.8446803952522137,8.036705580139815,1.2029576315920254,1.1344466422413306,0,0,0,0,0.5,0
scene-0838,15,13,0.79234579175529,0.8901380745453427,1.8807263370893237,0.5023487006280234,0.323656335578994,0,0,0,0,0.38461538461538464,0
scene-0838,16,13,0.18300530177514798,0.4277911894547946,0.5100999763313612,0.32472636784313746,0.09599734701839137,0,0,0,0,0.23076923076923078,0
scene-0838,17,13,0.0,0.0,0.0,0.2506120512021197,0.2506120512021197,0,0,0,0,0.15384615384615385,0
scene-0838,18,13,15.014792899408283,3.8748926306942084,48.927514792899395,1.165628906236866,0.5805644999621389,0,0,0,0,0.46153846153846156,0
scene-0838,19,13,0.27282699953040335,0.5223284402848493,0.9905845480878135,0.39107270633122915,0.3906475761372934,0,0,0,0,0.3076923076923077,0
scene-0838,20,13,0.5330621558185403,0.7301110571813991,1.6622622840236685,0.4229784834514484,0.27462416311123206,0,0,0,0,0.34615384615384615,0
scene-0838,21,13,0.19178842497298074,0.43793655359307554,0.5516080986156541,0.2781797939531724,0.25984195333031923,0,0,0,0,0.19230769230769232,0
scene-0838,22,13,0.058954419205634455,0.24280531132089028,0.14257295134678413,0.14383314438760675,0.14324601866840395,0,0,0,0,0.07692307692307693,0
scene-0838,23,13,1.5019873756092845,1.225555945524024,5.467427256614192,0.3328796586011701,0.33054764040133505,0,0,0,0,0.2692307692307692,0
scene-0838,24,13,0.03697478880647412,0.19228829607252262,0.10594175014215665,0.07005127507766683,0.02295382714020838,0,0,0,0,0.0,0
scene-0838,25,13,0.0426644255247259,0.2065536867856052,0.11656567734837472,0.09459471398596249,0.09231501038622815,0,0,0,0,0.038461538461538464,0
scene-0838,26,13,0.20465308272694968,0.4523859886501235,0.7869196261216378,0.20032074044543274,0.19863031176600318,0,0,0,0,0.11538461538461539,0
scene-0839,0,13,0.9563123916424981,0.977912261730314,2.774399924718482,0.7574330808704887,0.3597213793564395,0,0,0,0,0.0,0
scene-0839,1,13,2.519501013894606,1.5872936130075639,7.739937891408696,0.9294420584375614,0.5226406456165901,0,0,0,0,0.04,0
scene-0839,2,13,1.3940091925339064,1.180681664350686,3.9178208632219595,0.9874126376684949,0.5988432166073854,0,0,0,0,0.08,0
scene-0839,3,13,0.2946554617847192,0.5428217587613076,0.8261739143697174,1.4192857145781892,1.379201830923132,0,0,0,0,0.12,0
scene-0839,4,13,1.3006538920706698,1.1404621396919188,4.73691634511592,2.438370382296234,2.3321990763480387,0,0,1,1,0.44,0
scene-0839,5,13,0.663138448506358,0.814333131160926,2.0434806508318695,3.2684029255621025,3.2619703042332056,1,1,1,1,0.84,1
scene-0839,6,13,1.5935545699296085,1.262360713080698,4.458386442624822,4.244431902541804,4.237126987658364,1,1,1,1,1.0,1
scene-0839,7,13,3.380381084805323,1.8385812695677402,9.03712523824459,4.201834537692142,4.181226763519462,1,1,1,1,0.96,1
scene-0839,8,13,8.453718322585395,2.9075278713342363,24.49303355241979,2.5862228777572014,2.2460583763490947,0,1,1,1,0.6,0
scene-0839,9,13,10.621349639180117,3.2590412147102583,28.773240121592153,3.0679996927339728,2.8184586206391296,1,1,1,1,0.76,0
scene-0839,10,13,21.335233558701834,4.619007854366761,59.40284121651233,3.9596165833709316,2.262922588200179,1,1,1,1,0.92,1
scene-0839,11,13,11.348623639991127,3.3687718296125557,29.77931204795113,2.9178958125562584,1.830876928369191,0,1,1,1,0.68,0
scene-0839,12,13,3.962284183087966,1.9905487140705616,12.356159894897477,2.156827239106906,1.5842283495817273,0,0,0,1,0.24,0
scene-0839,13,13,1.6558926868081578,1.2868149388347019,5.381213940461104,2.279383743979312,2.053035376394817,0,0,0,1,0.36,0
scene-0839,14,13,1.3517582303114193,1.1626513795250144,4.4592392198458,2.5422917643253453,2.4110290554012415,0,0,1,1,0.48,0
scene-0839,15,13,1.4683166924102924,1.2117411821054414,4.999528360089669,2.186024868410515,2.1100632419249656,0,0,0,1,0.28,0
scene-0839,16,13,1.1642494068102665,1.07900389564184,4.222183825892956,2.1085556828481766,2.0438197193871885,0,0,0,1,0.2,0
scene-0839,17,13,0.6886162047938936,0.8298290214218189,2.5809703709020964,2.312102492149963,2.2765589603701923,0,0,1,1,0.4,0
scene-0839,18,13,2.387290364710496,1.545085876160447,8.106974351615323,2.575042219134069,2.444130052230715,0,1,1,1,0.56,0
scene-0839,19,12,1.4593661431191143,1.208042277041294,4.624623708577411,2.5915257781413428,2.468174016771771,0,1,1,1,0.64,0
scene-0839,20,13,2.812697416482061,1.6771098403151956,9.791147596144718,3.053047688630654,2.9383410050886307,1,1,1,1,0.72,0
scene-0839,21,13,1.7212783603609747,1.3119749846551856,5.562899736814844,3.6048051196191904,3.571993907985192,1,1,1,1,0.88,1
scene-0839,22,13,10.038689521375003,3.1683891051092514,34.41415627293479,3.194528559984648,2.313556915351899,1,1,1,1,0.8,1
scene-0839,23,13,3.9062768981730542,1.9764303423528626,14.97051786753459,2.5597139175306123,2.4711267459050634,0,0,1,1,0.52,0
scene-0839,24,13,5.713751480266416,2.3903454729947335,18.079093562429094,2.25550435205805,1.9591804352926518,0,0,0,1,0.32,0
scene-0839,25,13,4.499670654244514,2.121242714600221,15.500003851295618,2.032566936793866,1.7363713494451245,0,0,0,0,0.16,0
scene-0840,0,13,2.484691974208633,1.5762905741672864,7.090459519318746,1.2038803811735643,0.5753074555177211,0,0,0,0,0.2692307692307692,0
scene-0840,1,13,2.5603586363742465,1.6001120699420546,7.68678462155064,1.1181306930578947,0.3224059961707033,0,0,0,0,0.19230769230769232,0
scene-0840,2,13,2.3336253231003172,1.527620804748455,8.41563176040685,1.1259238139005328,0.620983784848025,0,0,0,0,0.23076923076923078,0
scene-0840,3,13,1.957963647095822,1.3992725421074417,6.445720818883095,1.230022624183572,0.5417172223545464,0,0,0,0,0.3076923076923077,0
scene-0840,4,13,0.7008233026333898,0.8371518993787148,2.4227012125683647,0.7369439130561388,0.42642540692697356,0,0,0,0,0.0,0
scene-0840,5,13,1.4145471927324806,1.1893473810172033,5.314053200198145,0.9302493903416912,0.7280827876208823,0,0,0,0,0.038461538461538464,0
scene-0840,6,13,1.3708961628175456,1.1708527502711628,4.816554490484018,0.9948705974500923,0.663458672419634,0,0,0,0,0.11538461538461539,0
scene-0840,7,13,1.5178542729030697,1.2320122860195306,5.177683340813295,0.9559427154747345,0.5896381966795571,0,0,0,0,0.07692307692307693,0
scene-0840,8,13,1.3020370424179861,1.14106837762598,4.2630746381759,1.1137815352048113,0.7668457947542183,0,0,0,0,0.15384615384615385,0
scene-0840,9,13,1.4214217443162054,1.1922339301983504,4.815453362963277,1.62871233142592,1.3587820123440562,0,0,0,0,0.34615384615384615,0
scene-0840,10,13,0.40902505085050644,0.63955066323983,1.3388253723730918,2.277505824524519,2.246597692469374,0,0,0,1,0.6538461538461539,0
scene-0840,11,13,6.53261050534158,2.5558972016381216,20.733660737316963,3.1778277409229005,2.4685420477400224,1,1,1,1,0.8846153846153846,1
scene-0840,12,13,2.2704225163268466,1.5067921277757084,7.480318397538171,2.1283218097804326,1.8957303684514846,0,0,0,1,0.5769230769230769,0
scene-0840,13,13,2.686128114537111,1.638941156520609,7.960701333426081,2.164227601196627,2.001547003841602,0,0,0,1,0.6153846153846154,0
scene-0840,14,13,3.015736286221646,1.7365875406156885,8.945094083272279,1.656939794423996,1.1704112966975229,0,0,0,0,0.38461538461538464,0
scene-0840,15,13,3.0704794806258406,1.7522783684751235,9.513947980063223,1.8551065475845478,1.5983910732484026,0,0,0,0,0.46153846153846156,0
scene-0840,16,13,8.098922851514496,2.8458606521603436,25.071423577387154,2.0526260435872983,0.7041159797801798,0,0,0,0,0.5384615384615384,0
scene-0840,17,13,7.588511372144321,2.754725280703018,22.32726503391661,2.435631852856242,1.6366302420976746,0,0,1,1,0.7692307692307693,0
scene-0840,18,13,7.082006218315958,2.66120390393445,20.206126228518055,1.967872502210194,1.1028322865161588,0,0,0,0,0.5,0
scene-0840,19,13,5.154227139702356,2.270292302700768,13.771927875521767,1.7281013080016516,1.109122897157426,0,0,0,0,0.4230769230769231,0
scene-0840,20,13,8.876515203187559,2.979348117153744,24.41864827578513,2.4234710974120834,1.1014156064114007,0,0,1,1,0.7307692307692307,0
scene-0840,21,13,6.711300064619905,2.5906176994338446,18.054008356470913,2.3530235552479004,1.3520402423321183,0,0,1,1,0.6923076923076923,0
scene-0840,22,13,3.7615244995724555,1.9394650034410148,10.621271216663846,2.6867291411906957,2.4501962015222176,0,1,1,1,0.8461538461538461,1
scene-0840,23,13,2.595032623466294,1.610910495175413,6.863875899088796,2.570676846343526,2.4217500382194452,0,1,1,1,0.8076923076923077,1
scene-0840,24,13,0.5179905200894476,0.7197155827752012,1.6070413854010301,3.235385060320183,3.2314284577396815,1,1,1,1,0.9615384615384616,1
scene-0840,25,13,0.3973237962015641,0.6303362564548894,1.165550819832864,3.6161187912774375,3.6144677896325335,1,1,1,1,1.0,1
scene-0840,26,13,1.802596222353701,1.342607992808661,4.330422837771154,3.186166250590133,3.1714694063093076,1,1,1,1,0.9230769230769231,1
scene-0841,0,13,4.926226576686133,2.2195104362642977,12.000357196434036,1.7425570701716018,1.3713202512558478,0,0,0,0,0.38461538461538464,0
scene-0841,1,13,2.9191810812971455,1.708561114299733,7.512580419747241,1.2639102485253941,1.1378502057260997,0,0,0,0,0.19230769230769232,0
scene-0841,2,13,3.341084395771226,1.8278633416563794,7.816162279470277,1.3946683603370218,1.0591230445289306,0,0,0,0,0.2692307692307692,0
scene-0841,3,13,3.1966446895473086,1.7879162982498114,8.171820665312541,1.311841543930788,0.6018849408964366,0,0,0,0,0.23076923076923078,0
scene-0841,4,13,3.1781006934659146,1.7827228313638424,7.926656389892733,1.562359743853534,0.9512895428113671,0,0,0,0,0.34615384615384615,0
scene-0841,5,13,2.2489239691849128,1.4996412801683316,5.718892928813597,2.05218855612289,1.794791902452905,0,0,0,0,0.5,0
scene-0841,6,13,1.6896320586495224,1.299858476392535,4.885201875063874,3.0355628199314113,2.9705155350683925,0,1,1,1,0.8846153846153846,1
scene-0841,7,13,0.6135598830221932,0.7833006338706698,1.8309009245883479,3.728229061156562,3.7205693504011683,1,1,1,1,0.9615384615384616,1
scene-0841,8,13,2.129412181273628,1.4592505546593526,6.146865412896163,3.8646074205578382,3.8578400914688946,1,1,1,1,1.0,1
scene-0841,9,13,1.7322827775824556,1.3161621395490966,5.49977957815424,3.370303773121507,3.334857351237425,1,1,1,1,0.9230769230769231,1
scene-0841,10,13,7.54004752312746,2.7459146969866817,22.24166311779301,2.8549514055369793,2.4598420219782526,0,1,1,1,0.8076923076923077,1
scene-0841,11,13,4.236112827192451,2.058181922763984,12.806076811823315,1.7792272392418498,1.0633709825128805,0,0,0,0,0.4230769230769231,0
scene-0841,12,13,4.2678048164306635,2.065866601799512,12.747203174816672,2.0843925170632227,1.6141499583579524,0,0,0,0,0.5384615384615384,0
scene-0841,13,13,5.051387424906284,2.2475291822146124,15.473716370190651,2.580201451360054,2.1561601250340203,0,1,1,1,0.6538461538461539,0
scene-0841,14,13,8.312422450434704,2.883127199836092,26.69362892471979,2.848893853836081,2.0613793516493764,0,1,1,1,0.7692307692307693,0
scene-0841,15,13,1.955165746702047,1.3982724150543937,6.476995214664391,2.1396942875563303,1.9655165984720184,0,0,0,1,0.5769230769230769,0
scene-0841,16,13,4.079863664222696,2.0198672392567527,12.248816675694137,2.528902469082088,2.3389404063610595,0,0,1,1,0.6153846153846154,0
scene-0841,17,13,2.2808225185961972,1.5102392256183115,7.855024882866565,1.22169808933444,0.8871969994520215,0,0,0,0,0.15384615384615385,0
scene-0841,18,13,3.0726114541058176,1.7528866061744603,9.642740244665923,1.4676159943672884,1.1985824211540637,0,0,0,0,0.3076923076923077,0
scene-0841,19,13,0.27413190138849847,0.5235760702978112,0.8411410179501461,0.8971543726580783,0.8339477577947395,0,0,0,0,0.038461538461538464,0
scene-0841,20,13,0.2509241762703652,0.5009233237436296,0.8200139914796315,0.781245809670012,0.6782282934797276,0,0,0,0,0.0,0
scene-0841,21,13,0.19850530453894785,0.4455393411798198,0.6427181294681394,0.9252427391535891,0.8569757666066168,0,0,0,0,0.07692307692307693,0
scene-0841,22,13,0.7470432269103431,0.8643166242242151,2.2492142693201784,1.0794397447206407,0.9610837915043944,0,0,0,0,0.11538461538461539,0
scene-0841,23,13,1.3633364594521218,1.167619997881212,4.451865125972491,1.8183402510017954,1.7428495315155808,0,0,0,0,0.46153846153846156,0
scene-0841,24,13,4.724705765261168,2.173638830454859,14.90713861094635,2.727411078288306,2.6979984313811314,0,1,1,1,0.7307692307692307,0
scene-0841,25,13,2.4465166440440407,1.5641344712153238,7.926031338176989,2.9685188379936482,2.9100253301843853,0,1,1,1,0.8461538461538461,1
scene-0841,26,13,1.2564033256758511,1.1208939850297401,4.205705866287189,2.6832460889398324,2.636167424577803,0,1,1,1,0.6923076923076923,0
scene-0842,0,13,16.73183454084101,4.090456519857045,38.50298330986338,3.6495671030794137,1.8414304087976736,1,1,1,1,0.84,1
scene-0842,1,13,18.725563398800393,4.327304403297784,43.705347614125046,3.7754971497763643,0.644828241402248,1,1,1,1,0.92,1
scene-0842,2,13,15.733399743231042,3.966534979453861,39.46135040791034,3.3016091185375314,0.408416305493744,1,1,1,1,0.72,0
scene-0842,3,13,8.489608292144544,2.913693239197384,24.608109487972992,2.207843115915969,0.7227055894340596,0,0,0,1,0.44,0
scene-0842,4,13,5.597624166600156,2.365929873559264,16.627714231791416,2.187482104412143,1.7928117684720588,0,0,0,1,0.4,0
scene-0842,5,13,2.24735004548308,1.4991164215907582,6.971386906947174,3.93004098345029,3.925850986814403,1,1,1,1,1.0,1
scene-0842,6,13,3.7003619961309333,1.9236325002793369,10.013405421222233,3.6848064800273588,3.679561999428677,1,1,1,1,0.88,1
scene-0842,7,13,4.390750329318365,2.095411732647874,9.62262140906965,3.8616974192027262,3.8611431920258887,1,1,1,1,0.96,1
scene-0842,8,13,5.916801250683295,2.4324475843650353,12.292125081302983,3.629070731765762,3.628992044663784,1,1,1,1,0.8,1
scene-0842,9,13,3.629906715553812,1.9052314073502494,6.623052211120356,2.458386173493015,2.454489669598607,0,0,1,1,0.56,0
scene-0842,10,13,5.193250433088765,2.278870429201442,11.123661773860912,3.049997183640691,3.0396241679108074,1,1,1,1,0.68,0
scene-0842,11,13,4.939623486153498,2.2225263746811867,11.993659687181262,2.8573289383289793,2.802360111158052,0,1,1,1,0.64,0
scene-0842,12,13,1.6939215144302626,1.3015074008357628,4.032736924692599,2.1582786009074506,2.1542439771042634,0,0,0,1,0.36,0
scene-0842,13,13,3.0526987117231847,1.7471973877393432,10.47784852363853,1.836885522223534,1.8131903111056265,0,0,0,0,0.28,0
scene-0842,14,13,3.343566363587783,1.828542141594714,10.983808833072137,1.3980053818716625,1.3873540835520615,0,0,0,0,0.08,0
scene-0842,15,13,4.380005831795816,2.092846346915085,14.273819820441524,1.2575007684797348,1.2562119739157898,0,0,0,0,0.0,0
scene-0842,16,13,12.922588767014153,3.5948002402100387,38.301429976440154,2.055609151235537,2.0492917288524755,0,0,0,0,0.32,0
scene-0842,17,13,13.363676354144404,3.655636244779341,40.285147937038815,2.336227525637482,2.301334236332314,0,0,1,1,0.48,0
scene-0842,18,13,6.610676364255544,2.5711235606745046,20.825270225927763,1.6258210942047044,1.5914218519413508,0,0,0,0,0.2,0
scene-0842,19,13,15.17860028236556,3.895972315400298,49.44971248476895,2.68028598750526,2.6770386794405248,0,1,1,1,0.6,0
scene-0842,20,13,6.564116770818491,2.5620532334084105,20.522919282108305,1.61457549381069,1.6140032735721517,0,0,0,0,0.16,0
scene-0842,21,13,2.616907745088472,1.617685922881346,8.729772988696189,1.3396701472131198,1.3300128158690248,0,0,0,0,0.04,0
scene-0842,22,13,12.35635800592037,3.5151611635770514,36.92220207993712,2.453510410434302,2.4269719094114084,0,0,1,1,0.52,0
scene-0842,23,13,56.47436451110437,7.514942748358391,160.43024981805144,3.47995994168942,3.4139616130263732,1,1,1,1,0.76,0
scene-0842,24,13,7.177588248721619,2.6791021348059165,22.965201354616166,1.666514316495185,1.3695309033606016,0,0,0,0,0.24,0
scene-0842,25,13,4.374766837792554,2.0915943291643706,14.155289471338174,1.4721538621650379,0.711170765288796,0,0,0,0,0.12,0
scene-0844,0,13,6.969186841939151,2.639921749207569,22.57564122360569,1.0140156637015971,0.42024758689933267,0,0,0,0,0.2,0
scene-0844,1,13,0.46357939128944664,0.680866647214744,1.519449588221657,0.45733466709234993,0.20083877240729864,0,0,0,0,0.0,0
scene-0844,2,13,4.3041265968382385,2.074638907578434,17.050361914626112,0.9139575392689482,0.6658073871671297,0,0,0,0,0.16,0
scene-0844,3,13,3.460299914614712,1.8601881395747883,13.313191293133324,0.7936264145877423,0.66351729370685,0,0,0,0,0.12,0
scene-0844,4,13,15.132347626626455,3.890031828485013,53.686721066503544,1.582564099506487,0.7508538637218739,0,0,0,0,0.56,0
scene-0844,5,13,0.2875895818209835,0.5362737937108092,1.0838160671270558,1.1836866240699928,1.1265018638527609,0,0,0,0,0.28,0
scene-0844,6,13,3.270144906499931,1.8083541982974272,12.442894692674532,1.4428662458941806,1.0182534134409689,0,0,0,0,0.36,0
scene-0844,7,13,1.7620347165284542,1.3274165572752414,6.625717311359382,1.4711652325078555,1.137569932550063,0,0,0,0,0.44,0
scene-0844,8,13,6.599170604972042,2.568885089873045,24.042750019523844,1.7887834353722167,0.8136134970699649,0,0,0,0,0.72,0
scene-0844,9,13,2.8251521233478987,1.68081888475466,10.08492051270729,1.8362870616551774,1.3741234714473631,0,0,0,0,0.76,0
scene-0844,10,13,1.4709291055347862,1.2128186614390406,4.463525429458768,1.783261503183686,1.5410499561266435,0,0,0,0,0.68,0
scene-0844,11,13,1.3576339674994624,1.1651755093115639,3.880570748934739,2.1560079036944346,1.9826838496181527,0,0,0,1,0.96,1
scene-0844,12,13,0.6698285630564618,0.8184305487067682,1.9732263382319597,1.4846647754491482,1.4212361137067548,0,0,0,0,0.48,0
scene-0844,13,13,6.739775398341579,2.5961077401258947,21.948601626781212,1.6998452799153512,1.4603927494886861,0,0,0,0,0.64,0
scene-0844,14,13,0.3562476837556619,0.5968648789765251,1.147590145951157,0.631309602947797,0.5464603977396667,0,0,0,0,0.04,0
scene-0844,15,13,0.2272134280543252,0.4766690970204857,0.7155494206862986,0.7738745899087779,0.6929081855185499,0,0,0,0,0.08,0
scene-0844,16,13,0.10238888760421365,0.31998263641049907,0.33685417581766736,1.0445020908776548,1.0200372935405106,0,0,0,0,0.24,0
scene-0844,17,13,0.12013914394207355,0.346610940309266,0.38354700917876977,1.3878518758665863,1.3803121746324505,0,0,0,0,0.32,0
scene-0844,18,13,0.37283835621476874,0.6106049100807892,1.0959051656557905,1.5998343046756298,1.5380844596159096,0,0,0,0,0.6,0
scene-0844,19,13,1.6948971272049895,1.3018821479707714,4.965330344669495,1.4480716981962114,1.1072415353531284,0,0,0,0,0.4,0
scene-0844,20,13,1.4232060916659524,1.1929820164889127,4.264301572219116,1.8397902865138822,1.7734011300876922,0,0,0,0,0.8,1
scene-0844,21,13,1.9274224387230074,1.3883164043988703,5.525230651526406,1.877034687825611,1.783203138633324,0,0,0,0,0.84,1
scene-0844,22,13,1.6425825027904875,1.2816327487975983,4.516593129030293,1.9941480262222162,1.97911872378649,0,0,0,0,0.88,1
scene-0844,23,13,2.7968532076532466,1.6723795046738783,7.759796508644025,2.3647800764884748,2.3576281307870635,0,0,1,1,1.0,1
scene-0844,24,13,2.504496028697244,1.5825599605377498,6.737359718784811,2.075380659892309,1.9245227682357913,0,0,0,0,0.92,1
scene-0844,25,13,4.611030010949104,2.1473309039244755,12.220581130617457,1.5745277120545664,1.0154489933592352,0,0,0,0,0.52,0
scene-0845,0,13,3.1172280094825098,1.7655673336020097,8.523695105552205,2.717878150657903,2.4859195539532104,0,1,1,1,0.8076923076923077,1
scene-0845,1,13,2.793786337587606,1.671462335078959,7.9180011411549795,3.6043497968491733,3.59804758794516,1,1,1,1,0.9230769230769231,1
scene-0845,2,13,2.3424980772475035,1.5305221583654067,6.1287223824941925,3.9177414191979665,3.9158824482806005,1,1,1,1,0.9615384615384616,1
scene-0845,3,13,4.190317461846825,2.0470264927076114,11.160286591222105,4.17794692463321,4.162071356355182,1,1,1,1,1.0,1
scene-0845,4,13,4.140924939572137,2.0349262737436304,11.908004602638906,3.2347838030869926,3.1246727036111768,1,1,1,1,0.8846153846153846,1
scene-0845,5,13,9.439233575686728,3.072333571682399,28.686927251292452,2.800458263847611,1.9421319133596464,0,1,1,1,0.8461538461538461,1
scene-0845,6,13,3.225881874807589,1.796074017073792,9.931872462992448,2.0027100979467707,1.5714283420422188,0,0,0,0,0.5,0
scene-0845,7,13,8.050678353906115,2.8373717334720374,24.196700437269556,2.64709004255607,1.8035430610864338,0,1,1,1,0.7692307692307693,0
scene-0845,8,13,1.698882212852953,1.303411758751989,5.621943113655393,2.6185102258945037,2.6143390327868246,0,1,1,1,0.7307692307692307,0
scene-0845,9,13,1.5172934958730382,1.231784679184247,4.396580462218542,2.4852483697456553,2.4757878991319964,0,0,1,1,0.6923076923076923,0
scene-0845,10,13,5.109275711831754,2.2603707023034416,16.2398859794051,1.9871152915805594,1.751685646006676,0,0,0,0,0.46153846153846156,0
scene-0845,11,13,5.783520673174003,2.4048951480623857,18.65866439792776,1.9450089348422577,1.3598092739592784,0,0,0,0,0.38461538461538464,0
scene-0845,12,13,4.463534606007507,2.1127078846843705,14.446341670143012,1.1330057339491235,0.7433266646811519,0,0,0,0,0.2692307692307692,0
scene-0845,13,13,5.531785303683043,2.3519747668040667,17.46462840407507,1.4687660726830876,0.3456065064525637,0,0,0,0,0.3076923076923077,0
scene-0845,14,13,0.9285291012800149,0.9636021488560592,3.0530457367497097,0.7370090184347282,0.34700177084080397,0,0,0,0,0.07692307692307693,0
scene-0845,15,13,1.4665856471829175,1.2110266913585834,4.748068775684298,0.738130735997,0.3882274320462616,0,0,0,0,0.11538461538461539,0
scene-0845,16,13,0.3778936466742815,0.6147305480243206,1.0998509553226887,0.5448381038801788,0.27188099540081284,0,0,0,0,0.0,0
scene-0845,17,13,0.5125242799057071,0.7159080107847007,1.6282188934812605,0.6586338868864446,0.5573443168597207,0,0,0,0,0.038461538461538464,0
scene-0845,18,13,1.674761712580209,1.2941258488185023,6.478918771397078,0.8940286293632037,0.7506603551300438,0,0,0,0,0.19230769230769232,0
scene-0845,19,13,1.4163227676658858,1.1900935961788408,5.739492116817834,0.7844056065050549,0.42734456630821804,0,0,0,0,0.15384615384615385,0
scene-0845,20,13,1.3028027196043503,1.1414038372129078,4.986142824468156,0.9972484374120205,0.7580159148004993,0,0,0,0,0.23076923076923078,0
scene-0845,21,13,1.1341703366718539,1.0649743361564419,4.812866506459304,1.7386136292193746,1.6008914220383466,0,0,0,0,0.34615384615384615,0
scene-0845,22,13,6.729566683533988,2.5941408372588386,25.167104550377946,2.2649158919300802,1.625269817800537,0,0,0,1,0.6153846153846154,0
scene-0845,23,13,1.2621516589757147,1.1234552322970928,4.138174586136805,2.2720047685298534,2.1894577240871276,0,0,0,1,0.6538461538461539,0
scene-0845,24,13,2.4757061239685663,1.5734376771796734,6.423255913717235,1.9799926645977348,1.7686265245266366,0,0,0,0,0.4230769230769231,0
scene-0845,25,13,2.9379897585999637,1.7140565214134462,7.927369747733874,2.0202032909000653,1.7064756091906166,0,0,0,0,0.5384615384615384,0
scene-0845,26,13,4.071636291273906,2.017829599166864,11.369849954089302,2.128259993045037,1.4419720926962472,0,0,0,1,0.5769230769230769,0
scene-0846,0,13,0.6198968078898182,0.7873352576188991,2.0222380525203474,0.8996048450942384,0.7698113292935606,0,0,0,0,0.28,0
scene-0846,1,13,0.6925538964908808,0.8321982314874748,2.651211230655634,1.1695178310687204,1.0051216664763243,0,0,0,0,0.4,0
scene-0846,2,13,0.20950110002606745,0.4577129013104912,0.7082299096174206,0.9646213109700497,0.9169575988306632,0,0,0,0,0.32,0
scene-0846,3,13,0.30210710620025644,0.5496427077659235,1.0496274973739466,0.9760380114573591,0.9283373310715565,0,0,0,0,0.36,0
scene-0846,4,13,0.5564140436280869,0.7459316614999573,1.8535640003214826,0.6979718440057419,0.476921418868943,0,0,0,0,0.2,0
scene-0846,5,13,0.49325305255221435,0.7023197651726842,1.6635059745142704,0.6831557828365431,0.49715664473552773,0,0,0,0,0.16,0
scene-0846,6,13,0.8910757367282444,0.9439680803545448,2.9038092691464494,0.5995379033234334,0.25828946969454925,0,0,0,0,0.08,0
scene-0846,7,13,0.42421495420138405,0.6513178595750189,1.1467795176601314,0.5035221836097734,0.1391781459453247,0,0,0,0,0.04,0
scene-0846,8,13,0.3368900480744319,0.5804223014964466,0.9705282244242615,0.4636244328671921,0.2160376068139451,0,0,0,0,0.0,0
scene-0846,9,13,0.18413284023988252,0.4291070265561758,0.5857710842751984,0.630902505931213,0.5610274141445548,0,0,0,0,0.12,0
scene-0846,10,13,0.07260138537022755,0.2694464424894631,0.23730296984316857,0.7954577491104883,0.7910333795530441,0,0,0,0,0.24,0
scene-0846,11,13,7.163347050522336,2.676442984732224,26.11794213975766,1.3556627426933523,0.48918173506995033,0,0,0,0,0.52,0
scene-0846,12,13,0.5128794051941827,0.7161559922210962,1.7283201787302116,1.1840893727973856,1.1239632514200133,0,0,0,0,0.44,0
scene-0846,13,13,0.4221010813668549,0.6496930670453972,1.2200425438155569,1.2942349966260536,1.2501064222883385,0,0,0,0,0.48,0
scene-0846,14,13,0.9208531625007749,0.9596109432998223,2.7041840831879824,1.5486603481398962,1.3885147651735095,0,0,0,0,0.68,0
scene-0846,15,13,1.009573042701447,1.0047751204630055,3.071625978516516,1.6226339439328166,1.4705726396789458,0,0,0,0,0.72,0
scene-0846,16,13,0.5756847329265113,0.7587389095904541,1.681471295959328,1.716936747027336,1.624806930175566,0,0,0,0,0.76,0
scene-0846,17,13,1.4918768205715185,1.221424095296764,4.8211938872589775,2.118849257727563,2.009751044974855,0,0,0,1,0.88,1
scene-0846,18,13,1.0969129969758156,1.0473361432586081,3.5896252907612487,2.1532180716688623,2.0902158691806623,0,0,0,1,0.96,1
scene-0846,19,13,1.0207781347623353,1.010335654504153,2.9033880955533737,2.1513941830768304,2.0287570822931915,0,0,0,1,0.92,1
scene-0846,20,13,2.519153019279952,1.5871839903678313,7.057701201485061,1.7431615658027577,1.2603336786342962,0,0,0,0,0.8,1
scene-0846,21,13,2.3298018099714564,1.5263688315644606,7.243561968374324,1.4500224558405637,0.9990399013796548,0,0,0,0,0.56,0
scene-0846,22,13,2.7058435607456413,1.6449448503660058,8.47885736314994,1.5327782205968057,0.7802053306091102,0,0,0,0,0.64,0
scene-0846,23,13,0.511098918230204,0.714911825493329,1.808727021665434,1.48666187276751,1.4211238829258808,0,0,0,0,0.6,0
scene-0846,24,13,2.3488377902808977,1.5325918537826364,7.809045574102421,1.7900206090754074,1.4815724949798028,0,0,0,0,0.84,1
scene-0846,25,13,2.3909699478523954,1.5462761551069704,8.102273397454756,2.6322881467663186,2.4099782029448407,0,1,1,1,1.0,1
scene-0932,0,13,6.955591590838563,2.637345557722492,21.850988351335136,1.6664292907424623,1.4432375788024618,0,0,0,0,0.5769230769230769,0
scene-0932,1,13,6.713919316808361,2.591123176695458,22.31803842450127,1.4851259829773211,1.1987596206110922,0,0,0,0,0.5,0
scene-0932,2,13,6.562923666334488,2.5618203813566804,21.306103044327998,1.4582582476381978,1.155776337073424,0,0,0,0,0.38461538461538464,0
scene-0932,3,13,3.7225836845765308,1.9293998249654039,12.502967427360334,1.4296168586633327,1.1542401119725716,0,0,0,0,0.34615384615384615,0
scene-0932,4,13,6.804420945876522,2.6085285020249485,22.170018990925218,1.707999644069059,0.780341303925015,0,0,0,0,0.6153846153846154,0
scene-0932,5,13,3.785002470986008,1.9455082808834323,12.296535372799498,1.4848844714397202,0.6511395552376035,0,0,0,0,0.46153846153846156,0
scene-0932,6,13,6.387728315039605,2.5273955596699946,20.39597867339922,2.202776333331018,1.3967720178668985,0,0,0,1,0.7307692307692307,0
scene-0932,7,13,5.581254954685215,2.362467979610563,17.263940676198292,3.401569202515513,3.069714853338269,1,1,1,1,0.8076923076923077,1
scene-0932,8,13,4.745298093668999,2.1783705134042277,14.269859206500628,4.118920014681912,4.112086093041754,1,1,1,1,0.9230769230769231,1
scene-0932,9,13,4.589782678149786,2.1423778093860535,11.968550002561292,4.924499576688946,4.921980277655652,1,1,1,1,1.0,1
scene-0932,10,13,10.312732361140094,3.2113443230429364,29.07155089059146,4.1369223061184695,3.687433413547771,1,1,1,1,0.9615384615384616,1
scene-0932,11,13,7.710703589137112,2.776815368211778,19.389988810972355,3.462760757667792,3.4624813116076267,1,1,1,1,0.8461538461538461,1
scene-0932,12,13,12.792465203894418,3.5766555892194063,33.38310598550384,3.7250998577050742,3.2454639308925515,1,1,1,1,0.8846153846153846,1
scene-0932,13,13,12.922221951693786,3.5947492195831665,35.461743509428054,2.62345772964498,0.8061406644491994,0,1,1,1,0.7692307692307693,0
scene-0932,14,13,2.245593403178257,1.498530414498904,7.155219436022538,1.0029500466438799,0.5887989102931367,0,0,0,0,0.038461538461538464,0
scene-0932,15,13,4.435752028573956,2.1061225103431083,14.228470889076805,1.4792027831438117,0.10780199738000935,0,0,0,0,0.4230769230769231,0
scene-0932,16,13,2.517223510337144,1.586576033582111,7.854558367094217,1.1618859115960223,0.7138943491981982,0,0,0,0,0.11538461538461539,0
scene-0932,17,13,4.797829812177789,2.190394898683292,13.946495297473819,1.365969380223127,0.6354160277240414,0,0,0,0,0.3076923076923077,0
scene-0932,18,13,2.8643176882712766,1.692429522394146,8.611360843034761,1.1900667578183641,0.4005535960158971,0,0,0,0,0.15384615384615385,0
scene-0932,19,13,0.8111606946970745,0.9006445995491643,2.3311077737095647,0.7808895316277098,0.46102065076001586,0,0,0,0,0.0,0
scene-0932,20,13,2.190996400657949,1.4802014729954667,6.336678449393,1.139182047362883,0.5514367919407961,0,0,0,0,0.07692307692307693,0
scene-0932,21,13,3.4924852273050626,1.8688192066931093,9.229742362548738,1.6659402316171577,1.1544742641987178,0,0,0,0,0.5384615384615384,0
scene-0932,22,13,2.121364538774353,1.456490487018145,6.052362192574226,1.2199432152470864,0.9361969463907228,0,0,0,0,0.19230769230769232,0
scene-0932,23,13,3.329259510471722,1.8246258549279966,9.701361506421742,1.7408732041451922,1.6274732791178856,0,0,0,0,0.6923076923076923,0
scene-0932,24,13,1.162775039630166,1.0783204716735029,3.726189557330702,1.3418617148543808,1.3260722509683804,0,0,0,0,0.2692307692307692,0
scene-0932,25,13,3.402731188822911,1.844649340341657,10.575392596172124,1.732440349761357,1.5649378215326692,0,0,0,0,0.6538461538461539,0
scene-0932,26,13,1.9488192141229927,1.396001151189709,6.092645828963855,1.2323136210301284,0.8320129974478808,0,0,0,0,0.23076923076923078,0
scene-0933,0,13,0.7265603264593482,0.8523850810867986,2.302106851444451,1.3945841331264275,1.3174985255265967,0,0,0,0,0.12,0
scene-0933,1,13,1.7922631340708481,1.3387543217748537,5.942807161324988,1.2960646873020818,1.0309161608625745,0,0,0,0,0.08,0
scene-0933,2,13,1.4741247963714545,1.2141354110524305,4.651701882954357,1.1282481396143127,0.6724845710851087,0,0,0,0,0.0,0
scene-0933,3,13,4.1867770432475,2.0461615388936183,13.111747720649634,1.4198785048087932,0.3867854147049387,0,0,0,0,0.24,0
scene-0933,4,13,2.1286411642441956,1.4589863482035037,6.722439530990357,1.210297870286547,0.4505039751029043,0,0,0,0,0.04,0
scene-0933,5,13,1.746956421635432,1.3217247904293208,6.480129309242751,1.738359450050356,1.4440405975303123,0,0,0,0,0.4,0
scene-0933,6,13,2.480376770380872,1.5749211949748063,8.207841948055277,1.402225712985373,0.9324085329930183,0,0,0,0,0.16,0
scene-0933,7,13,1.508143878644918,1.2280650954427936,4.5223735341619875,1.9457234623932012,1.7198008245653646,0,0,0,0,0.48,0
scene-0933,8,13,1.321220670554529,1.149443635222941,3.88199667073419,2.6859224738169205,2.5044103552878902,0,1,1,1,0.88,1
scene-0933,9,13,1.375677918546052,1.172892969774332,4.796358425160205,2.7800404254341364,2.7047609253268283,0,1,1,1,1.0,1
scene-0933,10,13,2.638831739174943,1.6244481337287884,9.164914920109723,2.7205975033513377,2.497256502641808,0,1,1,1,0.96,1
scene-0933,11,13,4.091033566056141,2.022630358235568,14.840142650823497,2.541003975355039,2.177303986820348,0,0,1,1,0.84,1
scene-0933,12,13,3.0071322343018303,1.73410848400607,10.38041605416471,2.2789715836312228,2.0880526103659456,0,0,0,1,0.68,0
scene-0933,13,13,3.0811674827642297,1.755325463486538,10.93680169383718,2.3376967331016028,2.1431327865144825,0,0,1,1,0.76,0
scene-0933,14,13,5.486749491506841,2.3423811584596645,19.0814988899294,2.3832918893094917,1.8034348661998678,0,0,1,1,0.8,1
scene-0933,15,13,2.9899624736016293,1.7291507955067509,10.130762947049265,1.4173204524363072,1.0946429056098257,0,0,0,0,0.2,0
scene-0933,16,13,5.143539563224068,2.267937292612842,16.51090575139871,1.8422074943260704,1.2140561117819466,0,0,0,0,0.44,0
scene-0933,17,13,3.0655283444830457,1.7508650274887112,9.842899934299385,1.5852519809950343,1.133321727604909,0,0,0,0,0.28,0
scene-0933,18,13,3.2013606344369308,1.7892346504684429,9.783363283149344,2.1414901591560405,1.784539048031417,0,0,0,1,0.6,0
scene-0933,19,13,1.9399076485195723,1.392805675074442,5.4976377589908445,1.692749025852233,1.306637991721936,0,0,0,0,0.36,0
scene-0933,20,13,2.5411963031272413,1.59411301454045,7.944448727254242,1.995366862698711,1.6715259927682953,0,0,0,0,0.56,0
scene-0933,21,13,3.255177132821313,1.804210944657335,10.695428830180596,2.223355804028833,1.805665991061397,0,0,0,1,0.64,0
scene-0933,22,13,1.0651414182657934,1.0320568871267675,3.202783060313889,1.9521072129822084,1.8570390125849852,0,0,0,0,0.52,0
scene-0933,23,13,1.2861847934005313,1.1341008744377774,3.716356608584824,1.6151714300678366,1.4411449706744779,0,0,0,0,0.32,0
scene-0933,24,13,3.111259332895809,1.7638762238025119,8.726790417527532,2.315068583887113,1.9993818257169036,0,0,1,1,0.72,0
scene-0933,25,13,0.8552332150266113,0.9247882000904917,2.7123453501611428,2.714372285086978,2.698211689286792,0,1,1,1,0.92,1
scene-0935,0,13,1.4914449649214905,1.221247298838974,4.521178927756067,1.4283987795952353,1.1824830027524555,0,0,0,0,0.0,0
scene-0935,1,13,1.2922335808295802,1.1367645230343795,4.752132914970598,1.4882556724729528,1.2953828299798837,0,0,0,0,0.04,0
scene-0935,2,13,1.489247461946137,1.2203472710446552,4.736719400730454,2.184392570948028,2.12062605179928,0,0,0,1,0.24,0
scene-0935,3,13,4.186444628957193,2.0460803085307266,13.520107896495613,3.2485473110665857,2.90351011176728,1,1,1,1,0.88,1
scene-0935,4,13,3.4980783343141386,1.8703150361140068,9.235567239111816,3.0580216262812376,3.0344850634594294,1,1,1,1,0.76,0
scene-0935,5,13,3.093000833379588,1.7586929332261467,7.27349722866019,2.927581004631112,2.9166765315312717,0,1,1,1,0.68,0
scene-0935,6,13,6.4348852327253665,2.5367075575882545,15.458355931026498,2.646307563418245,2.4969403303871287,0,1,1,1,0.48,0
scene-0935,7,13,9.66334063232195,3.1085914225452576,20.212223681813068,2.197406638663685,1.24050410461413,0,0,0,1,0.28,0
scene-0935,8,13,12.886241066566692,3.589741086285568,31.385057437396107,2.728580751719955,0.9082592852015741,0,1,1,1,0.56,0
scene-0935,9,13,9.85806745930286,3.1397559553734204,24.266543188188983,2.8158868866136664,1.201761264891953,0,1,1,1,0.6,0
scene-0935,10,13,1.8807215491312241,1.3713940167330556,4.20344323938385,2.033757398197643,1.7370027763774007,0,0,0,0,0.2,0
scene-0935,11,13,1.6517819874152266,1.2852167083473613,4.244023211534217,3.202192903651548,3.0973719668727333,1,1,1,1,0.84,1
scene-0935,12,13,1.175298422835932,1.084111812884599,3.6903163044414287,4.169348366687733,4.1531836644191245,1,1,1,1,0.96,1
scene-0935,13,13,0.6408262171243782,0.8005162191513537,2.105504786626857,4.377877207961344,4.372442241361553,1,1,1,1,1.0,1
scene-0935,14,13,2.419550026148629,1.5554902848133219,7.633611933160021,3.890324706846493,3.8832288168081006,1,1,1,1,0.92,1
scene-0935,15,13,4.0729175319563025,2.018147054095985,11.101110353460543,2.9404271074218062,2.8862800841107688,0,1,1,1,0.72,0
scene-0935,16,13,9.082915357411004,3.0137875435091646,27.99657209194015,3.10609893686335,2.9521812688267928,1,1,1,1,0.8,1
scene-0935,17,13,4.225885824616779,2.0556959465389766,13.466583594463831,1.6784098914286192,1.084472526429786,0,0,0,0,0.08,0
scene-0935,18,13,9.220427118927319,3.0365156213870064,28.893844901455353,2.263573972630531,1.5087428982306845,0,0,0,1,0.4,0
scene-0935,19,13,6.350458199518282,2.5200115474970115,20.384848517728436,1.7914601202345122,1.379921975691543,0,0,0,0,0.12,0
scene-0935,20,13,7.87086101364051,2.8055054827322135,26.163603784364547,2.2199191377452534,2.144251763833794,0,0,0,1,0.36,0
scene-0935,21,13,10.143944242100753,3.184955924671604,33.74163043313361,1.9281729935963896,1.2671484450269805,0,0,0,0,0.16,0
scene-0935,22,13,13.824290903937145,3.7181031325041465,44.50716952007643,2.7146996036768742,1.6838020193484462,0,1,1,1,0.52,0
scene-0935,23,13,10.979298578869182,3.313502463990208,34.586666013583496,2.201787500099086,0.4681209037123906,0,0,0,1,0.32,0
scene-0935,24,13,14.286241293866281,3.7797144460747667,44.68455773347621,2.910842461595884,0.4443223648455161,0,1,1,1,0.64,0
scene-0935,25,13,5.919207892714243,2.4329422296294343,18.49830660938445,2.2903960179238365,1.5521663569478807,0,0,0,1,0.44,0
scene-0936,0,13,3.6170946943532734,1.9018661084191162,11.713977546665832,2.4360950609719714,2.3622609170204223,0,0,1,1,0.8076923076923077,1
scene-0936,1,13,4.266548048592899,2.0655624049137074,13.918940573828197,3.3766438091542095,3.374615797644776,1,1,1,1,1.0,1
scene-0936,2,13,14.270634249647353,3.777649302098774,45.390180059374,2.5739681188359804,1.6147038870075139,0,1,1,1,0.8846153846153846,1
scene-0936,3,13,5.861984086872792,2.421153462065714,18.09044714962177,2.3397784005629996,1.9500907469690698,0,0,1,1,0.7307692307692307,0
scene-0936,4,13,8.392803677106464,2.8970335995819005,27.193362370167463,2.8391609152690833,2.680567714772028,0,1,1,1,0.9615384615384616,1
scene-0936,5,13,10.527545195425347,3.2446178812651185,31.643823129296532,1.9493531888271656,1.659739764909639,0,0,0,0,0.6538461538461539,0
scene-0936,6,13,1.2489458256115944,1.117562448193207,4.074542202125982,1.145246350312444,0.7344175437505287,0,0,0,0,0.2692307692307692,0
scene-0936,7,13,0.9654081761110263,0.9825518694252361,3.141780202724487,0.7643630008336433,0.6792562714405298,0,0,0,0,0.11538461538461539,0
scene-0936,8,13,0.29514869315830067,0.5432758904629402,0.9718550288776127,0.5543898448681375,0.4527241417661532,0,0,0,0,0.038461538461538464,0
scene-0936,9,13,0.06300585062440982,0.25100966241244543,0.20745980911075354,0.26682964393854386,0.19785244921164347,0,0,0,0,0.0,0
scene-0936,10,13,0.6675660646078715,0.8170471618014908,2.213721440597399,0.629543010651975,0.5881201491000477,0,0,0,0,0.07692307692307693,0
scene-0936,11,13,0.6731613818470854,0.8204641258745475,2.2865763300320854,0.8015302392156259,0.7692058149961166,0,0,0,0,0.15384615384615385,0
scene-0936,12,13,1.525872359203446,1.235262060942311,5.10312967750962,1.3763659400152641,1.2891664647346772,0,0,0,0,0.46153846153846156,0
scene-0936,13,13,2.8904877389331944,1.7001434465753749,9.38998894968398,1.9342587770283062,1.825340671332951,0,0,0,0,0.6153846153846154,0
scene-0936,14,13,0.8256901844775842,0.9086749608510098,2.8227209603243226,1.5570831876113778,1.4893162928197137,0,0,0,0,0.5,0
scene-0936,15,13,10.818992913089645,3.289223755400299,35.37739114267971,2.6134790644810146,2.4281418035929594,0,1,1,1,0.9230769230769231,1
scene-0936,16,13,0.9060683048976855,0.9518762025062322,3.080900797034892,1.1872417930273416,0.9875163954560197,0,0,0,0,0.34615384615384615,0
scene-0936,17,13,1.7881552186410854,1.3372192111397014,5.816915459294527,1.183283714838591,0.9001445835957962,0,0,0,0,0.3076923076923077,0
scene-0936,18,13,2.485740498548653,1.5766231314263572,7.700764847441827,1.2209171441965667,0.7414939998262012,0,0,0,0,0.38461538461538464,0
scene-0936,19,13,1.4445861788021948,1.2019093887653074,4.896638692929608,1.1213659579663526,0.773944888710559,0,0,0,0,0.23076923076923078,0
scene-0936,20,13,4.056020600420179,2.013956454449842,12.788410460962249,1.6618021869644486,0.8186843897697317,0,0,0,0,0.5384615384615384,0
scene-0936,21,13,1.7925188992546737,1.338849841936979,5.888628485412886,2.4393801398422714,2.25454151205326,0,0,1,1,0.8461538461538461,1
scene-0936,22,13,1.280161050920346,1.131442022783468,4.626866013819598,2.410169960218669,2.3026525113088527,0,0,1,1,0.7692307692307693,0
scene-0936,23,13,1.2701562366370476,1.1270120836251258,4.113489201268864,1.8870648070048952,1.704044376670509,0,0,0,0,0.5769230769230769,0
scene-0936,24,13,0.7666039867323469,0.8755592422745287,2.4147295991510793,0.9904783385537106,0.8733454038235825,0,0,0,0,0.19230769230769232,0
scene-0936,25,13,2.017636251460133,1.4204352331099552,6.361168149748893,1.3427019439669057,0.9093201305349279,0,0,0,0,0.4230769230769231,0
scene-0936,26,13,1.6757932949344372,1.2945243508464557,5.512173153012475,2.11215045270361,1.9720878118128196,0,0,0,1,0.6923076923076923,0
scene-0937,0,13,4.0605098759808875,2.0150706875891196,14.11974897257662,3.3303261212197195,3.317951940356984,1,1,1,1,1.0,1
scene-0937,1,13,3.971847736206133,1.992949506687546,13.482195810108124,2.895923840063671,2.6982555610507037,0,1,1,1,0.96,1
scene-0937,2,13,1.1581206633314,1.0761601476227411,3.949213097755831,1.8635312096178749,1.7958225103861674,0,0,0,0,0.92,1
scene-0937,3,13,0.9924243598306948,0.9962049788224785,3.14777866467991,1.7176866989929738,1.5764563097441864,0,0,0,0,0.88,1
scene-0937,4,13,3.7632120707874552,1.9399000156676776,12.760683442810622,1.3863099852163456,0.9439661885485219,0,0,0,0,0.76,0
scene-0937,5,13,0.8559629103573038,0.9251826362169275,3.122518318279217,0.8830921389895802,0.700219580162296,0,0,0,0,0.32,0
scene-0937,6,13,0.8283228769916429,0.9101224516468336,3.125673119756401,0.7930462895868562,0.6207060314886547,0,0,0,0,0.2,0
scene-0937,7,13,1.0576200395346638,1.0284065536229647,3.69968926618259,0.8132961870137136,0.6951753917115692,0,0,0,0,0.24,0
scene-0937,8,13,0.4747797211987603,0.6890426120340891,1.8279356647135723,0.6522651649642336,0.48417067676768183,0,0,0,0,0.08,0
scene-0937,9,13,2.6147289250686243,1.6170123453667953,10.538927876936794,1.0125527527509595,0.9296731325407194,0,0,0,0,0.52,0
scene-0937,10,13,5.6044900137880385,2.367380411718412,22.341874690655743,1.4047022819133954,1.2330346290445995,0,0,0,0,0.8,1
scene-0937,11,13,1.9011431184843046,1.3788194655154475,7.444745745759802,1.1362218112368527,0.9729887389191152,0,0,0,0,0.6,0
scene-0937,12,13,3.4208190093128206,1.8495456223929219,13.429276724675814,1.1961437620936215,1.0515863498946019,0,0,0,0,0.68,0
scene-0937,13,13,0.9628407746017005,0.9812445029663608,3.8595701961386006,0.9443775107166914,0.8271812711527016,0,0,0,0,0.44,0
scene-0937,14,13,1.3270210267536335,1.1519639867433502,5.0257922323059425,0.9335718966574691,0.8962533837580408,0,0,0,0,0.4,0
scene-0937,15,13,1.0783948902046439,1.0384579385823212,4.588137823296325,0.9198571176892585,0.8502273231187019,0,0,0,0,0.36,0
scene-0937,16,13,1.0410730826884569,1.0203298891478465,3.9983772888569975,1.382543808739831,1.3495615757127195,0,0,0,0,0.72,0
scene-0937,17,13,3.655724195005176,1.91199482086254,14.375824983204161,1.194850087759158,1.1405361515151253,0,0,0,0,0.64,0
scene-0937,18,13,0.4851975754771815,0.696561250341405,2.033429637199144,0.37018772840963415,0.26522435850884646,0,0,0,0,0.0,0
scene-0937,19,13,0.5797100754198475,0.7613869419814393,2.46961969921942,0.45731213502285684,0.27143414929224746,0,0,0,0,0.04,0
scene-0937,20,13,2.5207533559727806,1.5876880537349838,9.989337131563145,0.8392538302092182,0.7056459154616,0,0,0,0,0.28,0
scene-0937,21,13,0.8926437718946216,0.9447982704760957,3.4587148696446093,0.6740146941592713,0.542193416290782,0,0,0,0,0.12,0
scene-0937,22,13,1.6439915775159648,1.2821823495571778,6.342226145873233,0.7681090070585805,0.6186035520489122,0,0,0,0,0.16,0
scene-0937,23,13,1.0137086894882763,1.006831013372292,3.8604351033343005,1.101131323235724,0.9969288490724367,0,0,0,0,0.56,0
scene-0937,24,13,1.0664089941995156,1.0326708063073708,4.220692286720823,0.9703770062381538,0.7712367405841443,0,0,0,0,0.48,0
scene-0937,25,13,2.1174788602170014,1.455155957351995,7.83069024943209,1.4062791815837237,1.098570870856044,0,0,0,0,0.84,1
scene-0938,0,13,0.2105724870376343,0.458881778934002,0.6472671023404826,0.4352888353954648,0.27305008328447194,0,0,0,0,0.0,0
scene-0938,1,13,2.2478296841487455,1.4992763868442487,7.264475155304665,0.8171666932422534,0.27476823260851346,0,0,0,0,0.28,0
scene-0938,2,13,0.4010292429181242,0.6332686972511149,1.4081827904956523,0.5525343926422389,0.30364827941541456,0,0,0,0,0.04,0
scene-0938,3,13,1.0609980977491584,1.0300476191658123,3.220442922969101,0.8448326837169634,0.4369854919527482,0,0,0,0,0.36,0
scene-0938,4,13,1.056213292212307,1.0277223809046425,2.9465700853791352,0.7834790195107537,0.22694580619842278,0,0,0,0,0.2,0
scene-0938,5,13,1.598554984144729,1.264339742373358,4.772018507817912,0.9038596559975056,0.22102246485432078,0,0,0,0,0.48,0
scene-0938,6,13,1.3420699974372792,1.1584774479623154,3.960934274074383,1.0013879299554074,0.5823902676474434,0,0,0,0,0.68,0
scene-0938,7,13,1.2796424164036748,1.131212807743828,3.8385024666122853,0.7832098543447767,0.2551255951799219,0,0,0,0,0.16,0
scene-0938,8,13,1.575084497233006,1.2550237038530412,4.408922644015972,0.9697891691914665,0.08959374849748385,0,0,0,0,0.6,0
scene-0938,9,13,2.4255296667849904,1.5574112067097086,7.205806163378657,1.1323889089632426,0.20374899896819287,0,0,0,0,0.88,1
scene-0938,10,13,1.676340814256929,1.2947358086717649,4.697325215437714,1.0401158040704033,0.39620308370908014,0,0,0,0,0.76,0
scene-0938,11,13,1.2588132961382732,1.1219684915978136,3.2375043636561704,0.8500739947770402,0.3010244581480056,0,0,0,0,0.4,0
scene-0938,12,13,1.799112719455131,1.3413100758046705,5.098448403849445,1.1389647052053702,0.6342314346200332,0,0,0,0,0.92,1
scene-0938,13,13,1.7498622933684473,1.3228236062939183,5.4264263908222,0.942438477693842,0.5552388492654469,0,0,0,0,0.52,0
scene-0938,14,13,0.9210529976734207,0.9597150606682281,2.95014996130401,0.9568389483867894,0.745753222224737,0,0,0,0,0.56,0
scene-0938,15,13,1.5077309999617088,1.227896982634011,4.897187336402472,0.9722899755137312,0.6330268112952698,0,0,0,0,0.64,0
scene-0938,16,13,3.2379090519990545,1.7994190873721037,9.857058648755864,1.2683555200354855,0.6516680751924288,0,0,0,0,1.0,1
scene-0938,17,13,2.5751814546256506,1.604737191762455,8.23080621445586,1.2215798973253804,0.6534013771093562,0,0,0,0,0.96,1
scene-0938,18,13,2.2207589868010587,1.4902211201030062,7.176669685921126,1.0393698387525954,0.1682640564191142,0,0,0,0,0.72,0
scene-0938,19,13,0.7375135067254993,0.858786065749497,2.3074865284836794,0.8824230340664513,0.6512830449938928,0,0,0,0,0.44,0
scene-0938,20,13,1.4736443666364465,1.2139375464316302,4.426676713231061,1.068820852937503,0.5847362409700114,0,0,0,0,0.8,1
scene-0938,21,13,1.1001798579489919,1.0488945885783718,3.37688933680922,0.7063424536388937,0.16168892690880957,0,0,0,0,0.12,0
scene-0938,22,13,1.2905142753216525,1.1360080436870386,3.5591998862328116,0.8173422155373539,0.24733868538483664,0,0,0,0,0.32,0
scene-0938,23,13,1.2587123550785955,1.1219235067858215,3.558003466952628,0.8151281747680924,0.34656915749757483,0,0,0,0,0.24,0
scene-0938,24,13,1.730872641712154,1.315626330578768,5.154890448061794,1.0983712973653417,0.7614418695435082,0,0,0,0,0.84,1
scene-0938,25,13,0.7696253035287262,0.8772829096299131,2.2988831278451376,0.620564253064302,0.3483870908433559,0,0,0,0,0.08,0
scene-0939,0,13,1.4590301979054174,1.2079032237333491,3.833142161494635,0.9193404805121623,0.3430905546877201,0,0,0,0,0.24,0
scene-0939,1,13,1.2412984400916385,1.114135736834448,3.719030360430599,0.7569895346826757,0.11485091991266567,0,0,0,0,0.08,0
scene-0939,2,13,1.849746879808657,1.36005399885764,5.560479891005906,0.8316714054576674,0.19954119811797164,0,0,0,0,0.16,0
scene-0939,3,13,0.30551089795006914,0.5527304025925018,0.8408234278261861,0.4492908901675812,0.26404924658495493,0,0,0,0,0.04,0
scene-0939,4,13,0.22052502148842534,0.46960091725679726,0.6085336928864326,0.4339589245727877,0.3420913870095195,0,0,0,0,0.0,0
scene-0939,5,13,1.156220544895105,1.0752769619475278,3.1579847010116846,1.0645855454163806,0.983931379754063,0,0,0,0,0.4,0
scene-0939,6,13,1.0438371356775937,1.0216834811611637,3.0242248051400153,1.7047183036376092,1.6951254120492052,0,0,0,0,0.88,1
scene-0939,7,13,0.8108384752809705,0.9004656991140587,2.5919720262265056,1.6761623574544493,1.6755319611994093,0,0,0,0,0.84,1
scene-0939,8,13,1.4231518846028053,1.192959297127444,4.4666001693096895,1.7608319975289035,1.7594474050444664,0,0,0,0,0.92,1
scene-0939,9,13,1.9698322536396582,1.4035071263230758,5.585307253365424,1.365167236843414,1.3542499007367004,0,0,0,0,0.68,0
scene-0939,10,13,1.9300425916295447,1.3892597279233083,6.210872325502923,1.5370735726090092,1.3916169436276906,0,0,0,0,0.76,0
scene-0939,11,13,1.4209899857354724,1.1920528451941519,4.546048994613452,1.1697891796497442,1.1694038020518585,0,0,0,0,0.56,0
scene-0939,12,13,2.3724718479831535,1.540283041516446,7.106732038853417,0.9253288329559658,0.8497703942881026,0,0,0,0,0.28,0
scene-0939,13,13,2.329753733134162,1.526353082721741,7.459668768493222,1.2471257644541336,1.2185691166345298,0,0,0,0,0.6,0
scene-0939,14,13,1.0991701237427522,1.0484131455407988,3.4920908600799505,1.119775989662993,1.1186693128329503,0,0,0,0,0.48,0
scene-0939,15,13,0.803275148673106,0.8962561847335314,2.612356623301355,0.995007955215926,0.9903650478415477,0,0,0,0,0.36,0
scene-0939,16,13,1.6786187462935367,1.2956151999314984,5.415781729535829,1.156863258764909,1.074992086780595,0,0,0,0,0.52,0
scene-0939,17,13,1.7227793105940676,1.312546879389101,5.541945181825984,0.8112354165822532,0.2350250938015367,0,0,0,0,0.12,0
scene-0939,18,13,0.9346072615651311,0.9667508787506381,2.426948870127939,0.8749351833399943,0.6950589157690502,0,0,0,0,0.2,0
scene-0939,19,13,0.6578864224481153,0.8111019803009455,1.8383994064267761,0.9769612660834954,0.9355283412021596,0,0,0,0,0.32,0
scene-0939,20,13,1.9431637286930663,1.3939740774824567,5.549433202456938,1.0945853039338764,0.7261901126123718,0,0,0,0,0.44,0
scene-0939,21,13,1.1187055377016115,1.0576887716628232,3.3178577581476025,1.514518396973977,1.2916361811818655,0,0,0,0,0.72,0
scene-0939,22,13,1.4006485081256208,1.183489969592316,4.008014912939048,1.9677002875801768,1.7807384809079487,0,0,0,0,0.96,1
scene-0939,23,13,2.3159914312143606,1.5218381751074457,7.251500356371057,2.3839827908669946,2.111076915948159,0,0,1,1,1.0,1
scene-0939,24,13,1.9190087722403588,1.3852829213703455,6.101323894901745,1.5819365162599828,1.3048580469798854,0,0,0,0,0.8,1
scene-0939,25,13,0.8892470184776711,0.9429989493513081,3.180405702473794,1.2493909882891157,1.1740829118079796,0,0,0,0,0.64,0
scene-0940,0,13,2.5180033207899477,1.5868217671780116,8.201031736013606,1.3171393654031696,1.3132490394236136,0,0,0,0,0.72,0
scene-0940,1,13,3.7475875364153253,1.9358686774715184,11.720736692142916,1.6706617448197618,1.669748458392889,0,0,0,0,0.92,1
scene-0940,2,13,3.55518593823493,1.8855200710241538,11.379572870263216,2.259975310687807,2.257567199563201,0,0,0,1,1.0,1
scene-0940,3,13,2.205528265447034,1.4851021060678062,7.050488559019019,1.459649964255025,1.4572161338491456,0,0,0,0,0.88,1
scene-0940,4,13,1.2382940828462237,1.1127866295234787,3.794335776061154,1.0315167035833845,0.7766997166261831,0,0,0,0,0.36,0
scene-0940,5,13,2.3832891817330837,1.5437905239160796,7.980755450002481,1.7472607618384812,1.745436836321271,0,0,0,0,0.96,1
scene-0940,6,13,2.809507797563988,1.6761586433163145,9.119143171467238,1.2061839512279997,1.130020489828049,0,0,0,0,0.6,0
scene-0940,7,13,5.1242092898838925,2.263671639148199,16.215847900351466,1.2994851857564396,1.0226693194197118,0,0,0,0,0.68,0
scene-0940,8,13,0.6373496588102054,0.7983418182772374,1.978299673805406,0.7601773453262488,0.5388055151259022,0,0,0,0,0.16,0
scene-0940,9,13,3.358512346360058,1.8326244422576214,10.413636966281262,1.1778932758749494,0.4477888124514095,0,0,0,0,0.56,0
scene-0940,10,13,0.3007486568025333,0.5484055586904032,0.9227438377390589,0.9231082826181249,0.8586318048828612,0,0,0,0,0.32,0
scene-0940,11,13,0.6158195004556971,0.7847416775319743,1.745227327823147,0.8490963398108937,0.7916584597367281,0,0,0,0,0.2,0
scene-0940,12,13,1.875481607889542,1.3694822408083802,5.367376127253352,1.1093141154816084,0.45195979787310964,0,0,0,0,0.44,0
scene-0940,13,13,4.336834655627687,2.0825068200675085,12.209499434498387,1.3493271077250009,0.4912426642167363,0,0,0,0,0.76,0
scene-0940,14,13,3.2272087418415842,1.7964433589294109,9.848360095491548,1.1669198280019955,0.39744878218154095,0,0,0,0,0.52,0
scene-0940,15,13,2.802824365623783,1.6741637810034546,8.099324831798807,1.1336980845590063,0.16857335321191372,0,0,0,0,0.48,0
scene-0940,16,13,0.5523053704844028,0.7431725038538514,1.7697169157068553,0.5132963469932299,0.06832891731319156,0,0,0,0,0.08,0
scene-0940,17,13,0.6130237781461934,0.7829583501989064,1.9264985353927473,0.536158700012579,0.12178533235441151,0,0,0,0,0.12,0
scene-0940,18,13,0.30449488419409176,0.5518105509992463,0.910482160011663,0.4398610891054556,0.25697279341484686,0,0,0,0,0.04,0
scene-0940,19,13,0.2511025480097338,0.5011013350707957,0.7930864014880361,0.43263482486692806,0.31460689639388034,0,0,0,0,0.0,0
scene-0940,20,13,1.5761064878683786,1.2554307977217933,4.764979984444264,1.045118856522286,0.8898446956636364,0,0,0,0,0.4,0
scene-0940,21,13,0.29926920903609616,0.5470550329135965,0.7658950831487824,1.2506782329953063,1.2315782220669274,0,0,0,0,0.64,0
scene-0940,22,13,0.4619549451174172,0.679672674982169,1.3808978532473721,1.421652535676607,1.4056027363201604,0,0,0,0,0.84,1
scene-0940,23,13,0.9907078973427792,0.9953431053374405,3.2034401023068924,1.3495154960176765,1.3229636019399582,0,0,0,0,0.8,1
scene-0940,24,13,0.5152664267669103,0.7178206090430326,1.429559236187173,0.8655998461802803,0.7762648378283604,0,0,0,0,0.24,0
scene-0940,25,13,1.1858911118890874,1.0889862771812542,3.8516375019179656,0.9031687627367901,0.7715092237779807,0,0,0,0,0.28,0
scene-0941,0,13,1.4578228178059358,1.207403336837337,4.265805512391955,1.0601959007737496,0.9000318394445155,0,0,0,0,0.24,0
scene-0941,1,13,0.8113351687907381,0.9007414550195512,2.627484062161047,1.164005603699155,1.161731928035632,0,0,0,0,0.44,0
scene-0941,2,13,0.843583334516644,0.9184679278650093,2.727755077229486,1.0599121675309133,1.0590976798709588,0,0,0,0,0.2,0
scene-0941,3,13,0.9131594055674856,0.9555937450441404,3.1759637959612834,1.155238868227646,1.1548320759160335,0,0,0,0,0.4,0
scene-0941,4,13,1.1593020890771117,1.0767089156671417,3.7707248621625897,0.8814727194794111,0.7951133079413387,0,0,0,0,0.16,0
scene-0941,5,13,1.6237154147958772,1.2742509230115853,5.200443078303119,1.2197066267086296,0.9233229789724207,0,0,0,0,0.56,0
scene-0941,6,13,1.675617776145223,1.294456556298906,4.857652883240454,1.6512567674499685,1.646487377659377,0,0,0,0,0.88,1
scene-0941,7,13,0.295441467218534,0.5435452761440707,0.9414132560369018,1.3143609410754662,1.310034125752572,0,0,0,0,0.64,0
scene-0941,8,13,0.8312315281102872,0.9117189962429691,2.662471553423955,1.633520738471224,1.624475382264668,0,0,0,0,0.84,1
scene-0941,9,13,1.4894613439599869,1.2204348995173757,4.506588759063356,1.8042481012600138,1.7971984958463496,0,0,0,0,0.92,1
scene-0941,10,13,1.3367148679558287,1.1561638586099414,4.294946763433422,1.8823171390508582,1.872171956647927,0,0,0,0,0.96,1
scene-0941,11,13,0.5789481847631907,0.7608864466943741,1.6747381320774957,1.9110291348461794,1.8983818305055042,0,0,0,0,1.0,1
scene-0941,12,13,1.6810001047406737,1.2965338810616072,5.149583093882381,1.5716205962099805,1.5533187440948257,0,0,0,0,0.76,0
scene-0941,13,13,2.9021693335157726,1.703575455774053,9.011750928356754,1.486244899729614,1.4395849995555992,0,0,0,0,0.72,0
scene-0941,14,13,2.0421651044267777,1.4290434228625726,6.156660091660688,1.0899467382760144,0.504334749744089,0,0,0,0,0.32,0
scene-0941,15,13,0.4951638881069962,0.7036788245407106,1.5675064705536146,0.5551886702521855,0.37643116264449183,0,0,0,0,0.0,0
scene-0941,16,13,0.5606050692929138,0.7487356471365002,1.6506329339798045,0.6061648933924794,0.503788185426575,0,0,0,0,0.04,0
scene-0941,17,13,0.5026662036275567,0.7089895652458904,1.5463072528729935,1.0777132853280398,1.0388055811537609,0,0,0,0,0.28,0
scene-0941,18,13,2.350209069391314,1.5330391610755787,7.606136776439665,1.5869344240975793,1.5828692115256813,0,0,0,0,0.8,1
scene-0941,19,13,1.7535396393248137,1.3242128376227191,5.51992509056848,1.199707996871242,1.1850108187551147,0,0,0,0,0.48,0
scene-0941,20,13,1.1318419786986522,1.0638806223908077,3.7893758795510726,0.6488871840936569,0.46586089339436115,0,0,0,0,0.08,0
scene-0941,21,13,2.084329905506968,1.443720854426841,6.63143987721679,0.8522327636001195,0.49399146937603705,0,0,0,0,0.12,0
scene-0941,22,13,4.30328090223644,2.0744350802655744,13.053514281609038,1.2895251849550158,1.0308583133873486,0,0,0,0,0.6,0
scene-0941,23,13,1.855554216048248,1.3621872911050992,5.8664307155497815,1.210233537800073,0.9600464511520753,0,0,0,0,0.52,0
scene-0941,24,13,1.1657327885654543,1.0796910616308049,3.83183046402302,1.3308963398118732,1.1526240706715996,0,0,0,0,0.68,0
scene-0941,25,13,0.4504287094301547,0.671139858323252,1.4612348511438709,1.1213302690570202,1.0362708689557545,0,0,0,0,0.36,0
scene-0942,0,13,0.5726862406316854,0.7567603587871694,1.7957144213043463,1.0409494918860012,0.886295528876753,0,0,0,0,0.5,0
scene-0942,1,13,0.2723850639982294,0.5219052251110631,0.8650167234976165,1.7945339983138426,1.781848010599613,0,0,0,0,0.7307692307692307,0
scene-0942,2,13,0.44653483060321847,0.668232617135095,1.3237435781480458,1.9811300081628527,1.9732648607289296,0,0,0,0,0.7692307692307693,0
scene-0942,3,13,0.5453597955194766,0.7384847970808042,1.4177816120765305,2.600877508647549,2.60010451517901,0,1,1,1,0.9615384615384616,1
scene-0942,4,13,1.2993173028115377,1.1398760032615556,3.2707745048107433,2.6240843650064183,2.6240363166244074,0,1,1,1,1.0,1
scene-0942,5,13,3.273013096275815,1.8091470631974105,7.9923315753369515,2.2460717063349587,2.2411981745204863,0,0,0,1,0.9230769230769231,1
scene-0942,6,13,3.7665723570464418,1.9407659202094523,8.956428219717386,2.0708477298978063,2.0382200756712368,0,0,0,0,0.8076923076923077,1
scene-0942,7,13,3.7380806997862996,1.933411673644881,7.740489669083729,2.1866077566293223,2.1864642537432206,0,0,0,1,0.8846153846153846,1
scene-0942,8,13,5.65938529403673,2.378946257071969,13.991651908432601,2.161683320892126,2.0798266343322642,0,0,0,1,0.8461538461538461,1
scene-0942,9,13,4.646061401018739,2.1554724310504967,9.61065023567386,1.7026467436199253,1.359294266119069,0,0,0,0,0.6923076923076923,0
scene-0942,10,13,3.8689097219241653,1.9669544280242401,8.375238984939813,1.5436373375965455,0.9118608724556135,0,0,0,0,0.6538461538461539,0
scene-0942,11,13,2.299205038861011,1.516312975233349,5.1389453832700225,1.1483198690748133,0.7589007795421935,0,0,0,0,0.5769230769230769,0
scene-0942,12,13,0.48880036153910195,0.6991425902769062,0.9401953315782905,0.60617911848287,0.5165261665779146,0,0,0,0,0.4230769230769231,0
scene-0942,13,13,0.8419676447567744,0.917587949330621,2.1012928939741746,0.7310986864310662,0.6762551717492927,0,0,0,0,0.46153846153846156,0
scene-0942,14,13,0.5212848632589192,0.7220005978244888,1.2384277355516424,0.5455908225217103,0.2492515546262505,0,0,0,0,0.38461538461538464,0
scene-0942,15,13,0.1446086936440602,0.38027449775663397,0.3570880567148931,0.30229419014993536,0.22651092990811938,0,0,0,0,0.15384615384615385,0
scene-0942,16,13,0.10150533728314202,0.31859902272785146,0.25589326093491427,0.4591927623008898,0.45567750949857233,0,0,0,0,0.34615384615384615,0
scene-0942,17,13,0.12510217919233746,0.3536978642744927,0.3063589236428355,0.4358348077133239,0.43202189255886597,0,0,0,0,0.3076923076923077,0
scene-0942,18,13,0.1580043918580139,0.3974976627076113,0.3302563665956778,0.3061452214287597,0.24668607973809162,0,0,0,0,0.19230769230769232,0
scene-0942,19,13,0.08579974261584512,0.2929159309696984,0.17762842056442052,0.21086180976541197,0.11922325173160862,0,0,0,0,0.0,0
scene-0942,20,13,0.0915702714280467,0.3026058020396283,0.21771011410211874,0.2344948271647815,0.212500608497406,0,0,0,0,0.11538461538461539,0
scene-0942,21,13,0.13186403049063058,0.3631308724008888,0.4054401368469595,0.2294985848832985,0.22736761201574218,0,0,0,0,0.038461538461538464,0
scene-0942,22,13,0.13699345747878258,0.3701262723433485,0.47727951808197466,0.23058255302278943,0.19664705592782847,0,0,0,0,0.07692307692307693,0
scene-0942,23,13,1.3513313609467454,1.1624677892082624,4.403476331360946,0.3623037263948437,0.16003763295811502,0,0,0,0,0.2692307692307692,0
scene-0942,24,13,0.26621301775147926,0.5159583488533539,0.8698224852071004,0.33862148303276335,0.17760430124432425,0,0,0,0,0.23076923076923078,0
scene-0942,25,13,7.427268244575939,2.725301496087348,25.10946745562131,1.2494527086036364,0.37343895511095654,0,0,0,0,0.6153846153846154,0
scene-0942,26,13,2.5349013806706115,1.5921373623750594,8.657174556213018,1.124814781210237,0.19917980863031337,0,0,0,0,0.5384615384615384,0
scene-0943,0,13,0.5192569739351017,0.7205948750408246,1.7012324904651743,0.5730136143729327,0.5324263102755817,0,0,0,0,0.04,0
scene-0943,1,13,0.5134350327176811,0.7165438107454988,1.5368930364419922,0.5468659250692793,0.5104597746166547,0,0,0,0,0.0,0
scene-0943,2,13,2.3970465176277322,1.5482398126994836,7.93026602868668,0.8255782043938199,0.5561178602436465,0,0,0,0,0.16,0
scene-0943,3,13,1.0872088863757938,1.042693093089138,3.55706510469484,0.689698635976064,0.36049561203791397,0,0,0,0,0.08,0
scene-0943,4,13,2.0485624330602645,1.4312799981346294,6.320859508995634,1.0631632044736627,0.5132455234565897,0,0,0,0,0.36,0
scene-0943,5,13,0.7554244149329351,0.8691515488871518,2.3365934471261474,0.9843488332885486,0.8340077985734752,0,0,0,0,0.24,0
scene-0943,6,13,1.6479576782097618,1.2837280390369923,5.399717808043013,1.2558917726471368,0.8976244236740657,0,0,0,0,0.48,0
scene-0943,7,13,2.8341452106420593,1.6834919692835066,8.286964103108252,1.6633432174136418,1.2625358809336704,0,0,0,0,0.64,0
scene-0943,8,13,1.0812467961627703,1.0398301765974916,2.7981500131197454,1.8758485052990286,1.875014820819823,0,0,0,0,0.72,0
scene-0943,9,13,3.2386269794639744,1.7996185649920302,8.81814158586251,1.6020528088948505,1.191101341319323,0,0,0,0,0.6,0
scene-0943,10,13,2.6396124692879286,1.6246884222176043,7.870358914484905,1.886655515401952,1.5926736757021474,0,0,0,0,0.76,0
scene-0943,11,13,3.9065499112394284,1.9764994083579759,11.066500915111,1.9217539701871549,1.5292438371412345,0,0,0,0,0.8,1
scene-0943,12,13,1.9973457736183011,1.4132748400853605,4.910907475907281,1.5678626138879441,1.5043215722604355,0,0,0,0,0.56,0
scene-0943,13,13,4.239233324299147,2.0589398544637354,10.50032633189765,1.5439454785620847,0.817843692255179,0,0,0,0,0.52,0
scene-0943,14,13,2.0359382810023203,1.426863091190714,4.980654815964413,1.0494917561293897,0.2304628517004161,0,0,0,0,0.32,0
scene-0943,15,13,0.8977440976884785,0.9474935871489994,1.9776097544933722,0.7564203542605387,0.596248518717174,0,0,0,0,0.12,0
scene-0943,16,13,1.6185670044593679,1.2722291477793486,4.114812675927141,0.9357772111074744,0.433948383440348,0,0,0,0,0.2,0
scene-0943,17,13,1.3916177594286607,1.1796684955650298,3.681242965114689,1.189413627166457,0.8504474140131411,0,0,0,0,0.4,0
scene-0943,18,13,1.9303174486488872,1.3893586465160417,5.173446050337477,2.096324330500538,1.9638232711962769,0,0,0,0,1.0,1
scene-0943,19,13,0.9020403602510708,0.9497580535331464,2.8044552010140658,2.0223337461622135,2.019537473831536,0,0,0,0,0.88,1
scene-0943,20,13,0.14407916441081328,0.3795776131581172,0.4454463530291486,2.0438311616405493,2.0435147760055226,0,0,0,0,0.92,1
scene-0943,21,13,0.5554523281596817,0.7452867422406504,1.5333963681798397,2.054245853630259,2.0496861601518908,0,0,0,0,0.96,1
scene-0943,22,13,2.3731031468211663,1.5404879573762225,7.115736534458451,1.9542556293145854,1.850394202583036,0,0,0,0,0.84,1
scene-0943,23,13,2.901142894298831,1.7032741688579767,8.112195733768873,1.7116320514177839,1.4448674828555657,0,0,0,0,0.68,0
scene-0943,24,13,2.865231451460621,1.6926994569209919,9.456424053081852,0.9988062521063882,0.14639061420382263,0,0,0,0,0.28,0
scene-0943,25,13,2.7060138136567424,1.6449965998921525,8.898662712712213,1.2033198883268434,0.5614698184820602,0,0,0,0,0.44,0
scene-1026,0,13,1.506244870387831,1.2272916810554169,4.742670337694129,1.0993828667607766,0.6793198708490286,0,0,0,0,1.0,1
scene-1026,1,13,0.9121479311019698,0.9550643596648185,2.8554695404399117,0.9594916139205154,0.7698016536604544,0,0,0,0,0.88,1
scene-1026,2,13,0.841422790453656,0.9172910064170781,2.748113510590596,0.9371109769440286,0.7091469723659621,0,0,0,0,0.84,1
scene-1026,3,13,0.6870053460512685,0.8288578563609496,2.46880189419041,0.8207211561752277,0.6595321640788038,0,0,0,0,0.76,0
scene-1026,4,13,0.3482056899790757,0.5900895609812765,1.1127464706123695,0.6456654791489218,0.5817262166883431,0,0,0,0,0.44,0
scene-1026,5,13,0.1859224801107948,0.4311872912213378,0.5266562056124682,0.7137256843383419,0.7023304242113341,0,0,0,0,0.6,0
scene-1026,6,13,0.19176928147459807,0.43791469657297194,0.6309785832840478,0.6043785672358897,0.5314022595675715,0,0,0,0,0.36,0
scene-1026,7,13,0.1892172299597259,0.4349910688275403,0.6259800587170348,0.6252051681300878,0.5657714241556692,0,0,0,0,0.4,0
scene-1026,8,13,0.36987860409545426,0.6081764580246873,1.2674786451622306,0.768437906135326,0.6255799617614545,0,0,0,0,0.72,0
scene-1026,9,13,1.4818307447611103,1.217304704977809,5.719645528318371,1.050509197972207,0.9367234531119433,0,0,0,0,0.96,1
scene-1026,10,13,0.476721990912545,0.6904505709408495,1.7393481508100002,0.9789950144293516,0.903289198318578,0,0,0,0,0.92,1
scene-1026,11,13,0.29015666448655353,0.5386619203977143,0.7898617380019175,0.7195339867484513,0.6759878877415278,0,0,0,0,0.64,0
scene-1026,12,13,0.43339452838862025,0.6583270679446656,1.347067355141631,0.6956576737770412,0.396942987994346,0,0,0,0,0.52,0
scene-1026,13,13,0.2809554183036947,0.5300522788402052,0.9201471217218482,0.7064810368697757,0.6487852489350535,0,0,0,0,0.56,0
scene-1026,14,13,0.21819966950487024,0.46711847480577157,0.7648770316623832,0.5023994380828937,0.462688330961235,0,0,0,0,0.16,0
scene-1026,15,13,0.160726144335705,0.4009066528952906,0.5100454834955455,0.570619568202445,0.5521151818791631,0,0,0,0,0.2,0
scene-1026,16,13,0.14787610775428567,0.3845466262422356,0.49361940734340864,0.594179483064971,0.5656967225137212,0,0,0,0,0.32,0
scene-1026,17,13,0.2591705928240425,0.509088001060762,0.794963646859592,0.6698695680028973,0.561449452272376,0,0,0,0,0.48,0
scene-1026,18,13,1.306283873824209,1.1429277640446964,4.1433216240935025,0.893234509546348,0.8035728425586844,0,0,0,0,0.8,1
scene-1026,19,13,0.7034123782297842,0.8386968333252393,2.3029824339922667,0.5790378056436075,0.15168144901819167,0,0,0,0,0.24,0
scene-1026,20,13,0.24610975291617665,0.49609449998581584,0.8202098260496556,0.34028385929703037,0.2871685963425105,0,0,0,0,0.12,0
scene-1026,21,13,0.22772130379087183,0.4772015337264454,0.7297166686520522,0.32771389141385077,0.12874537045946272,0,0,0,0,0.08,0
scene-1026,22,13,0.11013495236965898,0.33186586502630694,0.3808888917044821,0.2963135655146823,0.19419150234782498,0,0,0,0,0.04,0
scene-1026,23,13,0.09633382038612348,0.3103769005356608,0.372873943491164,0.29376554630849355,0.209867192610924,0,0,0,0,0.0,0
scene-1026,24,13,0.7404851109389347,0.860514445514388,2.8996215856332634,0.7268275208209081,0.4635540126068564,0,0,0,0,0.68,0
scene-1026,25,13,0.26470647779771117,0.5144963340955028,1.015869529419661,0.5902804678922353,0.4785985566214655,0,0,0,0,0.28,0
scene-1027,0,13,0.07077352504811961,0.2660329397802453,0.18424715187514054,0.31225171781198063,0.23636282792405952,0,0,0,0,0.0,0
scene-1027,1,13,0.04030349878393293,0.2007573131518076,0.14708359775903965,0.36213598762101323,0.32253525390354537,0,0,0,0,0.08,0
scene-1027,2,13,0.07042524501475986,0.26537755182901185,0.18538850930084544,0.6487828099862238,0.628987349051402,0,0,0,0,0.48,0
scene-1027,3,13,0.047153802207839664,0.21714926250816433,0.11355630014764034,0.7092927944202345,0.6972675396032421,0,0,0,0,0.6,0
scene-1027,4,13,0.027542797617574406,0.16596022902362603,0.05723990112627189,0.3185018975300099,0.29145737160169843,0,0,0,0,0.04,0
scene-1027,5,13,0.19004525202669295,0.43594179889830814,0.566804410567826,0.49341549142636004,0.46603101971312516,0,0,0,0,0.28,0
scene-1027,6,13,0.01990037268859883,0.1410686807501893,0.066873965089679,0.45182467556500444,0.4389858684218983,0,0,0,0,0.12,0
scene-1027,7,13,0.010508883385645576,0.10251284497879071,0.034222036860391575,0.4544701229788592,0.4468258469737702,0,0,0,0,0.16,0
scene-1027,8,13,0.047319321551097866,0.2175300474672358,0.1303413136658843,0.5088868144774638,0.497261593095551,0,0,0,0,0.32,0
scene-1027,9,13,0.002099882191914103,0.04582447153993271,0.005904974468918444,0.46566182016603835,0.46373012406086556,0,0,0,0,0.24,0
scene-1027,10,13,0.2050193204093783,0.45279059222711143,0.6914686371572514,0.9064309475480717,0.8270702782262301,0,0,0,0,0.8,1
scene-1027,11,13,0.013057994824284427,0.11427158362552095,0.04186489028982066,1.2057583627991892,1.2027235641533647,0,0,0,0,1.0,1
scene-1027,12,13,0.2694930786044026,0.5191272277625232,1.0313651504737344,0.5297841719999533,0.4709973748023688,0,0,0,0,0.36,0
scene-1027,13,13,0.06508778999566774,0.2551230879314292,0.210383406991235,0.4568913457136026,0.41723170461955444,0,0,0,0,0.2,0
scene-1027,14,13,1.035149287091808,1.0174228654260764,3.8247368875614507,0.8246673437787,0.6026081125009354,0,0,0,0,0.72,0
scene-1027,15,13,0.009903828391652264,0.09951798024303078,0.030186279412209773,0.9903850683644051,0.9886840318913174,0,0,0,0,0.88,1
scene-1027,16,13,1.5203899322552887,1.2330409288646054,5.695700974577374,0.7680815936867101,0.429750054349973,0,0,0,0,0.64,0
scene-1027,17,13,0.3164434268322987,0.5625330451025066,0.7974165189572701,0.6799204706324448,0.6257284619233965,0,0,0,0,0.56,0
scene-1027,18,13,0.1983897174170799,0.4454096063367739,0.4992632628586958,1.1067722910409385,1.093036497976597,0,0,0,0,0.92,1
scene-1027,19,13,0.4634739732668398,0.680789228224742,1.5393843485147976,1.1825982144982363,1.1303507353848232,0,0,0,0,0.96,1
scene-1027,20,13,1.1677069535109856,1.0806049016689614,3.857055728637003,0.6738579588043254,0.22074633588141654,0,0,0,0,0.52,0
scene-1027,21,13,0.5026242459313611,0.7089599748443921,1.2704190131203783,0.5742652538742176,0.21619690589032395,0,0,0,0,0.4,0
scene-1027,22,13,0.9732751623319243,0.9865470907827585,2.6974167058800087,0.7797207045774761,0.3261192420007126,0,0,0,0,0.68,0
scene-1027,23,13,0.5632862786884566,0.7505240027397235,1.6523197828564362,0.9799373196555408,0.9010966472137311,0,0,0,0,0.84,1
scene-1027,24,13,2.487489472261048,1.5771776920375993,9.2806133589119,0.8504227053554706,0.6484967673474822,0,0,0,0,0.76,0
scene-1027,25,13,0.0682906981968124,0.26132489012111415,0.18942092707841984,0.5859799237065278,0.5658523917373558,0,0,0,0,0.44,0
scene-1028,0,13,0.9002873327767614,0.9488347236356611,2.462963642837951,0.5440072478024989,0.4967166789915134,0,0,0,0,0.04,0
scene-1028,1,13,2.6445426102293688,1.6262049717761193,9.354838412859188,0.601073702352591,0.5805959109839598,0,0,0,0,0.2,0
scene-1028,2,13,0.08591266796652042,0.2931086282703401,0.23355355511642445,0.6974226055361725,0.6962733455198261,0,0,0,0,0.36,0
scene-1028,3,13,0.5179199092651139,0.7196665264308977,1.966466267223801,0.6294367572838152,0.5510500530544867,0,0,0,0,0.24,0
scene-1028,4,13,5.221718504142943,2.28510798522585,16.993080878001333,1.0591531829292178,1.0475857308091066,0,0,0,0,0.84,1
scene-1028,5,13,0.19968236388094276,0.44685832640887735,0.8030015983039687,0.8510487236659436,0.8166553412167987,0,0,0,0,0.56,0
scene-1028,6,13,0.36817197189375,0.6067717626041526,1.4575367408250852,1.011590865267101,0.9333624749868216,0,0,0,0,0.8,1
scene-1028,7,13,0.3043197277866579,0.5516518175322709,0.906034964847602,0.8778797005738166,0.8472301049594252,0,0,0,0,0.64,0
scene-1028,8,13,0.2278012253343541,0.4772852662028801,0.677787091734954,0.9804790406350891,0.972683426890058,0,0,0,0,0.68,0
scene-1028,9,13,0.2439221423270318,0.49388474599549215,0.6928138673211814,0.9997495630860948,0.9913747442570914,0,0,0,0,0.76,0
scene-1028,10,13,0.7541598124376353,0.8684237516544762,2.431830558610305,0.9904069030575908,0.9821674101302209,0,0,0,0,0.72,0
scene-1028,11,13,0.6243061268324216,0.7901304492502624,1.9490574906500246,0.6737656480165609,0.38954486822785794,0,0,0,0,0.32,0
scene-1028,12,13,0.44862846127687517,0.6697973285083146,1.455754966677898,0.5638948243355806,0.34190885470348736,0,0,0,0,0.08,0
scene-1028,13,13,0.12292352161962301,0.35060450884097744,0.3950458678763258,0.33837680359108396,0.20060268374250054,0,0,0,0,0.0,0
scene-1028,14,13,0.49974382768471753,0.7069256167976355,1.631447344470194,0.7945919358039029,0.7511968903151192,0,0,0,0,0.48,0
scene-1028,15,13,0.12589374208346416,0.3548150815332744,0.41676389018635074,0.6713585379897032,0.6372547262053646,0,0,0,0,0.28,0
scene-1028,16,13,0.16252721072391388,0.4031466367513363,0.6004260454112536,0.8636248446693044,0.8257089928920552,0,0,0,0,0.6,0
scene-1028,17,13,0.047322797905663655,0.2175380378362912,0.1472246985943115,1.1641053504420062,1.1564096863713955,0,0,0,0,0.92,1
scene-1028,18,13,0.15424268740322142,0.3927374280651405,0.5053378350494193,1.4261365157180672,1.4104271623642937,0,0,0,0,0.96,1
scene-1028,19,13,0.6274529606842671,0.7921192843784749,2.4190243968780902,1.6935409286700376,1.6314326694834487,0,0,0,0,1.0,1
scene-1028,20,13,0.4348956585184507,0.6594661920966463,1.4845341678575872,0.5656696773866972,0.39806012330528423,0,0,0,0,0.12,0
scene-1028,21,13,0.37860883153144204,0.6153119790248213,1.1737462176631175,0.5983110156195782,0.42835677108483394,0,0,0,0,0.16,0
scene-1028,22,13,0.6979940899024437,0.8354604059453947,2.586406706433532,0.7655224668872526,0.6182984031577424,0,0,0,0,0.4,0
scene-1028,23,13,0.956449333771463,0.977982276818687,3.0738551960985805,1.1068149358481478,0.8713024229127196,0,0,0,0,0.88,1
scene-1028,24,13,0.278331245975493,0.5275710814435274,1.040218362623794,0.8249154133428639,0.7485791494574617,0,0,0,0,0.52,0
scene-1028,25,13,0.6654913614764618,0.8157765389348126,2.6381610907094037,0.7700968305474417,0.5348216396934599,0,0,0,0,0.44,0
scene-1029,0,13,0.3698228144967554,0.6081305900024726,1.228459645759216,0.705218282954345,0.6395061733565429,0,0,0,0,0.28,0
scene-1029,1,13,0.2651193268422274,0.5148973944799365,0.9298189769714961,0.5673321286271231,0.44309859262435075,0,0,0,0,0.04,0
scene-1029,2,13,0.08365649973306517,0.2892343336000503,0.26303611782519565,0.6560271905811325,0.6366276860363627,0,0,0,0,0.2,0
scene-1029,3,13,0.17371122107142142,0.41678678130600716,0.47995087279560694,0.5701283650472656,0.5182548760414751,0,0,0,0,0.08,0
scene-1029,4,13,0.13239097088930651,0.36385570064148576,0.3289526092400027,0.6006120500022805,0.5727041518831001,0,0,0,0,0.12,0
scene-1029,5,13,0.7755643932786332,0.8806613385851756,2.650753733082353,1.1546941457560098,1.060420318548436,0,0,0,0,0.44,0
scene-1029,6,13,0.27809101860149466,0.5273433593034946,0.6823772867591492,0.8991280727630252,0.8451966214069347,0,0,0,0,0.36,0
scene-1029,7,13,0.4373361086049235,0.6613139259118346,1.1534449990374012,0.713599583509712,0.5026967763385771,0,0,0,0,0.32,0
scene-1029,8,13,0.4734228199499338,0.6880572795559493,1.120861906471999,0.6559984511928043,0.3834425599792311,0,0,0,0,0.16,0
scene-1029,9,13,0.3083820537759503,0.555321576904725,0.8167881256844467,0.499087201264008,0.2969783907632688,0,0,0,0,0.0,0
scene-1029,10,13,0.07529222652424056,0.2743942902544449,0.21654601086567518,0.6752958290092401,0.6601118531730928,0,0,0,0,0.24,0
scene-1029,11,13,2.0657089633704317,1.4372574450565325,7.697546228699646,1.1866668191078444,0.8795577669441644,0,0,0,0,0.52,0
scene-1029,12,13,0.9695126111649183,0.9846383148978707,3.0683884068593303,1.3209775632760399,1.0805611589242294,0,0,0,0,0.64,0
scene-1029,13,13,0.36236596908261215,0.601968412030575,0.9388068768482578,1.2538843212913842,1.229688739450195,0,0,0,0,0.6,0
scene-1029,14,13,0.3053917265000006,0.5526225895672385,0.79776853221376,2.0348296392777794,2.031424444957602,0,0,0,0,0.96,1
scene-1029,15,13,0.9066259820081389,0.9521690931804807,2.6176513853891112,1.5949192023205956,1.5914802163495985,0,0,0,0,0.68,0
scene-1029,16,13,1.2915374628667546,1.1364582979004354,3.77182232598545,1.786812107903362,1.768704608041254,0,0,0,0,0.84,1
scene-1029,17,13,0.6679637429456227,0.8172904887159905,1.6242211327363192,1.859353505067914,1.858057572517793,0,0,0,0,0.88,1
scene-1029,18,13,3.171054106798626,1.7807453795527945,9.729512293603422,1.7671011089570214,1.4036928600306744,0,0,0,0,0.8,1
scene-1029,19,13,1.1783095297480095,1.0854996682394746,3.239526774921774,1.6740329695001632,1.6672893376097886,0,0,0,0,0.76,0
scene-1029,20,13,3.1678779162687793,1.7798533412247144,8.978974699679348,1.8792571504437912,1.5969287402620813,0,0,0,0,0.92,1
scene-1029,21,13,9.194507686461494,3.032244661379008,26.46551445201201,2.300038133719897,0.657689429981557,0,0,1,1,1.0,1
scene-1029,22,13,2.2850379266413694,1.5116341907489952,6.484202229547165,1.1624987089044632,0.5282151508349232,0,0,0,0,0.48,0
scene-1029,23,13,2.3502168405504693,1.53304169563338,6.528824718041169,1.0010967082114617,0.42178145335117345,0,0,0,0,0.4,0
scene-1029,24,13,5.446852634194983,2.3338493169429304,15.721194485021217,1.6542633407211396,0.4957554655841951,0,0,0,0,0.72,0
scene-1029,25,13,3.457937560260035,1.8595530538976388,10.934575128440375,1.2442851264540218,0.31201702332819525,0,0,0,0,0.56,0
scene-1030,0,13,5.174743680267039,2.274806295108891,16.55317538281756,1.6397605609379904,1.2609928237976795,0,0,0,0,0.76,0
scene-1030,1,13,9.892340772978534,3.145209177936904,32.156125884450226,1.8593071636911798,0.9955719267301747,0,0,0,0,0.88,1
scene-1030,2,13,7.688637622240781,2.7728392708991954,25.051299956196015,2.0269822035680076,1.8277566934163405,0,0,0,0,0.92,1
scene-1030,3,13,11.052472009682495,3.324525832307894,35.76757790394122,2.9244442759733094,2.668683971375613,0,1,1,1,0.96,1
scene-1030,4,13,17.466322965101114,4.17927301873198,52.63644417642547,3.2554081591310977,3.233249917320448,1,1,1,1,1.0,1
scene-1030,5,13,2.965408477682015,1.7220361429662314,7.53583584739351,1.2310406880123783,0.7533426720225801,0,0,0,0,0.68,0
scene-1030,6,13,1.4498507313372484,1.2040974758453937,4.739811785493785,1.145965981463371,0.9813465689925579,0,0,0,0,0.6,0
scene-1030,7,13,1.2135718638569128,1.10162237806651,3.7963927578942176,0.9630393670481019,0.5597945572358948,0,0,0,0,0.44,0
scene-1030,8,13,0.8659314972329875,0.9305544031559828,2.510682005160163,0.71237849359625,0.38410404286337146,0,0,0,0,0.28,0
scene-1030,9,13,1.5403278134616343,1.2410994373786632,4.4373485047746435,1.1793779116744816,1.0724000565546987,0,0,0,0,0.64,0
scene-1030,10,13,0.6949398140870954,0.8336305021333464,2.2382388253596956,0.6321552856518212,0.15533452044030563,0,0,0,0,0.24,0
scene-1030,11,13,0.40671952297278624,0.6377456569611323,1.3805017905042785,0.45700054111807614,0.319975620781096,0,0,0,0,0.0,0
scene-1030,12,13,1.1072742133424862,1.052270979046028,3.161084255218019,1.0961040262045356,1.0908425069013128,0,0,0,0,0.56,0
scene-1030,13,13,0.46409599346524116,0.6812459126227777,1.4083803556612295,0.6183922355083014,0.43066993945665083,0,0,0,0,0.2,0
scene-1030,14,13,0.2865784287448382,0.5353302053357705,0.936625902037368,0.5857904993393567,0.44621615396931547,0,0,0,0,0.12,0
scene-1030,15,13,0.367818366082048,0.6064803097232819,1.187686264764467,0.5622451884863227,0.4047075053998402,0,0,0,0,0.08,0
scene-1030,16,13,0.46683857430896314,0.6832558629890878,1.4558967505724023,0.7789146954140354,0.6354694451088528,0,0,0,0,0.36,0
scene-1030,17,13,0.3513459645321874,0.5927444344168804,1.265545520946548,0.6005920843904395,0.4606720375283044,0,0,0,0,0.16,0
scene-1030,18,13,0.27057771324475904,0.5201708500529024,0.8627794842892025,0.5035502987513936,0.3341187194098607,0,0,0,0,0.04,0
scene-1030,19,13,0.3095458029928642,0.5563684058183608,1.153494331750152,0.7755939196888474,0.7011514271791176,0,0,0,0,0.32,0
scene-1030,20,13,0.05038126043121081,0.22445770298925097,0.15025339256642664,0.8238528124100247,0.82140538469472,0,0,0,0,0.4,0
scene-1030,21,13,7.546792557488146,2.747142616881793,24.72071418040161,1.3529408280395832,0.20818176749892262,0,0,0,0,0.72,0
scene-1030,22,13,2.012363946415101,1.4185781425128123,6.5634529110254825,0.9724802940736953,0.46039134684190697,0,0,0,0,0.48,0
scene-1030,23,13,18.5158136573875,4.3030005411790855,53.63553170464452,1.835715019445958,1.6234079594150332,0,0,0,0,0.8,1
scene-1030,24,13,6.659954668190498,2.580688797238152,21.83304857432093,1.0834656699834875,0.71774490053363,0,0,0,0,0.52,0
scene-1030,25,13,15.322612909745283,3.9144109275528653,47.091038242520355,1.8482558036721097,1.6481976810616683,0,0,0,0,0.84,1
scene-1031,0,13,0.3653701680052355,0.6044585742672822,1.1663348450356323,0.5073723886839748,0.31512923467859305,0,0,0,0,0.34615384615384615,0
scene-1031,1,13,1.4534276384792448,1.2055818671825007,5.338922553768828,0.6884683426350597,0.2104806124644114,0,0,0,0,0.6538461538461539,0
scene-1031,2,13,0.2731602960672501,0.5226473917157246,0.9311105413397862,0.5687210248079769,0.4508713494623083,0,0,0,0,0.46153846153846156,0
scene-1031,3,13,0.1133678348761733,0.33670140313959684,0.3659465840043871,0.4660394989587099,0.40445623722677526,0,0,0,0,0.3076923076923077,0
scene-1031,4,13,0.18480823547049974,0.42989328381646036,0.622881214081122,0.5287613797482806,0.42433735442104487,0,0,0,0,0.4230769230769231,0
scene-1031,5,13,0.11689869497756995,0.3419045114905183,0.45618716109237556,0.6572469467320656,0.6179633184778074,0,0,0,0,0.5769230769230769,0
scene-1031,6,13,0.1820633758386562,0.42668885131751005,0.7024258543784215,0.5103856104740311,0.4364708445443372,0,0,0,0,0.38461538461538464,0
scene-1031,7,13,0.028938291812644956,0.17011258569736973,0.08730604821105101,0.6742821755550451,0.6671205232177932,0,0,0,0,0.6153846153846154,0
scene-1031,8,13,0.03412162373241521,0.18472039338528706,0.11877292794912574,0.22101998970140832,0.19757967783833283,0,0,0,0,0.038461538461538464,0
scene-1031,9,13,0.012725906792483624,0.11280916094220196,0.03162955970811889,0.19417172516090989,0.1793218015562991,0,0,0,0,0.0,0
scene-1031,10,13,0.2721482681886607,0.5216783186875421,0.8757002606373748,0.3770120460232672,0.21316253448093747,0,0,0,0,0.19230769230769232,0
scene-1031,11,13,0.15952672313444557,0.3994079657874209,0.5188464291302575,0.3425873054067384,0.22502162339124812,0,0,0,0,0.11538461538461539,0
scene-1031,12,13,0.20640378449177443,0.45431683271894563,0.6326521096455756,0.602010648409167,0.5890669711036077,0,0,0,0,0.5384615384615384,0
scene-1031,13,13,0.00900134116109907,0.0948753980813734,0.026986274028721814,0.2898081127930989,0.2824949849214205,0,0,0,0,0.07692307692307693,0
scene-1031,14,13,0.026009444329885955,0.16127443793077054,0.08477989115974253,0.7230788057362003,0.7131923086901458,0,0,0,0,0.6923076923076923,0
scene-1031,15,13,7.236336362724878,2.6900439332332247,23.906204904142992,1.1699386451504028,1.1196401771462048,0,0,0,0,0.8461538461538461,1
scene-1031,16,13,0.0773220217857449,0.2780683760979391,0.21294577822209648,0.397878584902551,0.34734832464583015,0,0,0,0,0.23076923076923078,0
scene-1031,17,13,11.257918818501672,3.355282226356178,41.14571614476355,1.518352172523554,1.3369930504850371,0,0,0,0,0.9230769230769231,1
scene-1031,18,13,12.46212914849186,3.530174096059833,42.03073362041783,1.7229111754584987,1.606757140147552,0,0,0,0,0.9615384615384616,1
scene-1031,19,13,17.95330945643725,4.237134580873877,58.64175334875986,2.32544181684804,2.2492962336016604,0,0,1,1,1.0,1
scene-1031,20,13,1.7008927525987936,1.304182791099006,5.548141070021907,0.9474499823287823,0.9220571952144582,0,0,0,0,0.7692307692307693,0
scene-1031,21,13,7.536893192987361,2.745340269071825,24.562571327294958,1.3101242397875335,1.2317500313455552,0,0,0,0,0.8846153846153846,1
scene-1031,22,13,5.84804306598253,2.418272744332725,19.001022604124362,1.0565660321042631,0.8120520779370572,0,0,0,0,0.8076923076923077,1
scene-1031,23,13,1.718848121391046,1.3110484817088368,6.357738156483654,0.8150376176669168,0.5532557715404164,0,0,0,0,0.7307692307692307,0
scene-1031,24,13,0.2100679895096977,0.4583317461290432,0.6950895138501685,0.37185688172694675,0.2008359536272367,0,0,0,0,0.15384615384615385,0
scene-1031,25,13,0.04346865203240486,0.208491371601812,0.12914816721702527,0.5801352669612203,0.5738889119599918,0,0,0,0,0.5,0
scene-1031,26,13,0.2214598991061486,0.4705952603949052,0.6873048094610525,0.4617682425828646,0.33633393633779823,0,0,0,0,0.2692307692307692,0
scene-1032,0,13,2.6577909270216957,1.6302732675909568,8.967455621301774,0.5512841299211168,0.5512830515861006,0,0,0,0,0.64,0
scene-1032,1,13,2.4023668639053253,1.5499570522776833,7.828402366863904,0.35897834570066345,0.35897834570058035,0,0,0,0,0.36,0
scene-1032,2,13,4.436637080867851,2.106332614016089,15.039940828402367,0.5160292218572095,0.42628590177821185,0,0,0,0,0.6,0
scene-1032,3,13,0.12769230769230763,0.3573406045949825,0.515532544378698,0.09615770041361651,0.034615043146869834,0,0,0,0,0.08,0
scene-1032,4,13,3.453402366863905,1.8583332227735436,11.253328402366865,0.6282062819225419,0.6282040953132132,0,0,0,0,0.68,0
scene-1032,5,13,0.06237672583826429,0.24975332998433533,0.29289940828402367,0.0641040653205618,0.06410274913739084,0,0,0,0,0.04,0
scene-1032,6,13,1.7928442329699823,1.3389713338865707,6.5225451442766005,0.29203872803154957,0.2729200567411258,0,0,0,0,0.28,0
scene-1032,7,13,1.1416420118343196,1.0684764910068538,4.1982248520710055,0.32051483790135227,0.32051258750669237,0,0,0,0,0.32,0
scene-1032,8,13,0.6671597633136095,0.8167984839075116,2.2455621301775137,0.24359207411137324,0.24358977440446863,0,0,0,0,0.24,0
scene-1032,9,13,0.5220315581854044,0.7225175141028792,2.061390532544379,0.22372405732043457,0.028844995041949543,0,0,0,0,0.12,0
scene-1032,10,13,1.0976331360946745,1.0476798824520182,3.994082840236686,0.2243613487751809,0.22436071690465917,0,0,0,0,0.16,0
scene-1032,11,13,0.0,0.0,0.0,2.0128585982840984e-06,2.0128585982840984e-06,0,0,0,0,0.0,0
scene-1032,12,13,1.54543144797207,1.2431538311778112,5.192752898643428,0.4841574189201646,0.47644459701975084,0,0,0,0,0.56,0
scene-1032,13,13,0.7633136094674556,0.8736782070461959,2.995562130177515,0.24038817285414965,0.028850197563878993,0,0,0,0,0.2,0
scene-1032,14,13,1.1868836291913214,1.0894418888547115,4.0673076923076925,0.4346133315292257,0.20477164432783504,0,0,0,0,0.48,0
scene-1032,15,13,1.3130571992110454,1.145887079607343,4.846715976331359,0.429081774443697,0.14362111032747363,0,0,0,0,0.44,0
scene-1032,16,13,0.5317061143984221,0.7291818116206836,2.0421597633136095,0.3604120908444802,0.15306624985283687,0,0,0,0,0.4,0
scene-1032,17,13,0.1543639053254438,0.39289172213912044,0.5014792899408285,0.45691163735067736,0.3635162184185032,0,0,0,0,0.52,0
scene-1032,18,13,15.186637080867849,3.8970036028810453,49.6974852071006,1.7319316085016478,0.364202554452336,0,0,0,0,0.76,0
scene-1032,19,13,4.7098126232741615,2.170210271672808,15.490384615384615,1.6548358723987013,0.7676433357876252,0,0,0,0,0.72,0
scene-1032,20,13,2.2445142998027614,1.4981703173547263,7.861686390532546,2.117409951599024,1.956476766137292,0,0,0,1,0.8,1
scene-1032,21,13,3.327793884091568,1.8242241869056468,9.68019164740198,2.323194332591326,2.003718789261189,0,0,1,1,0.84,1
scene-1032,22,13,3.934171093868276,1.983474500433085,11.676683060628156,2.8121200725649356,2.8021689246450374,0,1,1,1,0.92,1
scene-1032,23,13,9.148473759240465,3.0246444021141503,27.352924399883875,2.715832365730414,2.3644032989120154,0,1,1,1,0.88,1
scene-1032,24,13,7.435984211750578,2.7269001103360164,21.92329386038709,3.6005552133884913,3.3554139558570673,1,1,1,1,1.0,1
scene-1032,25,13,5.363320938799766,2.3158844830430914,16.12164293011366,3.2104918941907226,3.2102877625891586,1,1,1,1,0.96,1
scene-1033,0,13,1.7279210796200497,1.3145041192860711,5.521211523469767,0.856112676688902,0.19407047244342057,0,0,0,0,0.07692307692307693,0
scene-1033,1,13,0.9318785877991363,0.9653385871284419,2.472946804133223,0.8208839636022895,0.45639443192442136,0,0,0,0,0.038461538461538464,0
scene-1033,2,13,0.3505398857534554,0.5920640892280628,1.0835930599119765,0.5852975753758762,0.39125190189981557,0,0,0,0,0.0,0
scene-1033,3,13,0.7751962765290273,0.8804523136030863,2.2739795893496844,0.8700422331646313,0.7383105187900636,0,0,0,0,0.11538461538461539,0
scene-1033,4,13,1.0958273974231325,1.046817747950011,3.0228848399944472,1.884082493481558,1.8061933073360368,0,0,0,0,0.8076923076923077,1
scene-1033,5,13,0.4022279377762818,0.634214425708121,0.9115067633886663,2.417944386495244,2.4101233463141987,0,0,1,1,1.0,1
scene-1033,6,13,0.3082957734014565,0.5552438864152008,0.7930278296448878,2.3493250422665777,2.3452974115023313,0,0,1,1,0.9615384615384616,1
scene-1033,7,13,0.46591357870606437,0.6825786245598849,1.2586789578240836,2.1302471396817593,2.116046892162575,0,0,0,1,0.8846153846153846,1
scene-1033,8,13,4.3438422220753425,2.084188624399275,13.48377148096063,1.8439873060085097,1.4121008357927698,0,0,0,0,0.6153846153846154,0
scene-1033,9,13,7.757233064748512,2.7851809752237844,24.463245581555782,1.8782267590033572,0.21140228445169018,0,0,0,0,0.7692307692307693,0
scene-1033,10,13,2.7434144607163375,1.656325590189422,8.782126154328306,1.2835981920719999,0.6843347892603844,0,0,0,0,0.19230769230769232,0
scene-1033,11,13,6.218506090479361,2.493693263109832,20.66661782890105,1.9397643436509855,1.2255391700037925,0,0,0,0,0.8461538461538461,1
scene-1033,12,13,5.142771692638629,2.2677679979747993,16.500125465733312,1.5969213538381213,0.4182160577051861,0,0,0,0,0.34615384615384615,0
scene-1033,13,13,4.515510131844213,2.1249729720267534,14.66761559617517,1.854445599570849,0.9747425110445708,0,0,0,0,0.6923076923076923,0
scene-1033,14,13,4.4902807449059035,2.1190282548625685,13.804508045298357,1.8037713680977314,0.9795188316226778,0,0,0,0,0.5769230769230769,0
scene-1033,15,13,2.543153282405836,1.594726710883666,7.659654435722315,1.6236530505555176,1.2785702034483706,0,0,0,0,0.38461538461538464,0
scene-1033,16,13,5.258486555408899,2.2931390178985875,15.416841379103964,1.699586293771271,0.44644965941355635,0,0,0,0,0.5,0
scene-1033,17,13,3.0193218149875887,1.7376195829316579,8.54761619782661,1.4585925664495145,0.8950371126629175,0,0,0,0,0.2692307692307692,0
scene-1033,18,13,4.2458626516789115,2.0605491141147088,11.154647824718687,1.5034985867267958,0.49768784134807037,0,0,0,0,0.3076923076923077,0
scene-1033,19,13,4.403040945017491,2.0983424279696323,12.608934182015467,1.871313500953662,1.0787723453239095,0,0,0,0,0.7307692307692307,0
scene-1033,20,13,3.1810430073502083,1.7835478707761696,9.30468823459053,1.6390129720193405,1.3341622551037133,0,0,0,0,0.4230769230769231,0
scene-1033,21,13,2.139157273311906,1.4625858174178723,6.404461405583832,1.847531062590537,1.65085192308345,0,0,0,0,0.6538461538461539,0
scene-1033,22,13,2.2973169781261316,1.5156902645745705,6.347599210520709,1.739267595110742,1.5566016930538484,0,0,0,0,0.5384615384615384,0
scene-1033,23,13,2.6386446109101986,1.6243905352193477,7.088476774999512,1.2137884316240752,0.7052930392313895,0,0,0,0,0.15384615384615385,0
scene-1033,24,13,3.9263003426202903,1.9814894253112456,8.71097069676539,1.68050845948205,0.7588817472348817,0,0,0,0,0.46153846153846156,0
scene-1033,25,13,2.0271564515350744,1.4237824452967083,4.347480951722592,1.3989997512052574,0.9445653216699869,0,0,0,0,0.23076923076923078,0
scene-1033,26,13,2.0122486278365597,1.4185374960982031,4.704364447744469,2.26668431487647,2.003008373285505,0,0,0,1,0.9230769230769231,1
scene-1034,0,13,1.5725019819671548,1.2539944106602527,5.178919310162218,1.018493416904854,0.46403151393361836,0,0,0,0,0.4,0
scene-1034,1,13,0.8932889136547234,0.9451396265392343,2.699305596270136,0.7438209742081169,0.26412278913207393,0,0,0,0,0.12,0
scene-1034,2,13,0.45699075635257635,0.6760109143738556,1.3840677178473986,0.5266277894213263,0.2543243530565816,0,0,0,0,0.0,0
scene-1034,3,13,1.1728894699960348,1.0830002169879906,3.487795741601125,0.7813821138839093,0.303972047232606,0,0,0,0,0.16,0
scene-1034,4,13,0.9779531171628898,0.9889151213136999,3.030970230086841,0.6769666657636846,0.43489934670696934,0,0,0,0,0.08,0
scene-1034,5,13,0.4159121193878382,0.6449124897130138,1.385626657559044,0.9573103417238337,0.8580593381243972,0,0,0,0,0.36,0
scene-1034,6,13,0.49500438828102106,0.7035654825821268,1.5779758107729833,0.5906017390740579,0.32135846662467776,0,0,0,0,0.04,0
scene-1034,7,13,0.5070585605798904,0.7120804453008736,2.1674762151375715,0.809263120079093,0.7423790639373694,0,0,0,0,0.28,0
scene-1034,8,13,0.07667240230783286,0.27689781925438284,0.24390587229353514,0.80373250002251,0.800516943975819,0,0,0,0,0.24,0
scene-1034,9,13,0.13818358473149184,0.37173052703738474,0.43326990478849126,0.7899654220337159,0.7881943307838437,0,0,0,0,0.2,0
scene-1034,10,13,0.7571051137658213,0.8701178734894608,2.18266796378241,0.8869501532696021,0.6762616006115226,0,0,0,0,0.32,0
scene-1034,11,13,3.984496993075226,1.9961204856108326,12.378437100184138,1.362050921787443,0.5908641468383092,0,0,0,0,0.48,0
scene-1034,12,13,1.5565809199359013,1.2476301214446137,5.06312489662679,1.4486677440871827,1.2489253213378417,0,0,0,0,0.56,0
scene-1034,13,13,4.572328138454524,2.1383002919268668,13.785332097146492,2.0448239382937503,1.4026036391764356,0,0,0,0,0.76,0
scene-1034,14,13,4.288378909292319,2.0708401457602466,12.951947742557746,2.414711436583329,1.927277329582383,0,0,1,1,0.88,1
scene-1034,15,13,2.942745082356066,1.715443115453283,7.703770324175305,1.4316477207139373,0.837594576614924,0,0,0,0,0.52,0
scene-1034,16,13,2.6396521497887635,1.6247006338980616,7.05953141573014,1.341213029135095,0.7487698283243476,0,0,0,0,0.44,0
scene-1034,17,13,1.8576669944085389,1.3629625799736906,5.216677068050719,1.8142765510440018,1.6870933361921452,0,0,0,0,0.68,0
scene-1034,18,13,1.2062440213802168,1.0982914100457204,2.7289653566419525,1.5942128134020914,1.3038036938783117,0,0,0,0,0.6,0
scene-1034,19,13,0.13623627871990523,0.3691019895908247,0.45921607106353757,2.0126465411075847,2.0081270397587128,0,0,0,0,0.72,0
scene-1034,20,13,0.3318619506513167,0.5760746051088493,0.9868560022512702,3.0677360454445437,3.0615208621555445,1,1,1,1,0.92,1
scene-1034,21,13,0.291758656434945,0.5401468841296273,0.7740714344406985,3.6706531128081967,3.6670306274970614,1,1,1,1,1.0,1
scene-1034,22,13,7.713582119485129,2.777333634888889,24.94878152216841,3.2657067595637677,2.5060536657385923,1,1,1,1,0.96,1
scene-1034,23,13,1.67681238321913,1.2949179059767186,4.300113211995975,2.229406273511365,2.2209420885323454,0,0,0,1,0.8,1
scene-1034,24,13,7.99916610914678,2.828279708435285,23.468950689064247,2.3354000577854745,1.5869374667368275,0,0,1,1,0.84,1
scene-1034,25,13,6.376551809969803,2.525183520057464,20.099170473878466,1.6499452313345269,0.4998353279183092,0,0,0,0,0.64,0
scene-1035,0,13,3.8992159497515146,1.9746432461970225,12.671957366860758,1.2393255068993763,0.3680582796567151,0,0,0,0,0.12,0
scene-1035,1,13,2.2757803007529778,1.5085689579044697,7.642198134949851,1.2524022526736789,0.7019239076351389,0,0,0,0,0.2,0
scene-1035,2,13,2.756005214636661,1.6601220481147345,8.546607556783854,1.4223498027845416,0.860699360632348,0,0,0,0,0.36,0
scene-1035,3,13,2.339971574677742,1.5296965629423838,6.958809931890024,1.3996640267618012,1.1133879744888702,0,0,0,0,0.32,0
scene-1035,4,13,3.448787588409914,1.8570911631931035,9.832750320329284,1.6072752309853204,1.0815350814411582,0,0,0,0,0.56,0
scene-1035,5,13,3.298509795642223,1.8161800008925941,8.151539847524425,1.430147246249528,0.5640609333063492,0,0,0,0,0.4,0
scene-1035,6,13,15.59526902291806,3.9490845803702483,42.40274960343533,2.515815260934348,1.0493714583335547,0,0,1,1,1.0,1
scene-1035,7,13,9.177871353808674,3.0295001821767027,32.96938997678996,2.211532595423015,1.1850092836054686,0,0,0,1,0.92,1
scene-1035,8,13,2.1347856066610746,1.4610905538881136,5.435947488029755,1.7050330104271225,1.3803191755730637,0,0,0,0,0.68,0
scene-1035,9,13,2.1040778053624423,1.4505439687794515,6.975438802582973,1.69725916571459,1.3581276702327711,0,0,0,0,0.64,0
scene-1035,10,13,2.2020710180333176,1.4839376732306913,6.950958569762742,1.4953693779761392,1.3138103051111598,0,0,0,0,0.44,0
scene-1035,11,13,1.6341210405872773,1.2783274387211117,5.398240222282241,1.7480157488435053,1.5953234185330174,0,0,0,0,0.72,0
scene-1035,12,13,3.131815543195327,1.7696936297549717,9.596121338185306,1.5778753628692748,1.1479219564716068,0,0,0,0,0.52,0
scene-1035,13,13,1.6718993206394892,1.2930194587242256,4.9871370747985955,1.8015709202955748,1.6678860925436894,0,0,0,0,0.76,0
scene-1035,14,13,2.5677561024080977,1.6024219489285891,6.977242480566014,1.8352034392093997,1.7839956737989968,0,0,0,0,0.8,1
scene-1035,15,13,2.0981678421944423,1.4485053821765532,6.037526079325128,1.6776632705789214,1.5734725868704729,0,0,0,0,0.6,0
scene-1035,16,13,4.210760463171625,2.052013758036633,10.858590442733258,1.498101545621815,0.5339941706962482,0,0,0,0,0.48,0
scene-1035,17,13,3.0768324030845284,1.7540901924030385,7.494624024908988,1.359966146059723,0.6184361917577296,0,0,0,0,0.24,0
scene-1035,18,13,5.634738551096187,2.373760424115329,12.857497006787547,2.2041899310841946,1.5263246565874233,0,0,0,1,0.88,1
scene-1035,19,13,4.395509428128125,2.096547025021887,10.42354929216725,2.4492104365726535,1.752516036926458,0,0,1,1,0.96,1
scene-1035,20,13,3.542085441865035,1.8820428905487343,10.176483441682356,1.9703959500750239,1.680877029053059,0,0,0,0,0.84,1
scene-1035,21,13,0.49530970796025636,0.7037824294199567,1.4211994075613608,1.3837967577239554,1.3489859078565878,0,0,0,0,0.28,0
scene-1035,22,13,1.1077439256635762,1.0524941451920653,3.1903535889081565,1.0624888666364893,0.78359999328423,0,0,0,0,0.0,0
scene-1035,23,13,1.6949541671141677,1.301904054496401,5.373968574961712,1.243774292564242,1.2189595621453881,0,0,0,0,0.16,0
scene-1035,24,13,2.3067930731988153,1.5188130474810964,7.707761381805818,1.1132694139891104,0.8907922408637173,0,0,0,0,0.04,0
scene-1035,25,13,2.6705849040730527,1.6341924317757235,8.576635417242814,1.1196699219104713,1.020679458081852,0,0,0,0,0.08,0
scene-1036,0,13,1.6193650464166254,1.272542748365109,4.541728793991876,1.3363126645160788,1.0484629098943115,0,0,0,0,0.12,0
scene-1036,1,13,2.2241620364109154,1.4913624765330913,6.337327099346254,1.1383579692856622,0.5241586530201631,0,0,0,0,0.0,0
scene-1036,2,13,2.725451068113171,1.6508940208605674,7.695307364238415,1.1646728773368766,0.47910824489119824,0,0,0,0,0.04,0
scene-1036,3,13,2.837121819004315,1.6843757950660283,8.035626627197988,1.402036934341273,0.7978838009158276,0,0,0,0,0.2,0
scene-1036,4,13,2.5688092125860496,1.6027505147670518,7.207073721165356,1.7992156476122199,1.6620537314309234,0,0,0,0,0.48,0
scene-1036,5,13,1.669512071160242,1.2920959992044871,4.791552934637815,1.8602322956741741,1.7774943796002478,0,0,0,0,0.6,0
scene-1036,6,13,0.715686749322928,0.8459827121891605,2.212377203730287,2.1175186425069636,2.1104234058551534,0,0,0,1,0.72,0
scene-1036,7,13,1.2085816006922172,1.099355083988889,3.793677782486905,2.2095460759070304,2.2090458221050624,0,0,0,1,0.8,1
scene-1036,8,13,2.396145533537387,1.5479488148958243,7.648961246946461,2.387353553023395,2.38608502336945,0,0,1,1,0.92,1
scene-1036,9,13,6.696705092802905,2.587799275987785,21.46064415862333,2.1109368263722734,1.4191340098594303,0,0,0,1,0.68,0
scene-1036,10,13,4.0535605460786135,2.0133456101918052,12.872524241919612,1.3347551195560619,0.4504689008735004,0,0,0,0,0.08,0
scene-1036,11,13,4.223419457916233,2.0550959729210296,13.551218298442851,1.8582436719836197,1.2545973301721347,0,0,0,0,0.56,0
scene-1036,12,13,4.56171104051895,2.1358162468992856,15.225276308413006,1.6139793195261207,0.758759452772202,0,0,0,0,0.36,0
scene-1036,13,13,3.126906740468886,1.7683061783720844,9.902275771645387,1.3512412219574412,0.5246145891219961,0,0,0,0,0.16,0
scene-1036,14,13,3.785119829726638,1.9455384421097,11.502484713586997,1.5171908117273003,0.5390363291458402,0,0,0,0,0.28,0
scene-1036,15,13,3.2679358405093795,1.807743300501866,9.647792412597,1.7048039132615003,1.2958220963943685,0,0,0,0,0.4,0
scene-1036,16,13,5.115864755196116,2.261827746579327,12.906745471427179,1.8520058993624278,0.7007686945601775,0,0,0,0,0.52,0
scene-1036,17,13,2.351711485145799,1.5335290949785723,6.865392814575547,1.6000689259148044,1.3528897905007693,0,0,0,0,0.32,0
scene-1036,18,13,2.8271350709415537,1.681408656734452,8.177639185253442,2.002678406533794,1.8253398334988715,0,0,0,0,0.64,0
scene-1036,19,13,3.6124643891315436,1.9006484128137806,9.457278066351167,1.7235407754732404,1.3754720608520483,0,0,0,0,0.44,0
scene-1036,20,13,3.7913453898196097,1.9471377428984344,9.009982130019928,1.5118753611390419,0.7910858270352632,0,0,0,0,0.24,0
scene-1036,21,13,6.335636709892782,2.517069071339279,15.235669062716106,2.5471702107804903,1.3553616986969248,0,0,1,1,1.0,1
scene-1036,22,13,3.0714868135258953,1.7525657800852712,8.122946576552575,2.1840154016314703,1.6753575093980742,0,0,0,1,0.76,0
scene-1036,23,13,3.7172804600673772,1.9280250154153542,11.089504244147882,2.3177329230833434,2.097835258422999,0,0,1,1,0.88,1
scene-1036,24,13,1.824156320291154,1.3506133126439832,5.0143340209692475,2.51886177343328,2.451096928617266,0,0,1,1,0.96,1
scene-1036,25,13,3.15594236744891,1.7764972185311494,8.961596067804125,2.2218219839451137,2.031946630611594,0,0,0,1,0.84,1
scene-1037,0,13,0.9580714880892559,0.9788112627515357,3.35189613115723,0.7472298235118852,0.4314203191089789,0,0,0,0,0.52,0
scene-1037,1,13,1.0403903504444554,1.0199952698147454,3.694724552304099,0.6733895401915089,0.32932528618029816,0,0,0,0,0.4,0
scene-1037,2,13,1.3098526444068452,1.1444879398258616,5.039500372452196,0.6232655397098449,0.3312788197619917,0,0,0,0,0.36,0
scene-1037,3,13,1.9891645144340793,1.4103774368707405,7.985526319531434,0.791915502254503,0.5733663377455628,0,0,0,0,0.64,0
scene-1037,4,13,2.4629891028038253,1.5693913160215414,9.98490338728401,0.5911629997347025,0.34227249771708407,0,0,0,0,0.28,0
scene-1037,5,13,0.1366531172813193,0.36966622415541195,0.5118419427714284,0.27660494440141137,0.14058225005543132,0,0,0,0,0.04,0
scene-1037,6,13,0.18344948145117887,0.42831002959442693,0.5951379043269696,0.405885277507355,0.3153131849494844,0,0,0,0,0.12,0
scene-1037,7,13,0.04225927517776248,0.20557060874006886,0.11930680226684612,0.3418133596757924,0.29226182312435733,0,0,0,0,0.08,0
scene-1037,8,13,0.0696183531459259,0.2638529005827412,0.18539725997485604,0.7102745429760792,0.6912533414836922,0,0,0,0,0.44,0
scene-1037,9,13,0.20223907534950658,0.4497099902709596,0.7903801512613414,0.6197529163277793,0.5696789126543077,0,0,0,0,0.32,0
scene-1037,10,13,1.95324285903168,1.3975846518303212,7.416240675177428,0.9849553535486157,0.8537690138730847,0,0,0,0,0.84,1
scene-1037,11,13,0.686879321201662,0.8287818296763401,2.7808200209378793,0.7877572803996428,0.6472738789990178,0,0,0,0,0.6,0
scene-1037,12,13,0.4257533299460734,0.6524977624069476,1.5465760496892131,0.8948499379934852,0.7361742688551197,0,0,0,0,0.8,1
scene-1037,13,13,0.09540396229356074,0.3088753183625405,0.3138411131828269,0.417909776477198,0.3723761060808571,0,0,0,0,0.16,0
scene-1037,14,13,0.3800787331370487,0.616505257996271,1.4317827094894833,0.8622928000867163,0.7671411728630028,0,0,0,0,0.68,0
scene-1037,15,13,0.19230546119433192,0.43852646578551213,0.6418785749078849,0.8767796018660015,0.8486867576655696,0,0,0,0,0.72,0
scene-1037,16,13,0.2464950087465437,0.4964826369033903,0.7722857466054533,0.8798333382249742,0.8473620159163597,0,0,0,0,0.76,0
scene-1037,17,13,0.25689728356497826,0.5068503561851153,0.6347480553688606,0.48989103513919274,0.3902307862451814,0,0,0,0,0.2,0
scene-1037,18,13,0.71394522079896,0.8449527920534732,2.2056824495128233,0.7385352264861219,0.6209098956787623,0,0,0,0,0.48,0
scene-1037,19,13,1.6346421581064121,1.278531250344086,5.336914639239757,0.7593855520301803,0.5443612058940488,0,0,0,0,0.56,0
scene-1037,20,13,2.978538290818514,1.7258442255367412,9.780767091525513,1.106406032787722,0.2958433524943455,0,0,0,0,0.88,1
scene-1037,21,13,2.9699038151177084,1.723340887670721,9.651892129589159,1.3379554547945571,1.0898291403685565,0,0,0,0,0.92,1
scene-1037,22,13,3.423724777613367,1.8503309913670491,10.843694522005649,1.5403333364267766,1.3784923497867554,0,0,0,0,0.96,1
scene-1037,23,13,3.4415538415825515,1.8551425394245455,10.827062274736189,1.6881941309953374,1.6303484517308267,0,0,0,0,1.0,1
scene-1037,24,13,0.017291074814515486,0.1314955315382066,0.053489248430123704,0.2675886572099576,0.25177336812063805,0,0,0,0,0.0,0
scene-1037,25,13,0.07203643119049168,0.26839603423018693,0.25062081562391064,0.5360956405173024,0.4986870530397889,0,0,0,0,0.24,0
scene-1038,0,13,1.549003602276794,1.2445897325130053,5.043584903102549,2.8922136585460567,2.8845397190785014,0,1,1,1,0.88,1
scene-1038,1,13,2.3775457327703857,1.5419292243064808,6.612198098236301,3.1522889516979316,3.150783956647118,1,1,1,1,0.96,1
scene-1038,2,13,6.999702402679991,2.645695069859713,22.9805155097532,2.9271794224186616,2.5027025752589798,0,1,1,1,0.92,1
scene-1038,3,13,8.2333747339786,2.8693857764299664,23.28039598396153,3.1948310917804212,2.842378351452094,1,1,1,1,1.0,1
scene-1038,4,13,5.245288152108751,2.2902594071652125,14.834093566493646,1.9183376652977213,1.4758979386555604,0,0,0,0,0.84,1
scene-1038,5,13,0.6988134595224227,0.8359506322280178,1.8405998675707311,1.8345101632071006,1.8200607923287422,0,0,0,0,0.8,1
scene-1038,6,13,2.665718692639962,1.6327028794731642,8.260019874973473,1.1686512892950611,0.26263551639366717,0,0,0,0,0.72,0
scene-1038,7,13,1.2096162672055824,1.0998255621713755,3.6220437253998203,0.8640699500858825,0.39462452383456875,0,0,0,0,0.64,0
scene-1038,8,13,1.7046229415785212,1.305612094604872,5.999431157163768,1.2020106353360094,0.9734900612599233,0,0,0,0,0.76,0
scene-1038,9,13,0.7205638417850785,0.8488603193606581,2.4769105627357937,0.6021212037381581,0.23808695799894095,0,0,0,0,0.4,0
scene-1038,10,13,0.757132429192651,0.8701335697423994,2.696098132059814,0.5404012890337249,0.29426640615907956,0,0,0,0,0.28,0
scene-1038,11,13,0.22730864993858266,0.4767689691439478,0.6757999460096978,0.369614454263796,0.20673150185769873,0,0,0,0,0.04,0
scene-1038,12,13,0.42200090603793666,0.6496159681211174,1.3143941134105686,0.47099354361887474,0.24431633385865367,0,0,0,0,0.08,0
scene-1038,13,13,0.47487375037225243,0.6891108404112161,1.776639332951087,0.5316797698572105,0.3639380999955993,0,0,0,0,0.24,0
scene-1038,14,13,0.10668297046834013,0.32662359141424574,0.3424778256352908,0.3667324602337905,0.30228718511470465,0,0,0,0,0.0,0
scene-1038,15,13,1.3955969760439622,1.1813538741816367,5.565226880318065,0.6011298535471444,0.26711892877551174,0,0,0,0,0.36,0
scene-1038,16,13,0.665746370889583,0.8159328225347863,2.5066147522372364,0.4846909749199815,0.11100791253446668,0,0,0,0,0.12,0
scene-1038,17,13,1.6528600530613942,1.2856360500006967,6.108919031195918,0.6380230741320718,0.19134652407869213,0,0,0,0,0.44,0
scene-1038,18,13,1.1814095527750637,1.086926654735757,4.899617271457826,0.5294903135747312,0.26535978328657384,0,0,0,0,0.2,0
scene-1038,19,13,0.33950987927956905,0.5826747628648156,1.2605395468611107,0.49856142441153917,0.3901161190574145,0,0,0,0,0.16,0
scene-1038,20,13,3.1317115618082885,1.7696642511528249,12.585835353535504,0.7510946786380479,0.3736175624734819,0,0,0,0,0.6,0
scene-1038,21,13,0.9583427315488265,0.9789498105361819,3.5729460353859213,0.5866332725949304,0.1358192641439199,0,0,0,0,0.32,0
scene-1038,22,13,0.26011000775861176,0.5100098114336741,1.0676614006851557,0.654384902753858,0.5687322678177823,0,0,0,0,0.48,0
scene-1038,23,13,0.2037899075309683,0.45143095544165807,0.7755188675273232,0.687005330742495,0.6228507384519141,0,0,0,0,0.56,0
scene-1038,24,13,0.6583446223095022,0.8113843862864889,2.337496307297307,0.6650982602779393,0.38416442643051246,0,0,0,0,0.52,0
scene-1038,25,13,1.6098242287835216,1.2687884885919802,6.51964535472483,0.9916741737002771,0.795139486466279,0,0,0,0,0.68,0
scene-1039,0,13,2.143157858044854,1.463952819610268,5.800957958038079,1.2118821807247213,0.9567461621699357,0,0,0,0,0.32,0
scene-1039,1,13,2.548400442143482,1.5963710227085313,7.406681205966421,1.072235323954885,0.27283143469176857,0,0,0,0,0.12,0
scene-1039,2,13,2.729035855154837,1.6519793749181122,7.6669531978466745,1.173377756223432,0.571135678178725,0,0,0,0,0.2,0
scene-1039,3,13,0.9922712197520879,0.996128114125933,2.6692269690858756,1.155336036984264,1.0902296428915805,0,0,0,0,0.16,0
scene-1039,4,13,7.14774551555649,2.673526793498896,17.726555147703273,1.8151748070920388,0.6810118257518895,0,0,0,0,0.64,0
scene-1039,5,13,5.580570347089353,2.3623230827067987,17.21647208388827,1.6430763188852329,0.30699317946151816,0,0,0,0,0.56,0
scene-1039,6,13,5.314955970503022,2.3054188275675687,15.424860407045616,1.606658663254218,0.3683471085923567,0,0,0,0,0.52,0
scene-1039,7,13,2.861790004854487,1.6916825957769048,8.118861635274847,1.1995851688772232,0.318877708346971,0,0,0,0,0.28,0
scene-1039,8,13,3.6064809124660306,1.8990736985346384,10.997228755880496,1.265087295038119,0.14502947059942942,0,0,0,0,0.4,0
scene-1039,9,13,3.375761892606652,1.8373246562887713,9.550096355772386,1.2340005519406674,0.20055816259471784,0,0,0,0,0.36,0
scene-1039,10,13,2.591712481536241,1.6098796481526938,6.91171515142805,1.1872453035537913,0.4656164252771962,0,0,0,0,0.24,0
scene-1039,11,13,2.1312410336870022,1.4598770611551517,6.459728362098567,1.3344647530282123,0.8191563432120167,0,0,0,0,0.44,0
scene-1039,12,13,2.383679977153466,1.5439170888209852,6.710617470160857,1.807158197931309,1.3077374528152712,0,0,0,0,0.6,0
scene-1039,13,13,2.4618927436130162,1.5690419827439341,7.3813704303806045,2.2139445313687243,1.8081334088808747,0,0,0,1,0.8,1
scene-1039,14,13,1.5422092756733063,1.2418571881151659,4.683613005100336,2.2867770253569972,2.1043079079575926,0,0,0,1,0.88,1
scene-1039,15,13,0.788196048242158,0.8878040595999537,2.5902343387423485,2.2254719835556664,2.178326780202227,0,0,0,1,0.84,1
scene-1039,16,13,1.5047214892960667,1.2266708968978055,5.245408025104651,2.0553928240238353,1.9612675240447726,0,0,0,0,0.68,0
scene-1039,17,13,1.4731287902291532,1.2137251707982137,5.287185133298038,2.0781768687809463,1.945137211854415,0,0,0,0,0.72,0
scene-1039,18,13,0.9906586937276621,0.9953183881189286,2.97062114394547,2.8355292307981594,2.784019862179967,0,1,1,1,0.96,1
scene-1039,19,13,2.7691181779071834,1.6640667588492908,8.06339284380082,3.226264528768319,3.138798496539805,1,1,1,1,1.0,1
scene-1039,20,13,2.959379248559658,1.7202846417263795,10.181292460460941,2.7528962323602504,2.5763157941915558,0,1,1,1,0.92,1
scene-1039,21,13,2.31909620129028,1.5228579058107423,7.637132477064925,2.1219702492452788,2.007372822215267,0,0,0,1,0.76,0
scene-1039,22,13,3.488320732907811,1.8677046696166424,12.370074864401305,1.362604422111993,0.6758880034580573,0,0,0,0,0.48,0
scene-1039,23,13,0.8512642256564608,0.9226398136090057,2.808356082061707,0.8925036444780786,0.6961399010742361,0,0,0,0,0.08,0
scene-1039,24,13,0.9942842949038315,0.9971380520789644,2.996713221221162,0.8112462844937227,0.3239703709938542,0,0,0,0,0.04,0
scene-1039,25,13,0.5135238905879017,0.7166058125552023,1.3263798201213521,0.6779266201911424,0.5435624203701035,0,0,0,0,0.0,0
scene-1040,0,13,1.3722033050238414,1.1714108182118865,4.289179274368289,1.0766835594173796,0.6934014903392843,0,0,0,0,0.32,0
scene-1040,1,13,2.1207277042963617,1.456271851096615,5.76489620687584,1.1587818688634852,0.5580384044174198,0,0,0,0,0.36,0
scene-1040,2,13,0.6775420458487366,0.8231294222956294,1.578114908366754,0.9857479784765205,0.9302227524752779,0,0,0,0,0.24,0
scene-1040,3,13,1.5337218531250525,1.2384352438157809,4.565164991634242,0.8761410795112171,0.5223119416654273,0,0,0,0,0.12,0
scene-1040,4,13,0.9343538039242926,0.9666197825020407,2.7586335810364386,0.998361169047939,0.8591832788759856,0,0,0,0,0.28,0
scene-1040,5,13,2.1545967812901186,1.4678544823279038,7.677245257446665,1.4950718585255522,1.2377789425289059,0,0,0,0,0.52,0
scene-1040,6,13,1.80446980652967,1.3433055521844872,5.289931301205367,1.5423900648917206,1.341437220028953,0,0,0,0,0.56,0
scene-1040,7,13,4.239592585982167,2.0590270969518993,13.017130423508137,1.8514190636163985,1.2553182506725404,0,0,0,0,0.64,0
scene-1040,8,13,5.360856206215195,2.315352285552934,15.941180148783248,2.057677518042344,1.4638976759948303,0,0,0,0,0.76,0
scene-1040,9,13,4.088751782430321,2.0220662161339624,12.242124654075305,1.9865259403592976,1.5573592938524126,0,0,0,0,0.72,0
scene-1040,10,13,4.312658096511955,2.0766940305475803,12.382289911363001,2.4793878511761713,2.162418301922448,0,0,1,1,1.0,1
scene-1040,11,13,5.112602982627451,2.2611065836504594,13.973438867319588,2.2377326867708813,2.0610693591843385,0,0,0,1,0.92,1
scene-1040,12,13,5.26138513735613,2.2937709426523236,14.731919950434566,2.0813492262515783,1.5979304589441836,0,0,0,0,0.8,1
scene-1040,13,13,6.40715003967379,2.5312348843348755,16.16677751634991,2.29752960899128,1.8770718549593297,0,0,1,1,0.96,1
scene-1040,14,13,6.128947745474389,2.4756711707079333,14.483763756426782,2.122034680673757,1.6939475474915018,0,0,0,1,0.84,1
scene-1040,15,13,7.767094643671338,2.7869507788390053,18.718536796277416,2.162505565674624,1.688530304371011,0,0,0,1,0.88,1
scene-1040,16,13,6.328775029363491,2.515705672244567,14.201400476606162,1.943130300777533,1.7641059391670375,0,0,0,0,0.68,0
scene-1040,17,13,7.353185052716629,2.7116756909181876,17.9180437235684,1.8136077533067594,1.2558692355001886,0,0,0,0,0.6,0
scene-1040,18,13,2.111061286444772,1.4529491685688016,4.468427096215416,0.93219763071313,0.6080197629635734,0,0,0,0,0.2,0
scene-1040,19,13,3.317983445943659,1.8215332678662937,6.499562545648174,1.3260248111367285,0.8949376399317153,0,0,0,0,0.44,0
scene-1040,20,13,3.6432716256683393,1.9087356091581513,7.446979881581938,1.473740058037774,1.1062046233474414,0,0,0,0,0.48,0
scene-1040,21,13,1.8565940336285796,1.362568909680747,4.310591234935117,0.8651339245350482,0.7141469268909709,0,0,0,0,0.08,0
scene-1040,22,13,0.9058775911124936,0.9517760194039844,1.5022447562819654,0.7403085507157273,0.5369444723836785,0,0,0,0,0.0,0
scene-1040,23,13,1.0581776552015372,1.0286776245265263,2.3125991597959827,0.7599719782655617,0.4413291465593691,0,0,0,0,0.04,0
scene-1040,24,13,0.5424703067337006,0.7365258357543886,1.19142981588114,0.8817290869825948,0.6782883752577827,0,0,0,0,0.16,0
scene-1040,25,13,0.2949462008101202,0.5430894961331145,0.61833639666024,1.2733702823052686,1.1949220086325323,0,0,0,0,0.4,0
scene-1041,0,13,3.6541128997523926,1.9115734094594412,11.293105395787888,1.2423166288827376,0.37683180132031024,0,0,0,0,0.08,0
scene-1041,1,13,9.308108919387754,3.0509193564215615,28.01493148476611,1.7109991955380548,1.0037651755984898,0,0,0,0,0.32,0
scene-1041,2,13,1.0005547241016501,1.0002773235966365,3.5270920573046203,0.7874427465195187,0.47341808737455154,0,0,0,0,0.0,0
scene-1041,3,13,7.146962066388468,2.6733802696938698,22.360329284906022,1.8388116219833122,0.24123907902891342,0,0,0,0,0.36,0
scene-1041,4,13,12.826207076983053,3.5813694415660406,39.67454570767446,2.468950054189722,0.9625216384055438,0,0,1,1,0.64,0
scene-1041,5,13,9.337512384863347,3.0557343446156024,27.7098569357702,1.9414258993539493,0.4314131236864765,0,0,0,0,0.4,0
scene-1041,6,13,9.387124913677974,3.063841528812803,29.019516699518483,2.2931851663487874,0.4618523202724771,0,0,0,1,0.56,0
scene-1041,7,13,8.177948441738401,2.8597112514620076,24.965665218824405,2.6027844016181314,1.4972133598949886,0,1,1,1,0.76,0
scene-1041,8,13,7.200266733274717,2.683331275350607,20.39585003130992,2.516342378064619,1.8384347515754704,0,0,1,1,0.68,0
scene-1041,9,13,8.361814964270371,2.891680301186556,24.030501924038067,2.5786479456646823,1.8458517323135368,0,1,1,1,0.72,0
scene-1041,10,13,10.795423319302989,3.2856389514526683,28.75559942507173,2.9571660073957093,2.495727612891902,0,1,1,1,0.96,1
scene-1041,11,13,11.47206779222906,3.3870441083973293,28.22616171380346,2.726715130192044,2.323451657326196,0,1,1,1,0.84,1
scene-1041,12,13,10.670149195612375,3.266519431384478,27.25547069688736,2.282077081005649,1.8025451320170645,0,0,0,1,0.52,0
scene-1041,13,13,10.922172992500435,3.3048711007390947,24.78557277434826,2.1657710046660807,1.4827722174824771,0,0,0,1,0.48,0
scene-1041,14,13,10.196859411120348,3.193252168420206,25.136494124251858,1.6970115506983645,1.1479169226895627,0,0,0,0,0.28,0
scene-1041,15,13,3.70152204642549,1.9239340026169012,8.004344171195747,1.4420104979887216,1.2994105383851988,0,0,0,0,0.2,0
scene-1041,16,13,4.962917241592771,2.22776058893068,11.53104268613187,1.4607180469518588,1.1680603518101573,0,0,0,0,0.24,0
scene-1041,17,13,3.6351225553278526,1.9065997365277938,7.767855540907452,1.3437692142492574,0.8034369357020098,0,0,0,0,0.16,0
scene-1041,18,13,2.2423887631086905,1.4974607718096293,5.303184626059801,1.1623346399132912,0.47682499603113593,0,0,0,0,0.04,0
scene-1041,19,13,1.2915357119216864,1.1364575275485163,2.723784669539415,1.3340592749491722,0.9454341476185122,0,0,0,0,0.12,0
scene-1041,20,13,0.7697100868126777,0.8773312298172667,1.776385045097346,2.0480405157984185,1.9449267348896608,0,0,0,0,0.44,0
scene-1041,21,13,0.9992322338592879,0.9996160432182388,2.777011234732448,2.6139259629051543,2.606946591720188,0,1,1,1,0.8,1
scene-1041,22,13,4.128526114856011,2.03187748519836,12.635655789875454,2.970435155854886,2.7925239553728534,0,1,1,1,1.0,1
scene-1041,23,13,7.946183965407805,2.818897650750698,23.028641116430915,2.8645921973707327,2.393840279398452,0,1,1,1,0.88,1
scene-1041,24,13,5.987891314287206,2.4470168193715396,16.423596768330672,2.4318016348681932,2.139716889959899,0,0,1,1,0.6,0
scene-1041,25,13,5.9099411606783905,2.4310370545671223,16.656259939782316,2.883446381619985,2.5440511851185548,0,1,1,1,0.92,1
scene-1042,0,13,1.0862571074637666,1.042236589006434,2.833392913590906,1.5756318010607164,1.4811834105317974,0,0,0,0,0.28,0
scene-1042,1,13,1.4143565447437219,1.1892672301647438,4.094705614499204,1.2116000067586692,1.0554706620051038,0,0,0,0,0.2,0
scene-1042,2,13,0.3355683568623273,0.5792826226138044,1.02473494952943,1.130235149703051,1.0593371590759177,0,0,0,0,0.08,0
scene-1042,3,13,3.4774209659656914,1.8647844288189699,10.492508311680183,1.813248053665693,1.3368469778683048,0,0,0,0,0.56,0
scene-1042,4,13,1.1906751526778991,1.0911806233057382,4.34472448944744,1.9445717707492243,1.7610882076988486,0,0,0,0,0.72,0
scene-1042,5,13,0.5768302402254463,0.7594934102580787,1.9802990708333004,2.284832204442396,2.213876035757665,0,0,0,1,0.88,1
scene-1042,6,13,1.5581564486239599,1.2482613703163132,4.913563721104195,2.3190300309873284,2.1707144608584574,0,0,1,1,0.92,1
scene-1042,7,13,0.7154959981180925,0.8458699652535799,2.545186492922976,1.613894665008078,1.5936945749040594,0,0,0,0,0.32,0
scene-1042,8,13,4.001023322492266,2.0002558142628324,13.909566893875636,1.730178544075464,1.571558487142849,0,0,0,0,0.4,0
scene-1042,9,13,1.5698981981609688,1.2529557845993484,5.359199843845981,1.175234545883273,1.0402036746910281,0,0,0,0,0.16,0
scene-1042,10,13,0.7579550381779597,0.8706061326328685,2.577233308062858,0.9583340641942003,0.7858338733522275,0,0,0,0,0.04,0
scene-1042,11,13,0.368584082941167,0.607111260759646,1.1806486933946065,1.233494103480856,1.1660756582345082,0,0,0,0,0.24,0
scene-1042,12,13,0.3903306615460467,0.6247644848629335,1.2792260856033963,1.7799342942810232,1.761802701935821,0,0,0,0,0.44,0
scene-1042,13,13,0.2595400286847415,0.50945071271394,0.9730969286896035,2.0995789261246207,2.0911560583276727,0,0,0,1,0.84,1
scene-1042,14,13,2.2975921030618607,1.5157810208146363,8.60721595475987,2.4431763493564804,2.269381612083365,0,0,1,1,0.96,1
scene-1042,15,13,2.79238622137742,1.67104345286932,9.662047607765079,2.090001257481326,1.9146509901506341,0,0,0,0,0.8,1
scene-1042,16,13,3.683161089814727,1.9191563484548952,13.02911287256211,1.7901113618391116,1.4985893686827838,0,0,0,0,0.48,0
scene-1042,17,13,3.2187783239242598,1.7940954054688005,11.81762638128899,1.87172018985168,1.4233438757379107,0,0,0,0,0.68,0
scene-1042,18,13,1.7796951257428983,1.334052145061391,5.665249287643437,1.6451131052760686,1.3441962547639579,0,0,0,0,0.36,0
scene-1042,19,13,2.690771581049276,1.6403571504551306,8.939712936910333,1.836437001573597,1.5437946578993662,0,0,0,0,0.6,0
scene-1042,20,13,2.561428779687594,1.6004464313708202,8.25622982528657,1.9872016896927083,1.8668568931578502,0,0,0,0,0.76,0
scene-1042,21,13,1.7673322953680544,1.3294105067164372,6.114623510276625,1.8561682000357036,1.6926512421464885,0,0,0,0,0.64,0
scene-1042,22,13,2.3937935703542674,1.5471889252299693,7.913100199159236,2.614676506452083,2.4435291061201414,0,1,1,1,1.0,1
scene-1042,23,13,1.7641550673605912,1.3282149928985862,6.251931429305508,1.807040909182131,1.5732907547887673,0,0,0,0,0.52,0
scene-1042,24,13,0.6859026853114581,0.828192420462454,2.19775845643932,1.146381879487543,1.0938629846929337,0,0,0,0,0.12,0
scene-1042,25,13,0.8866446831850526,0.9416181196138128,2.9736652656371985,0.6735545876432284,0.30017917050932225,0,0,0,0,0.0,0
scene-1043,0,13,1.7970892592970682,1.3405555785930952,4.122393832245001,1.82440978048804,1.4355957440978717,0,0,0,0,0.88,1
scene-1043,1,13,0.5986950769449108,0.7737538865459164,1.5821293718583826,1.778362831311249,1.6818213417974046,0,0,0,0,0.8,1
scene-1043,2,13,1.0668186496871719,1.0328691348313066,3.0251850936172633,2.1026541188676684,2.021700491149291,0,0,0,1,1.0,1
scene-1043,3,13,1.1983807648074323,1.0947057891540686,3.567023659069153,1.8133950699883363,1.6659335007552325,0,0,0,0,0.84,1
scene-1043,4,13,1.3688796016925633,1.169991282742125,3.9036980530956864,1.322756305560649,1.2426391548160438,0,0,0,0,0.44,0
scene-1043,5,13,3.18800979544174,1.7854998727084077,10.21950496888863,1.2077729245601,0.4717425261874118,0,0,0,0,0.32,0
scene-1043,6,13,1.077588528005136,1.0380696161650893,3.374953708135569,0.8369006689372397,0.3151321367091849,0,0,0,0,0.12,0
scene-1043,7,13,0.39943185670254056,0.6320062157151151,1.4084777407537261,0.8013766120165319,0.6824105985023475,0,0,0,0,0.0,0
scene-1043,8,13,1.7084448152874463,1.3070749080628266,5.470851996640941,0.8359201613513216,0.43757077819698303,0,0,0,0,0.08,0
scene-1043,9,13,2.0799495034992876,1.4422030035675586,6.35901476485263,1.059021964094615,0.4845017460699957,0,0,0,0,0.2,0
scene-1043,10,13,1.3534468557969734,1.1633773488412835,4.244870400069416,0.80970536915441,0.6587070241634837,0,0,0,0,0.04,0
scene-1043,11,13,0.7594821327632708,0.8714827208632829,2.1724081193942393,1.1554451310357485,0.9774893333443361,0,0,0,0,0.24,0
scene-1043,12,13,1.194314955262466,1.0928471783659717,3.630970284697204,1.4106627955427056,1.3100602086448754,0,0,0,0,0.56,0
scene-1043,13,13,0.1469495760599108,0.3833400266863751,0.5096535488021954,1.4535338910674347,1.4418935867382154,0,0,0,0,0.68,0
scene-1043,14,13,0.27042820779317744,0.5200271221707359,0.8028513797861947,1.9304963260261174,1.9237520685554028,0,0,0,0,0.96,1
scene-1043,15,13,1.222093298212143,1.1054832871699793,3.8117336766245624,1.8648889310987937,1.8323957961590196,0,0,0,0,0.92,1
scene-1043,16,13,2.7662240301396355,1.6631969306548264,8.617084594674937,1.713998647222245,1.5703282764088338,0,0,0,0,0.76,0
scene-1043,17,13,2.3379362770299204,1.5290311563306747,7.341193243950211,1.3055188451856692,0.8239858070521932,0,0,0,0,0.4,0
scene-1043,18,13,3.3322836909277953,1.8254543793060936,10.363955355067608,1.413941903763709,0.8082599360310304,0,0,0,0,0.6,0
scene-1043,19,13,4.086821062234858,2.021588747058822,12.296432363389894,1.5846583851163243,0.8448094655266787,0,0,0,0,0.72,0
scene-1043,20,13,2.9759286736033865,1.7250880190887032,8.71849485610023,1.3474013214160665,0.7865624659391491,0,0,0,0,0.48,0
scene-1043,21,13,3.472414936926094,1.8634416913137084,10.698427399325597,1.4171098368944912,0.42079979086974717,0,0,0,0,0.64,0
scene-1043,22,13,3.1234152478544748,1.7673186605291291,8.734870401384207,1.3714847584239094,0.5339522426311779,0,0,0,0,0.52,0
scene-1043,23,13,1.9773734909354268,1.4061911288780864,5.499855894401474,1.1564690911587088,0.6371762083185916,0,0,0,0,0.28,0
scene-1043,24,13,2.038355865071262,1.4277100073443703,6.301266292388219,0.9769209281225967,0.19145824543451476,0,0,0,0,0.16,0
scene-1043,25,13,1.642200625744876,1.2814837594542023,4.402515023322876,1.2896090396830533,1.1174126243119582,0,0,0,0,0.36,0
